[
	{
		"gameId": "400934572",
		"year": 2017,
		"week": 15,
		"homeId": "2426",
		"homeTeam": "Navy",
		"homeAbbr": "NAVY",
		"awayId": "349",
		"awayTeam": "Army",
		"awayAbbr": "ARMY",
		"driveIndex": "0",
		"playIndex": "0",
		"offenseId": "2426",
		"offenseTeam": "Navy",
		"offenseAbbr": "NAVY",
		"defenseId": "349",
		"defenseTeam": "Army",
		"defenseAbbr": "ARMY",
		"homeScore": 0,
		"awayScore": 0,
		"isScore": false,
		"quarter": 1,
		"clock": "15:00",
		"type": "Kickoff",
		"down": 1,
		"distance": 10,
		"yardLine": 35,
		"yardsGained": 13,
		"endYardLine": 68,
		"description": "Bennett Moehring kickoff for 46 yds , John Trainor return for 13 yds to the Army 32"
	},
	{
		"gameId": "400934572",
		"year": 2017,
		"week": 15,
		"homeId": "2426",
		"homeTeam": "Navy",
		"homeAbbr": "NAVY",
		"awayId": "349",
		"awayTeam": "Army",
		"awayAbbr": "ARMY",
		"driveIndex": "0",
		"playIndex": "1",
		"offenseId": "349",
		"offenseTeam": "Army",
		"offenseAbbr": "ARMY",
		"defenseId": "2426",
		"defenseTeam": "Navy",
		"defenseAbbr": "NAVY",
		"homeScore": 0,
		"awayScore": 0,
		"isScore": false,
		"quarter": 1,
		"clock": "14:55",
		"type": "Rush",
		"down": 1,
		"distance": 10,
		"yardLine": 68,
		"yardsGained": 6,
		"endYardLine": 62,
		"description": "Darnell Woolfolk run for 6 yds to the Army 38"
	},
	{
		"gameId": "400934572",
		"year": 2017,
		"week": 15,
		"homeId": "2426",
		"homeTeam": "Navy",
		"homeAbbr": "NAVY",
		"awayId": "349",
		"awayTeam": "Army",
		"awayAbbr": "ARMY",
		"driveIndex": "0",
		"playIndex": "2",
		"offenseId": "349",
		"offenseTeam": "Army",
		"offenseAbbr": "ARMY",
		"defenseId": "2426",
		"defenseTeam": "Navy",
		"defenseAbbr": "NAVY",
		"homeScore": 0,
		"awayScore": 0,
		"isScore": false,
		"quarter": 1,
		"clock": "14:07",
		"type": "Rush",
		"down": 2,
		"distance": 4,
		"yardLine": 62,
		"yardsGained": 2,
		"endYardLine": 60,
		"description": "Ahmad Bradshaw run for 2 yds to the Army 40"
	},
	{
		"gameId": "400934572",
		"year": 2017,
		"week": 15,
		"homeId": "2426",
		"homeTeam": "Navy",
		"homeAbbr": "NAVY",
		"awayId": "349",
		"awayTeam": "Army",
		"awayAbbr": "ARMY",
		"driveIndex": "0",
		"playIndex": "3",
		"offenseId": "349",
		"offenseTeam": "Army",
		"offenseAbbr": "ARMY",
		"defenseId": "2426",
		"defenseTeam": "Navy",
		"defenseAbbr": "NAVY",
		"homeScore": 0,
		"awayScore": 0,
		"isScore": false,
		"quarter": 1,
		"clock": "13:25",
		"type": "Rush",
		"down": 3,
		"distance": 2,
		"yardLine": 60,
		"yardsGained": 2,
		"endYardLine": 58,
		"description": "Ahmad Bradshaw run for 2 yds to the Army 42 for a 1ST down"
	},
	{
		"gameId": "400934572",
		"year": 2017,
		"week": 15,
		"homeId": "2426",
		"homeTeam": "Navy",
		"homeAbbr": "NAVY",
		"awayId": "349",
		"awayTeam": "Army",
		"awayAbbr": "ARMY",
		"driveIndex": "0",
		"playIndex": "4",
		"offenseId": "349",
		"offenseTeam": "Army",
		"offenseAbbr": "ARMY",
		"defenseId": "2426",
		"defenseTeam": "Navy",
		"defenseAbbr": "NAVY",
		"homeScore": 0,
		"awayScore": 0,
		"isScore": false,
		"quarter": 1,
		"clock": "12:46",
		"type": "Rush",
		"down": 1,
		"distance": 10,
		"yardLine": 58,
		"yardsGained": 33,
		"endYardLine": 25,
		"description": "Kell Walker run for 33 yds to the Navy 25 for a 1ST down"
	},
	{
		"gameId": "400934572",
		"year": 2017,
		"week": 15,
		"homeId": "2426",
		"homeTeam": "Navy",
		"homeAbbr": "NAVY",
		"awayId": "349",
		"awayTeam": "Army",
		"awayAbbr": "ARMY",
		"driveIndex": "0",
		"playIndex": "5",
		"offenseId": "349",
		"offenseTeam": "Army",
		"offenseAbbr": "ARMY",
		"defenseId": "2426",
		"defenseTeam": "Navy",
		"defenseAbbr": "NAVY",
		"homeScore": 0,
		"awayScore": 0,
		"isScore": false,
		"quarter": 1,
		"clock": "12:09",
		"type": "Rush",
		"down": 1,
		"distance": 10,
		"yardLine": 25,
		"yardsGained": 5,
		"endYardLine": 20,
		"description": "Ahmad Bradshaw run for 5 yds to the Navy 20"
	},
	{
		"gameId": "400934572",
		"year": 2017,
		"week": 15,
		"homeId": "2426",
		"homeTeam": "Navy",
		"homeAbbr": "NAVY",
		"awayId": "349",
		"awayTeam": "Army",
		"awayAbbr": "ARMY",
		"driveIndex": "0",
		"playIndex": "6",
		"offenseId": "349",
		"offenseTeam": "Army",
		"offenseAbbr": "ARMY",
		"defenseId": "2426",
		"defenseTeam": "Navy",
		"defenseAbbr": "NAVY",
		"homeScore": 0,
		"awayScore": 0,
		"isScore": false,
		"quarter": 1,
		"clock": "11:37",
		"type": "Rush",
		"down": 2,
		"distance": 5,
		"yardLine": 20,
		"yardsGained": 6,
		"endYardLine": 14,
		"description": "Darnell Woolfolk run for 6 yds to the Navy 14 for a 1ST down"
	},
	{
		"gameId": "400934572",
		"year": 2017,
		"week": 15,
		"homeId": "2426",
		"homeTeam": "Navy",
		"homeAbbr": "NAVY",
		"awayId": "349",
		"awayTeam": "Army",
		"awayAbbr": "ARMY",
		"driveIndex": "0",
		"playIndex": "7",
		"offenseId": "349",
		"offenseTeam": "Army",
		"offenseAbbr": "ARMY",
		"defenseId": "2426",
		"defenseTeam": "Navy",
		"defenseAbbr": "NAVY",
		"homeScore": 0,
		"awayScore": 0,
		"isScore": false,
		"quarter": 1,
		"clock": "10:58",
		"type": "Rush",
		"down": 1,
		"distance": 10,
		"yardLine": 14,
		"yardsGained": 4,
		"endYardLine": 10,
		"description": "Ahmad Bradshaw run for 4 yds to the Navy 10"
	},
	{
		"gameId": "400934572",
		"year": 2017,
		"week": 15,
		"homeId": "2426",
		"homeTeam": "Navy",
		"homeAbbr": "NAVY",
		"awayId": "349",
		"awayTeam": "Army",
		"awayAbbr": "ARMY",
		"driveIndex": "0",
		"playIndex": "8",
		"offenseId": "349",
		"offenseTeam": "Army",
		"offenseAbbr": "ARMY",
		"defenseId": "2426",
		"defenseTeam": "Navy",
		"defenseAbbr": "NAVY",
		"homeScore": 0,
		"awayScore": 0,
		"isScore": false,
		"quarter": 1,
		"clock": "10:13",
		"type": "Rush",
		"down": 2,
		"distance": 6,
		"yardLine": 10,
		"yardsGained": 3,
		"endYardLine": 7,
		"description": "Ahmad Bradshaw run for 3 yds to the Navy 7"
	},
	{
		"gameId": "400934572",
		"year": 2017,
		"week": 15,
		"homeId": "2426",
		"homeTeam": "Navy",
		"homeAbbr": "NAVY",
		"awayId": "349",
		"awayTeam": "Army",
		"awayAbbr": "ARMY",
		"driveIndex": "0",
		"playIndex": "9",
		"offenseId": "349",
		"offenseTeam": "Army",
		"offenseAbbr": "ARMY",
		"defenseId": "2426",
		"defenseTeam": "Navy",
		"defenseAbbr": "NAVY",
		"homeScore": 0,
		"awayScore": 0,
		"isScore": false,
		"quarter": 1,
		"clock": "9:29",
		"type": "Rush",
		"down": 3,
		"distance": 3,
		"yardLine": 7,
		"yardsGained": 2,
		"endYardLine": 5,
		"description": "Darnell Woolfolk run for 2 yds to the Navy 5"
	},
	{
		"gameId": "400934572",
		"year": 2017,
		"week": 15,
		"homeId": "2426",
		"homeTeam": "Navy",
		"homeAbbr": "NAVY",
		"awayId": "349",
		"awayTeam": "Army",
		"awayAbbr": "ARMY",
		"driveIndex": "0",
		"playIndex": "10",
		"offenseId": "349",
		"offenseTeam": "Army",
		"offenseAbbr": "ARMY",
		"defenseId": "2426",
		"defenseTeam": "Navy",
		"defenseAbbr": "NAVY",
		"homeScore": 0,
		"awayScore": 0,
		"isScore": false,
		"quarter": 1,
		"clock": "8:47",
		"type": "Rush",
		"down": 4,
		"distance": 1,
		"yardLine": 5,
		"yardsGained": 2,
		"endYardLine": 3,
		"description": "Kell Walker run for 2 yds to the Navy 3 for a 1ST down"
	},
	{
		"gameId": "400934572",
		"year": 2017,
		"week": 15,
		"homeId": "2426",
		"homeTeam": "Navy",
		"homeAbbr": "NAVY",
		"awayId": "349",
		"awayTeam": "Army",
		"awayAbbr": "ARMY",
		"driveIndex": "0",
		"playIndex": "11",
		"offenseId": "349",
		"offenseTeam": "Army",
		"offenseAbbr": "ARMY",
		"defenseId": "2426",
		"defenseTeam": "Navy",
		"defenseAbbr": "NAVY",
		"homeScore": 0,
		"awayScore": 7,
		"isScore": true,
		"quarter": 1,
		"clock": "8:06",
		"type": "Rushing Touchdown",
		"down": 1,
		"distance": 0,
		"yardLine": 3,
		"yardsGained": 3,
		"endYardLine": 0,
		"description": "Darnell Woolfolk 3 Yd Run (Blake Wilson Kick)"
	},
	{
		"gameId": "400934572",
		"year": 2017,
		"week": 15,
		"homeId": "2426",
		"homeTeam": "Navy",
		"homeAbbr": "NAVY",
		"awayId": "349",
		"awayTeam": "Army",
		"awayAbbr": "ARMY",
		"driveIndex": "1",
		"playIndex": "0",
		"offenseId": "349",
		"offenseTeam": "Army",
		"offenseAbbr": "ARMY",
		"defenseId": "2426",
		"defenseTeam": "Navy",
		"defenseAbbr": "NAVY",
		"homeScore": 0,
		"awayScore": 7,
		"isScore": false,
		"quarter": 1,
		"clock": "8:06",
		"type": "Kickoff",
		"down": 1,
		"distance": 10,
		"yardLine": 65,
		"yardsGained": 15,
		"endYardLine": 25,
		"description": "Nick Schrage kickoff for 55 yds , Darryl Bonner return for 15 yds to the Navy 25"
	},
	{
		"gameId": "400934572",
		"year": 2017,
		"week": 15,
		"homeId": "2426",
		"homeTeam": "Navy",
		"homeAbbr": "NAVY",
		"awayId": "349",
		"awayTeam": "Army",
		"awayAbbr": "ARMY",
		"driveIndex": "1",
		"playIndex": "1",
		"offenseId": "2426",
		"offenseTeam": "Navy",
		"offenseAbbr": "NAVY",
		"defenseId": "349",
		"defenseTeam": "Army",
		"defenseAbbr": "ARMY",
		"homeScore": 0,
		"awayScore": 7,
		"isScore": false,
		"quarter": 1,
		"clock": "7:53",
		"type": "Rush",
		"down": 1,
		"distance": 10,
		"yardLine": 25,
		"yardsGained": 9,
		"endYardLine": 34,
		"description": "Malcolm Perry run for 9 yds to the Navy 34"
	},
	{
		"gameId": "400934572",
		"year": 2017,
		"week": 15,
		"homeId": "2426",
		"homeTeam": "Navy",
		"homeAbbr": "NAVY",
		"awayId": "349",
		"awayTeam": "Army",
		"awayAbbr": "ARMY",
		"driveIndex": "1",
		"playIndex": "2",
		"offenseId": "2426",
		"offenseTeam": "Navy",
		"offenseAbbr": "NAVY",
		"defenseId": "349",
		"defenseTeam": "Army",
		"defenseAbbr": "ARMY",
		"homeScore": 0,
		"awayScore": 7,
		"isScore": false,
		"quarter": 1,
		"clock": "7:21",
		"type": "Rush",
		"down": 2,
		"distance": 1,
		"yardLine": 34,
		"yardsGained": 6,
		"endYardLine": 40,
		"description": "Malcolm Perry run for 6 yds to the Navy 40 for a 1ST down"
	},
	{
		"gameId": "400934572",
		"year": 2017,
		"week": 15,
		"homeId": "2426",
		"homeTeam": "Navy",
		"homeAbbr": "NAVY",
		"awayId": "349",
		"awayTeam": "Army",
		"awayAbbr": "ARMY",
		"driveIndex": "1",
		"playIndex": "3",
		"offenseId": "2426",
		"offenseTeam": "Navy",
		"offenseAbbr": "NAVY",
		"defenseId": "349",
		"defenseTeam": "Army",
		"defenseAbbr": "ARMY",
		"homeScore": 0,
		"awayScore": 7,
		"isScore": false,
		"quarter": 1,
		"clock": "6:47",
		"type": "Rush",
		"down": 1,
		"distance": 10,
		"yardLine": 40,
		"yardsGained": 7,
		"endYardLine": 47,
		"description": "Malcolm Perry run for 7 yds to the Navy 47"
	},
	{
		"gameId": "400934572",
		"year": 2017,
		"week": 15,
		"homeId": "2426",
		"homeTeam": "Navy",
		"homeAbbr": "NAVY",
		"awayId": "349",
		"awayTeam": "Army",
		"awayAbbr": "ARMY",
		"driveIndex": "1",
		"playIndex": "4",
		"offenseId": "2426",
		"offenseTeam": "Navy",
		"offenseAbbr": "NAVY",
		"defenseId": "349",
		"defenseTeam": "Army",
		"defenseAbbr": "ARMY",
		"homeScore": 0,
		"awayScore": 7,
		"isScore": false,
		"quarter": 1,
		"clock": "6:09",
		"type": "Rush",
		"down": 2,
		"distance": 3,
		"yardLine": 47,
		"yardsGained": 5,
		"endYardLine": 52,
		"description": "Malcolm Perry run for 5 yds to the Army 48 for a 1ST down"
	},
	{
		"gameId": "400934572",
		"year": 2017,
		"week": 15,
		"homeId": "2426",
		"homeTeam": "Navy",
		"homeAbbr": "NAVY",
		"awayId": "349",
		"awayTeam": "Army",
		"awayAbbr": "ARMY",
		"driveIndex": "1",
		"playIndex": "5",
		"offenseId": "2426",
		"offenseTeam": "Navy",
		"offenseAbbr": "NAVY",
		"defenseId": "349",
		"defenseTeam": "Army",
		"defenseAbbr": "ARMY",
		"homeScore": 0,
		"awayScore": 7,
		"isScore": false,
		"quarter": 1,
		"clock": "5:35",
		"type": "Rush",
		"down": 1,
		"distance": 10,
		"yardLine": 52,
		"yardsGained": 19,
		"endYardLine": 71,
		"description": "Malcolm Perry run for 19 yds to the Army 29 for a 1ST down"
	},
	{
		"gameId": "400934572",
		"year": 2017,
		"week": 15,
		"homeId": "2426",
		"homeTeam": "Navy",
		"homeAbbr": "NAVY",
		"awayId": "349",
		"awayTeam": "Army",
		"awayAbbr": "ARMY",
		"driveIndex": "1",
		"playIndex": "6",
		"offenseId": "2426",
		"offenseTeam": "Navy",
		"offenseAbbr": "NAVY",
		"defenseId": "349",
		"defenseTeam": "Army",
		"defenseAbbr": "ARMY",
		"homeScore": 0,
		"awayScore": 7,
		"isScore": false,
		"quarter": 1,
		"clock": "4:54",
		"type": "Rush",
		"down": 1,
		"distance": 10,
		"yardLine": 71,
		"yardsGained": 5,
		"endYardLine": 76,
		"description": "Joshua Walker run for 5 yds to the Army 24"
	},
	{
		"gameId": "400934572",
		"year": 2017,
		"week": 15,
		"homeId": "2426",
		"homeTeam": "Navy",
		"homeAbbr": "NAVY",
		"awayId": "349",
		"awayTeam": "Army",
		"awayAbbr": "ARMY",
		"driveIndex": "1",
		"playIndex": "7",
		"offenseId": "2426",
		"offenseTeam": "Navy",
		"offenseAbbr": "NAVY",
		"defenseId": "349",
		"defenseTeam": "Army",
		"defenseAbbr": "ARMY",
		"homeScore": 0,
		"awayScore": 7,
		"isScore": false,
		"quarter": 1,
		"clock": "4:20",
		"type": "Rush",
		"down": 2,
		"distance": 5,
		"yardLine": 76,
		"yardsGained": 4,
		"endYardLine": 80,
		"description": "Malcolm Perry run for 4 yds to the Army 20"
	},
	{
		"gameId": "400934572",
		"year": 2017,
		"week": 15,
		"homeId": "2426",
		"homeTeam": "Navy",
		"homeAbbr": "NAVY",
		"awayId": "349",
		"awayTeam": "Army",
		"awayAbbr": "ARMY",
		"driveIndex": "1",
		"playIndex": "8",
		"offenseId": "2426",
		"offenseTeam": "Navy",
		"offenseAbbr": "NAVY",
		"defenseId": "349",
		"defenseTeam": "Army",
		"defenseAbbr": "ARMY",
		"homeScore": 0,
		"awayScore": 7,
		"isScore": false,
		"quarter": 1,
		"clock": "3:32",
		"type": "Rush",
		"down": 3,
		"distance": 1,
		"yardLine": 80,
		"yardsGained": 0,
		"endYardLine": 80,
		"description": "Chris High run for no gain to the Army 20"
	},
	{
		"gameId": "400934572",
		"year": 2017,
		"week": 15,
		"homeId": "2426",
		"homeTeam": "Navy",
		"homeAbbr": "NAVY",
		"awayId": "349",
		"awayTeam": "Army",
		"awayAbbr": "ARMY",
		"driveIndex": "1",
		"playIndex": "9",
		"offenseId": "2426",
		"offenseTeam": "Navy",
		"offenseAbbr": "NAVY",
		"defenseId": "349",
		"defenseTeam": "Army",
		"defenseAbbr": "ARMY",
		"homeScore": 0,
		"awayScore": 7,
		"isScore": false,
		"quarter": 1,
		"clock": "3:06",
		"type": "Rush",
		"down": 4,
		"distance": 1,
		"yardLine": 80,
		"yardsGained": 1,
		"endYardLine": 81,
		"description": "Zach Abey run for 1 yd to the Army 19 for a 1ST down"
	},
	{
		"gameId": "400934572",
		"year": 2017,
		"week": 15,
		"homeId": "2426",
		"homeTeam": "Navy",
		"homeAbbr": "NAVY",
		"awayId": "349",
		"awayTeam": "Army",
		"awayAbbr": "ARMY",
		"driveIndex": "1",
		"playIndex": "10",
		"offenseId": "2426",
		"offenseTeam": "Navy",
		"offenseAbbr": "NAVY",
		"defenseId": "349",
		"defenseTeam": "Army",
		"defenseAbbr": "ARMY",
		"homeScore": 0,
		"awayScore": 7,
		"isScore": false,
		"quarter": 1,
		"clock": "2:36",
		"type": "Rush",
		"down": 1,
		"distance": 10,
		"yardLine": 81,
		"yardsGained": 4,
		"endYardLine": 85,
		"description": "Malcolm Perry run for 4 yds to the Army 15"
	},
	{
		"gameId": "400934572",
		"year": 2017,
		"week": 15,
		"homeId": "2426",
		"homeTeam": "Navy",
		"homeAbbr": "NAVY",
		"awayId": "349",
		"awayTeam": "Army",
		"awayAbbr": "ARMY",
		"driveIndex": "1",
		"playIndex": "11",
		"offenseId": "2426",
		"offenseTeam": "Navy",
		"offenseAbbr": "NAVY",
		"defenseId": "349",
		"defenseTeam": "Army",
		"defenseAbbr": "ARMY",
		"homeScore": 0,
		"awayScore": 7,
		"isScore": false,
		"quarter": 1,
		"clock": "1:51",
		"type": "Rush",
		"down": 2,
		"distance": 6,
		"yardLine": 85,
		"yardsGained": 3,
		"endYardLine": 88,
		"description": "Malcolm Perry run for 3 yds to the Army 12"
	},
	{
		"gameId": "400934572",
		"year": 2017,
		"week": 15,
		"homeId": "2426",
		"homeTeam": "Navy",
		"homeAbbr": "NAVY",
		"awayId": "349",
		"awayTeam": "Army",
		"awayAbbr": "ARMY",
		"driveIndex": "1",
		"playIndex": "12",
		"offenseId": "2426",
		"offenseTeam": "Navy",
		"offenseAbbr": "NAVY",
		"defenseId": "349",
		"defenseTeam": "Army",
		"defenseAbbr": "ARMY",
		"homeScore": 0,
		"awayScore": 7,
		"isScore": false,
		"quarter": 1,
		"clock": "1:09",
		"type": "Rush",
		"down": 3,
		"distance": 3,
		"yardLine": 88,
		"yardsGained": 1,
		"endYardLine": 89,
		"description": "Malcolm Perry run for 1 yd to the Army 11"
	},
	{
		"gameId": "400934572",
		"year": 2017,
		"week": 15,
		"homeId": "2426",
		"homeTeam": "Navy",
		"homeAbbr": "NAVY",
		"awayId": "349",
		"awayTeam": "Army",
		"awayAbbr": "ARMY",
		"driveIndex": "1",
		"playIndex": "13",
		"offenseId": "2426",
		"offenseTeam": "Navy",
		"offenseAbbr": "NAVY",
		"defenseId": "349",
		"defenseTeam": "Army",
		"defenseAbbr": "ARMY",
		"homeScore": 0,
		"awayScore": 7,
		"isScore": false,
		"quarter": 1,
		"clock": "0:59",
		"type": "Timeout",
		"down": 4,
		"distance": 2,
		"yardLine": 89,
		"yardsGained": 0,
		"endYardLine": 89,
		"description": "Timeout NAVY, clock 00:59"
	},
	{
		"gameId": "400934572",
		"year": 2017,
		"week": 15,
		"homeId": "2426",
		"homeTeam": "Navy",
		"homeAbbr": "NAVY",
		"awayId": "349",
		"awayTeam": "Army",
		"awayAbbr": "ARMY",
		"driveIndex": "1",
		"playIndex": "14",
		"offenseId": "2426",
		"offenseTeam": "Navy",
		"offenseAbbr": "NAVY",
		"defenseId": "349",
		"defenseTeam": "Army",
		"defenseAbbr": "ARMY",
		"homeScore": 3,
		"awayScore": 7,
		"isScore": true,
		"quarter": 1,
		"clock": "0:55",
		"type": "Field Goal Good",
		"down": 4,
		"distance": 2,
		"yardLine": 89,
		"yardsGained": 28,
		"endYardLine": 89,
		"description": "Bennett Moehring 28 Yd Field Goal "
	},
	{
		"gameId": "400934572",
		"year": 2017,
		"week": 15,
		"homeId": "2426",
		"homeTeam": "Navy",
		"homeAbbr": "NAVY",
		"awayId": "349",
		"awayTeam": "Army",
		"awayAbbr": "ARMY",
		"driveIndex": "2",
		"playIndex": "0",
		"offenseId": "2426",
		"offenseTeam": "Navy",
		"offenseAbbr": "NAVY",
		"defenseId": "349",
		"defenseTeam": "Army",
		"defenseAbbr": "ARMY",
		"homeScore": 3,
		"awayScore": 7,
		"isScore": false,
		"quarter": 1,
		"clock": "0:55",
		"type": "Kickoff",
		"down": 4,
		"distance": 2,
		"yardLine": 35,
		"yardsGained": 0,
		"endYardLine": 75,
		"description": "Bennett Moehring kickoff for 65 yds for a touchback"
	},
	{
		"gameId": "400934572",
		"year": 2017,
		"week": 15,
		"homeId": "2426",
		"homeTeam": "Navy",
		"homeAbbr": "NAVY",
		"awayId": "349",
		"awayTeam": "Army",
		"awayAbbr": "ARMY",
		"driveIndex": "2",
		"playIndex": "1",
		"offenseId": "349",
		"offenseTeam": "Army",
		"offenseAbbr": "ARMY",
		"defenseId": "2426",
		"defenseTeam": "Navy",
		"defenseAbbr": "NAVY",
		"homeScore": 3,
		"awayScore": 7,
		"isScore": false,
		"quarter": 1,
		"clock": "0:47",
		"type": "Rush",
		"down": 1,
		"distance": 10,
		"yardLine": 75,
		"yardsGained": 7,
		"endYardLine": 68,
		"description": "Ahmad Bradshaw run for 7 yds to the Army 32"
	},
	{
		"gameId": "400934572",
		"year": 2017,
		"week": 15,
		"homeId": "2426",
		"homeTeam": "Navy",
		"homeAbbr": "NAVY",
		"awayId": "349",
		"awayTeam": "Army",
		"awayAbbr": "ARMY",
		"driveIndex": "2",
		"playIndex": "2",
		"offenseId": "349",
		"offenseTeam": "Army",
		"offenseAbbr": "ARMY",
		"defenseId": "2426",
		"defenseTeam": "Navy",
		"defenseAbbr": "NAVY",
		"homeScore": 3,
		"awayScore": 7,
		"isScore": false,
		"quarter": 1,
		"clock": "0:00",
		"type": "Rush",
		"down": 2,
		"distance": 3,
		"yardLine": 68,
		"yardsGained": 10,
		"endYardLine": 58,
		"description": "Ahmad Bradshaw run for no gain to the Army 32 for a 1ST down NAVY Penalty, Defensive Holding (Brandon Jones) to the Army 42 for a 1ST down"
	},
	{
		"gameId": "400934572",
		"year": 2017,
		"week": 15,
		"homeId": "2426",
		"homeTeam": "Navy",
		"homeAbbr": "NAVY",
		"awayId": "349",
		"awayTeam": "Army",
		"awayAbbr": "ARMY",
		"driveIndex": "2",
		"playIndex": "3",
		"offenseId": "349",
		"offenseTeam": "Army",
		"offenseAbbr": "ARMY",
		"defenseId": "2426",
		"defenseTeam": "Navy",
		"defenseAbbr": "NAVY",
		"homeScore": 3,
		"awayScore": 7,
		"isScore": false,
		"quarter": 1,
		"clock": "0:00",
		"type": "End Period",
		"down": 0,
		"distance": 3,
		"yardLine": 0,
		"yardsGained": 0,
		"endYardLine": 58,
		"description": "End of 1st Quarter"
	},
	{
		"gameId": "400934572",
		"year": 2017,
		"week": 15,
		"homeId": "2426",
		"homeTeam": "Navy",
		"homeAbbr": "NAVY",
		"awayId": "349",
		"awayTeam": "Army",
		"awayAbbr": "ARMY",
		"driveIndex": "2",
		"playIndex": "4",
		"offenseId": "349",
		"offenseTeam": "Army",
		"offenseAbbr": "ARMY",
		"defenseId": "2426",
		"defenseTeam": "Navy",
		"defenseAbbr": "NAVY",
		"homeScore": 3,
		"awayScore": 7,
		"isScore": false,
		"quarter": 2,
		"clock": "14:55",
		"type": "Rush",
		"down": 1,
		"distance": 10,
		"yardLine": 58,
		"yardsGained": -3,
		"endYardLine": 61,
		"description": "John Trainor run for a loss of 3 yards to the Army 39"
	},
	{
		"gameId": "400934572",
		"year": 2017,
		"week": 15,
		"homeId": "2426",
		"homeTeam": "Navy",
		"homeAbbr": "NAVY",
		"awayId": "349",
		"awayTeam": "Army",
		"awayAbbr": "ARMY",
		"driveIndex": "2",
		"playIndex": "5",
		"offenseId": "349",
		"offenseTeam": "Army",
		"offenseAbbr": "ARMY",
		"defenseId": "2426",
		"defenseTeam": "Navy",
		"defenseAbbr": "NAVY",
		"homeScore": 3,
		"awayScore": 7,
		"isScore": false,
		"quarter": 2,
		"clock": "14:13",
		"type": "Rush",
		"down": 2,
		"distance": 13,
		"yardLine": 61,
		"yardsGained": 0,
		"endYardLine": 61,
		"description": "Kell Walker run for no gain to the Army 39"
	},
	{
		"gameId": "400934572",
		"year": 2017,
		"week": 15,
		"homeId": "2426",
		"homeTeam": "Navy",
		"homeAbbr": "NAVY",
		"awayId": "349",
		"awayTeam": "Army",
		"awayAbbr": "ARMY",
		"driveIndex": "2",
		"playIndex": "6",
		"offenseId": "349",
		"offenseTeam": "Army",
		"offenseAbbr": "ARMY",
		"defenseId": "2426",
		"defenseTeam": "Navy",
		"defenseAbbr": "NAVY",
		"homeScore": 3,
		"awayScore": 7,
		"isScore": false,
		"quarter": 2,
		"clock": "13:33",
		"type": "Rush",
		"down": 3,
		"distance": 13,
		"yardLine": 61,
		"yardsGained": 9,
		"endYardLine": 52,
		"description": "Andy Davidson run for 9 yds to the Army 48"
	},
	{
		"gameId": "400934572",
		"year": 2017,
		"week": 15,
		"homeId": "2426",
		"homeTeam": "Navy",
		"homeAbbr": "NAVY",
		"awayId": "349",
		"awayTeam": "Army",
		"awayAbbr": "ARMY",
		"driveIndex": "2",
		"playIndex": "7",
		"offenseId": "349",
		"offenseTeam": "Army",
		"offenseAbbr": "ARMY",
		"defenseId": "2426",
		"defenseTeam": "Navy",
		"defenseAbbr": "NAVY",
		"homeScore": 3,
		"awayScore": 7,
		"isScore": false,
		"quarter": 2,
		"clock": "13:00",
		"type": "Punt",
		"down": 4,
		"distance": 4,
		"yardLine": 52,
		"yardsGained": 0,
		"endYardLine": 26,
		"description": "Nick Schrage punt for 26 yds, downed at the Navy 26"
	},
	{
		"gameId": "400934572",
		"year": 2017,
		"week": 15,
		"homeId": "2426",
		"homeTeam": "Navy",
		"homeAbbr": "NAVY",
		"awayId": "349",
		"awayTeam": "Army",
		"awayAbbr": "ARMY",
		"driveIndex": "3",
		"playIndex": "0",
		"offenseId": "2426",
		"offenseTeam": "Navy",
		"offenseAbbr": "NAVY",
		"defenseId": "349",
		"defenseTeam": "Army",
		"defenseAbbr": "ARMY",
		"homeScore": 3,
		"awayScore": 7,
		"isScore": false,
		"quarter": 2,
		"clock": "12:51",
		"type": "Rush",
		"down": 1,
		"distance": 10,
		"yardLine": 26,
		"yardsGained": 2,
		"endYardLine": 28,
		"description": "Keoni-Kordell Makekau run for 2 yds to the Navy 28"
	},
	{
		"gameId": "400934572",
		"year": 2017,
		"week": 15,
		"homeId": "2426",
		"homeTeam": "Navy",
		"homeAbbr": "NAVY",
		"awayId": "349",
		"awayTeam": "Army",
		"awayAbbr": "ARMY",
		"driveIndex": "3",
		"playIndex": "1",
		"offenseId": "2426",
		"offenseTeam": "Navy",
		"offenseAbbr": "NAVY",
		"defenseId": "349",
		"defenseTeam": "Army",
		"defenseAbbr": "ARMY",
		"homeScore": 3,
		"awayScore": 7,
		"isScore": false,
		"quarter": 2,
		"clock": "12:11",
		"type": "Rush",
		"down": 2,
		"distance": 8,
		"yardLine": 28,
		"yardsGained": 4,
		"endYardLine": 32,
		"description": "Malcolm Perry run for 4 yds to the Navy 32"
	},
	{
		"gameId": "400934572",
		"year": 2017,
		"week": 15,
		"homeId": "2426",
		"homeTeam": "Navy",
		"homeAbbr": "NAVY",
		"awayId": "349",
		"awayTeam": "Army",
		"awayAbbr": "ARMY",
		"driveIndex": "3",
		"playIndex": "2",
		"offenseId": "2426",
		"offenseTeam": "Navy",
		"offenseAbbr": "NAVY",
		"defenseId": "349",
		"defenseTeam": "Army",
		"defenseAbbr": "ARMY",
		"homeScore": 10,
		"awayScore": 7,
		"isScore": true,
		"quarter": 2,
		"clock": "11:28",
		"type": "Rushing Touchdown",
		"down": 3,
		"distance": 4,
		"yardLine": 32,
		"yardsGained": 68,
		"endYardLine": 100,
		"description": "Malcolm Perry 68 Yd Run (Bennett Moehring Kick)"
	},
	{
		"gameId": "400934572",
		"year": 2017,
		"week": 15,
		"homeId": "2426",
		"homeTeam": "Navy",
		"homeAbbr": "NAVY",
		"awayId": "349",
		"awayTeam": "Army",
		"awayAbbr": "ARMY",
		"driveIndex": "4",
		"playIndex": "0",
		"offenseId": "2426",
		"offenseTeam": "Navy",
		"offenseAbbr": "NAVY",
		"defenseId": "349",
		"defenseTeam": "Army",
		"defenseAbbr": "ARMY",
		"homeScore": 10,
		"awayScore": 7,
		"isScore": false,
		"quarter": 2,
		"clock": "11:28",
		"type": "Kickoff",
		"down": 3,
		"distance": 4,
		"yardLine": 35,
		"yardsGained": 11,
		"endYardLine": 80,
		"description": "Bennett Moehring kickoff for 56 yds , Glen Coates return for 11 yds to the Army 20"
	},
	{
		"gameId": "400934572",
		"year": 2017,
		"week": 15,
		"homeId": "2426",
		"homeTeam": "Navy",
		"homeAbbr": "NAVY",
		"awayId": "349",
		"awayTeam": "Army",
		"awayAbbr": "ARMY",
		"driveIndex": "4",
		"playIndex": "1",
		"offenseId": "349",
		"offenseTeam": "Army",
		"offenseAbbr": "ARMY",
		"defenseId": "2426",
		"defenseTeam": "Navy",
		"defenseAbbr": "NAVY",
		"homeScore": 10,
		"awayScore": 7,
		"isScore": false,
		"quarter": 2,
		"clock": "11:15",
		"type": "Rush",
		"down": 1,
		"distance": 10,
		"yardLine": 80,
		"yardsGained": 3,
		"endYardLine": 77,
		"description": "Darnell Woolfolk run for 3 yds to the Army 23"
	},
	{
		"gameId": "400934572",
		"year": 2017,
		"week": 15,
		"homeId": "2426",
		"homeTeam": "Navy",
		"homeAbbr": "NAVY",
		"awayId": "349",
		"awayTeam": "Army",
		"awayAbbr": "ARMY",
		"driveIndex": "4",
		"playIndex": "2",
		"offenseId": "349",
		"offenseTeam": "Army",
		"offenseAbbr": "ARMY",
		"defenseId": "2426",
		"defenseTeam": "Navy",
		"defenseAbbr": "NAVY",
		"homeScore": 10,
		"awayScore": 7,
		"isScore": false,
		"quarter": 2,
		"clock": "10:34",
		"type": "Rush",
		"down": 2,
		"distance": 7,
		"yardLine": 77,
		"yardsGained": 5,
		"endYardLine": 72,
		"description": "Kell Walker run for 5 yds to the Army 28"
	},
	{
		"gameId": "400934572",
		"year": 2017,
		"week": 15,
		"homeId": "2426",
		"homeTeam": "Navy",
		"homeAbbr": "NAVY",
		"awayId": "349",
		"awayTeam": "Army",
		"awayAbbr": "ARMY",
		"driveIndex": "4",
		"playIndex": "3",
		"offenseId": "349",
		"offenseTeam": "Army",
		"offenseAbbr": "ARMY",
		"defenseId": "2426",
		"defenseTeam": "Navy",
		"defenseAbbr": "NAVY",
		"homeScore": 10,
		"awayScore": 7,
		"isScore": false,
		"quarter": 2,
		"clock": "9:50",
		"type": "Rush",
		"down": 3,
		"distance": 2,
		"yardLine": 72,
		"yardsGained": 0,
		"endYardLine": 72,
		"description": "Ahmad Bradshaw run for no gain to the Army 28"
	},
	{
		"gameId": "400934572",
		"year": 2017,
		"week": 15,
		"homeId": "2426",
		"homeTeam": "Navy",
		"homeAbbr": "NAVY",
		"awayId": "349",
		"awayTeam": "Army",
		"awayAbbr": "ARMY",
		"driveIndex": "4",
		"playIndex": "4",
		"offenseId": "349",
		"offenseTeam": "Army",
		"offenseAbbr": "ARMY",
		"defenseId": "2426",
		"defenseTeam": "Navy",
		"defenseAbbr": "NAVY",
		"homeScore": 10,
		"awayScore": 7,
		"isScore": false,
		"quarter": 2,
		"clock": "9:13",
		"type": "Punt",
		"down": 4,
		"distance": 2,
		"yardLine": 72,
		"yardsGained": 0,
		"endYardLine": 33,
		"description": "Nick Schrage punt for 39 yds, fair catch by Craig Scott at the Navy 33"
	},
	{
		"gameId": "400934572",
		"year": 2017,
		"week": 15,
		"homeId": "2426",
		"homeTeam": "Navy",
		"homeAbbr": "NAVY",
		"awayId": "349",
		"awayTeam": "Army",
		"awayAbbr": "ARMY",
		"driveIndex": "5",
		"playIndex": "0",
		"offenseId": "2426",
		"offenseTeam": "Navy",
		"offenseAbbr": "NAVY",
		"defenseId": "349",
		"defenseTeam": "Army",
		"defenseAbbr": "ARMY",
		"homeScore": 10,
		"awayScore": 7,
		"isScore": false,
		"quarter": 2,
		"clock": "9:10",
		"type": "Rush",
		"down": 1,
		"distance": 10,
		"yardLine": 33,
		"yardsGained": 2,
		"endYardLine": 35,
		"description": "Zach Abey run for 2 yds to the Navy 35"
	},
	{
		"gameId": "400934572",
		"year": 2017,
		"week": 15,
		"homeId": "2426",
		"homeTeam": "Navy",
		"homeAbbr": "NAVY",
		"awayId": "349",
		"awayTeam": "Army",
		"awayAbbr": "ARMY",
		"driveIndex": "5",
		"playIndex": "1",
		"offenseId": "2426",
		"offenseTeam": "Navy",
		"offenseAbbr": "NAVY",
		"defenseId": "349",
		"defenseTeam": "Army",
		"defenseAbbr": "ARMY",
		"homeScore": 10,
		"awayScore": 7,
		"isScore": false,
		"quarter": 2,
		"clock": "8:25",
		"type": "Pass Reception",
		"down": 2,
		"distance": 8,
		"yardLine": 35,
		"yardsGained": 2,
		"endYardLine": 37,
		"description": "Zach Abey pass complete to Malcolm Perry for 2 yds to the Navy 37"
	},
	{
		"gameId": "400934572",
		"year": 2017,
		"week": 15,
		"homeId": "2426",
		"homeTeam": "Navy",
		"homeAbbr": "NAVY",
		"awayId": "349",
		"awayTeam": "Army",
		"awayAbbr": "ARMY",
		"driveIndex": "5",
		"playIndex": "2",
		"offenseId": "2426",
		"offenseTeam": "Navy",
		"offenseAbbr": "NAVY",
		"defenseId": "349",
		"defenseTeam": "Army",
		"defenseAbbr": "ARMY",
		"homeScore": 10,
		"awayScore": 7,
		"isScore": false,
		"quarter": 2,
		"clock": "7:44",
		"type": "Pass Incompletion",
		"down": 3,
		"distance": 6,
		"yardLine": 37,
		"yardsGained": 0,
		"endYardLine": 37,
		"description": "Craig Scott pass incomplete to Malcolm Perry"
	},
	{
		"gameId": "400934572",
		"year": 2017,
		"week": 15,
		"homeId": "2426",
		"homeTeam": "Navy",
		"homeAbbr": "NAVY",
		"awayId": "349",
		"awayTeam": "Army",
		"awayAbbr": "ARMY",
		"driveIndex": "5",
		"playIndex": "3",
		"offenseId": "2426",
		"offenseTeam": "Navy",
		"offenseAbbr": "NAVY",
		"defenseId": "349",
		"defenseTeam": "Army",
		"defenseAbbr": "ARMY",
		"homeScore": 10,
		"awayScore": 7,
		"isScore": false,
		"quarter": 2,
		"clock": "7:33",
		"type": "Punt",
		"down": 4,
		"distance": 6,
		"yardLine": 37,
		"yardsGained": 0,
		"endYardLine": 63,
		"description": "Owen White punt for 26 yds, downed at the Army 37"
	},
	{
		"gameId": "400934572",
		"year": 2017,
		"week": 15,
		"homeId": "2426",
		"homeTeam": "Navy",
		"homeAbbr": "NAVY",
		"awayId": "349",
		"awayTeam": "Army",
		"awayAbbr": "ARMY",
		"driveIndex": "6",
		"playIndex": "0",
		"offenseId": "349",
		"offenseTeam": "Army",
		"offenseAbbr": "ARMY",
		"defenseId": "2426",
		"defenseTeam": "Navy",
		"defenseAbbr": "NAVY",
		"homeScore": 10,
		"awayScore": 7,
		"isScore": false,
		"quarter": 2,
		"clock": "7:27",
		"type": "Rush",
		"down": 1,
		"distance": 10,
		"yardLine": 63,
		"yardsGained": 10,
		"endYardLine": 53,
		"description": "Darnell Woolfolk run for 10 yds to the Army 47 for a 1ST down"
	},
	{
		"gameId": "400934572",
		"year": 2017,
		"week": 15,
		"homeId": "2426",
		"homeTeam": "Navy",
		"homeAbbr": "NAVY",
		"awayId": "349",
		"awayTeam": "Army",
		"awayAbbr": "ARMY",
		"driveIndex": "6",
		"playIndex": "1",
		"offenseId": "349",
		"offenseTeam": "Army",
		"offenseAbbr": "ARMY",
		"defenseId": "2426",
		"defenseTeam": "Navy",
		"defenseAbbr": "NAVY",
		"homeScore": 10,
		"awayScore": 7,
		"isScore": false,
		"quarter": 2,
		"clock": "6:54",
		"type": "Rush",
		"down": 1,
		"distance": 10,
		"yardLine": 53,
		"yardsGained": 2,
		"endYardLine": 51,
		"description": "Andy Davidson run for 2 yds to the Army 49"
	},
	{
		"gameId": "400934572",
		"year": 2017,
		"week": 15,
		"homeId": "2426",
		"homeTeam": "Navy",
		"homeAbbr": "NAVY",
		"awayId": "349",
		"awayTeam": "Army",
		"awayAbbr": "ARMY",
		"driveIndex": "6",
		"playIndex": "2",
		"offenseId": "349",
		"offenseTeam": "Army",
		"offenseAbbr": "ARMY",
		"defenseId": "2426",
		"defenseTeam": "Navy",
		"defenseAbbr": "NAVY",
		"homeScore": 10,
		"awayScore": 7,
		"isScore": false,
		"quarter": 2,
		"clock": "6:15",
		"type": "Rush",
		"down": 2,
		"distance": 8,
		"yardLine": 51,
		"yardsGained": 2,
		"endYardLine": 49,
		"description": "Darnell Woolfolk run for 2 yds to the Navy 49"
	},
	{
		"gameId": "400934572",
		"year": 2017,
		"week": 15,
		"homeId": "2426",
		"homeTeam": "Navy",
		"homeAbbr": "NAVY",
		"awayId": "349",
		"awayTeam": "Army",
		"awayAbbr": "ARMY",
		"driveIndex": "6",
		"playIndex": "3",
		"offenseId": "349",
		"offenseTeam": "Army",
		"offenseAbbr": "ARMY",
		"defenseId": "2426",
		"defenseTeam": "Navy",
		"defenseAbbr": "NAVY",
		"homeScore": 10,
		"awayScore": 7,
		"isScore": false,
		"quarter": 2,
		"clock": "5:57",
		"type": "Rush",
		"down": 3,
		"distance": 6,
		"yardLine": 49,
		"yardsGained": -1,
		"endYardLine": 50,
		"description": "Ahmad Bradshaw run for a loss of 1 yard to the 50 yard line"
	},
	{
		"gameId": "400934572",
		"year": 2017,
		"week": 15,
		"homeId": "2426",
		"homeTeam": "Navy",
		"homeAbbr": "NAVY",
		"awayId": "349",
		"awayTeam": "Army",
		"awayAbbr": "ARMY",
		"driveIndex": "6",
		"playIndex": "4",
		"offenseId": "349",
		"offenseTeam": "Army",
		"offenseAbbr": "ARMY",
		"defenseId": "2426",
		"defenseTeam": "Navy",
		"defenseAbbr": "NAVY",
		"homeScore": 10,
		"awayScore": 7,
		"isScore": false,
		"quarter": 2,
		"clock": "5:22",
		"type": "Punt",
		"down": 4,
		"distance": 7,
		"yardLine": 50,
		"yardsGained": 0,
		"endYardLine": 20,
		"description": "Nick Schrage punt for 30 yds, punt out-of-bounds at the Navy 20"
	},
	{
		"gameId": "400934572",
		"year": 2017,
		"week": 15,
		"homeId": "2426",
		"homeTeam": "Navy",
		"homeAbbr": "NAVY",
		"awayId": "349",
		"awayTeam": "Army",
		"awayAbbr": "ARMY",
		"driveIndex": "7",
		"playIndex": "0",
		"offenseId": "2426",
		"offenseTeam": "Navy",
		"offenseAbbr": "NAVY",
		"defenseId": "349",
		"defenseTeam": "Army",
		"defenseAbbr": "ARMY",
		"homeScore": 10,
		"awayScore": 7,
		"isScore": false,
		"quarter": 2,
		"clock": "5:12",
		"type": "Rush",
		"down": 1,
		"distance": 10,
		"yardLine": 20,
		"yardsGained": 9,
		"endYardLine": 29,
		"description": "Malcolm Perry run for 9 yds to the Navy 29"
	},
	{
		"gameId": "400934572",
		"year": 2017,
		"week": 15,
		"homeId": "2426",
		"homeTeam": "Navy",
		"homeAbbr": "NAVY",
		"awayId": "349",
		"awayTeam": "Army",
		"awayAbbr": "ARMY",
		"driveIndex": "7",
		"playIndex": "1",
		"offenseId": "2426",
		"offenseTeam": "Navy",
		"offenseAbbr": "NAVY",
		"defenseId": "349",
		"defenseTeam": "Army",
		"defenseAbbr": "ARMY",
		"homeScore": 10,
		"awayScore": 7,
		"isScore": false,
		"quarter": 2,
		"clock": "4:36",
		"type": "Rush",
		"down": 2,
		"distance": 1,
		"yardLine": 29,
		"yardsGained": 5,
		"endYardLine": 34,
		"description": "Chris High run for 5 yds to the Navy 34 for a 1ST down"
	},
	{
		"gameId": "400934572",
		"year": 2017,
		"week": 15,
		"homeId": "2426",
		"homeTeam": "Navy",
		"homeAbbr": "NAVY",
		"awayId": "349",
		"awayTeam": "Army",
		"awayAbbr": "ARMY",
		"driveIndex": "7",
		"playIndex": "2",
		"offenseId": "2426",
		"offenseTeam": "Navy",
		"offenseAbbr": "NAVY",
		"defenseId": "349",
		"defenseTeam": "Army",
		"defenseAbbr": "ARMY",
		"homeScore": 10,
		"awayScore": 7,
		"isScore": false,
		"quarter": 2,
		"clock": "4:03",
		"type": "Rush",
		"down": 1,
		"distance": 10,
		"yardLine": 34,
		"yardsGained": 2,
		"endYardLine": 36,
		"description": "Chris High run for 2 yds to the Navy 36"
	},
	{
		"gameId": "400934572",
		"year": 2017,
		"week": 15,
		"homeId": "2426",
		"homeTeam": "Navy",
		"homeAbbr": "NAVY",
		"awayId": "349",
		"awayTeam": "Army",
		"awayAbbr": "ARMY",
		"driveIndex": "7",
		"playIndex": "3",
		"offenseId": "2426",
		"offenseTeam": "Navy",
		"offenseAbbr": "NAVY",
		"defenseId": "349",
		"defenseTeam": "Army",
		"defenseAbbr": "ARMY",
		"homeScore": 10,
		"awayScore": 7,
		"isScore": false,
		"quarter": 2,
		"clock": "3:23",
		"type": "Rush",
		"down": 2,
		"distance": 8,
		"yardLine": 36,
		"yardsGained": 4,
		"endYardLine": 40,
		"description": "Chris High run for 4 yds to the Navy 40"
	},
	{
		"gameId": "400934572",
		"year": 2017,
		"week": 15,
		"homeId": "2426",
		"homeTeam": "Navy",
		"homeAbbr": "NAVY",
		"awayId": "349",
		"awayTeam": "Army",
		"awayAbbr": "ARMY",
		"driveIndex": "7",
		"playIndex": "4",
		"offenseId": "2426",
		"offenseTeam": "Navy",
		"offenseAbbr": "NAVY",
		"defenseId": "349",
		"defenseTeam": "Army",
		"defenseAbbr": "ARMY",
		"homeScore": 10,
		"awayScore": 7,
		"isScore": false,
		"quarter": 2,
		"clock": "2:40",
		"type": "Rush",
		"down": 3,
		"distance": 4,
		"yardLine": 40,
		"yardsGained": 2,
		"endYardLine": 42,
		"description": "Malcolm Perry run for 2 yds to the Navy 42"
	},
	{
		"gameId": "400934572",
		"year": 2017,
		"week": 15,
		"homeId": "2426",
		"homeTeam": "Navy",
		"homeAbbr": "NAVY",
		"awayId": "349",
		"awayTeam": "Army",
		"awayAbbr": "ARMY",
		"driveIndex": "7",
		"playIndex": "5",
		"offenseId": "2426",
		"offenseTeam": "Navy",
		"offenseAbbr": "NAVY",
		"defenseId": "349",
		"defenseTeam": "Army",
		"defenseAbbr": "ARMY",
		"homeScore": 10,
		"awayScore": 7,
		"isScore": false,
		"quarter": 2,
		"clock": "2:30",
		"type": "Penalty",
		"down": 4,
		"distance": 2,
		"yardLine": 42,
		"yardsGained": 5,
		"endYardLine": 47,
		"description": "ARMY Penalty, Defensive Offside (Jaylon McClinton) to the Navy 47 for a 1ST down"
	},
	{
		"gameId": "400934572",
		"year": 2017,
		"week": 15,
		"homeId": "2426",
		"homeTeam": "Navy",
		"homeAbbr": "NAVY",
		"awayId": "349",
		"awayTeam": "Army",
		"awayAbbr": "ARMY",
		"driveIndex": "7",
		"playIndex": "6",
		"offenseId": "2426",
		"offenseTeam": "Navy",
		"offenseAbbr": "NAVY",
		"defenseId": "349",
		"defenseTeam": "Army",
		"defenseAbbr": "ARMY",
		"homeScore": 10,
		"awayScore": 7,
		"isScore": false,
		"quarter": 2,
		"clock": "2:00",
		"type": "Rush",
		"down": 1,
		"distance": 10,
		"yardLine": 47,
		"yardsGained": 3,
		"endYardLine": 50,
		"description": "Chris High run for 3 yds to the 50 yard line"
	},
	{
		"gameId": "400934572",
		"year": 2017,
		"week": 15,
		"homeId": "2426",
		"homeTeam": "Navy",
		"homeAbbr": "NAVY",
		"awayId": "349",
		"awayTeam": "Army",
		"awayAbbr": "ARMY",
		"driveIndex": "7",
		"playIndex": "7",
		"offenseId": "2426",
		"offenseTeam": "Navy",
		"offenseAbbr": "NAVY",
		"defenseId": "349",
		"defenseTeam": "Army",
		"defenseAbbr": "ARMY",
		"homeScore": 10,
		"awayScore": 7,
		"isScore": false,
		"quarter": 2,
		"clock": "1:22",
		"type": "Rush",
		"down": 2,
		"distance": 7,
		"yardLine": 50,
		"yardsGained": 3,
		"endYardLine": 53,
		"description": "Malcolm Perry run for 3 yds to the Army 47"
	},
	{
		"gameId": "400934572",
		"year": 2017,
		"week": 15,
		"homeId": "2426",
		"homeTeam": "Navy",
		"homeAbbr": "NAVY",
		"awayId": "349",
		"awayTeam": "Army",
		"awayAbbr": "ARMY",
		"driveIndex": "7",
		"playIndex": "8",
		"offenseId": "2426",
		"offenseTeam": "Navy",
		"offenseAbbr": "NAVY",
		"defenseId": "349",
		"defenseTeam": "Army",
		"defenseAbbr": "ARMY",
		"homeScore": 10,
		"awayScore": 7,
		"isScore": false,
		"quarter": 2,
		"clock": "0:50",
		"type": "Rush",
		"down": 3,
		"distance": 4,
		"yardLine": 53,
		"yardsGained": 2,
		"endYardLine": 55,
		"description": "Malcolm Perry run for 2 yds to the Army 45"
	},
	{
		"gameId": "400934572",
		"year": 2017,
		"week": 15,
		"homeId": "2426",
		"homeTeam": "Navy",
		"homeAbbr": "NAVY",
		"awayId": "349",
		"awayTeam": "Army",
		"awayAbbr": "ARMY",
		"driveIndex": "7",
		"playIndex": "9",
		"offenseId": "2426",
		"offenseTeam": "Navy",
		"offenseAbbr": "NAVY",
		"defenseId": "349",
		"defenseTeam": "Army",
		"defenseAbbr": "ARMY",
		"homeScore": 10,
		"awayScore": 7,
		"isScore": false,
		"quarter": 2,
		"clock": "0:16",
		"type": "Timeout",
		"down": 4,
		"distance": 2,
		"yardLine": 55,
		"yardsGained": 0,
		"endYardLine": 55,
		"description": "Timeout NAVY, clock 00:16"
	},
	{
		"gameId": "400934572",
		"year": 2017,
		"week": 15,
		"homeId": "2426",
		"homeTeam": "Navy",
		"homeAbbr": "NAVY",
		"awayId": "349",
		"awayTeam": "Army",
		"awayAbbr": "ARMY",
		"driveIndex": "7",
		"playIndex": "10",
		"offenseId": "2426",
		"offenseTeam": "Navy",
		"offenseAbbr": "NAVY",
		"defenseId": "349",
		"defenseTeam": "Army",
		"defenseAbbr": "ARMY",
		"homeScore": 10,
		"awayScore": 7,
		"isScore": false,
		"quarter": 2,
		"clock": "0:09",
		"type": "Punt",
		"down": 4,
		"distance": 2,
		"yardLine": 55,
		"yardsGained": 0,
		"endYardLine": 80,
		"description": "Owen White punt for 45 yds for a touchback"
	},
	{
		"gameId": "400934572",
		"year": 2017,
		"week": 15,
		"homeId": "2426",
		"homeTeam": "Navy",
		"homeAbbr": "NAVY",
		"awayId": "349",
		"awayTeam": "Army",
		"awayAbbr": "ARMY",
		"driveIndex": "8",
		"playIndex": "0",
		"offenseId": "349",
		"offenseTeam": "Army",
		"offenseAbbr": "ARMY",
		"defenseId": "2426",
		"defenseTeam": "Navy",
		"defenseAbbr": "NAVY",
		"homeScore": 10,
		"awayScore": 7,
		"isScore": false,
		"quarter": 2,
		"clock": "0:00",
		"type": "Rush",
		"down": 1,
		"distance": 10,
		"yardLine": 80,
		"yardsGained": 7,
		"endYardLine": 73,
		"description": "Darnell Woolfolk run for 7 yds to the Army 27"
	},
	{
		"gameId": "400934572",
		"year": 2017,
		"week": 15,
		"homeId": "2426",
		"homeTeam": "Navy",
		"homeAbbr": "NAVY",
		"awayId": "349",
		"awayTeam": "Army",
		"awayAbbr": "ARMY",
		"driveIndex": "8",
		"playIndex": "1",
		"offenseId": "349",
		"offenseTeam": "Army",
		"offenseAbbr": "ARMY",
		"defenseId": "2426",
		"defenseTeam": "Navy",
		"defenseAbbr": "NAVY",
		"homeScore": 10,
		"awayScore": 7,
		"isScore": false,
		"quarter": 2,
		"clock": "0:00",
		"type": "End of Half",
		"down": 0,
		"distance": 10,
		"yardLine": 0,
		"yardsGained": 0,
		"endYardLine": 73,
		"description": "End of 2nd Quarter"
	},
	{
		"gameId": "400934572",
		"year": 2017,
		"week": 15,
		"homeId": "2426",
		"homeTeam": "Navy",
		"homeAbbr": "NAVY",
		"awayId": "349",
		"awayTeam": "Army",
		"awayAbbr": "ARMY",
		"driveIndex": "9",
		"playIndex": "0",
		"offenseId": "349",
		"offenseTeam": "Army",
		"offenseAbbr": "ARMY",
		"defenseId": "2426",
		"defenseTeam": "Navy",
		"defenseAbbr": "NAVY",
		"homeScore": 10,
		"awayScore": 7,
		"isScore": false,
		"quarter": 3,
		"clock": "15:00",
		"type": "Kickoff",
		"down": 1,
		"distance": 10,
		"yardLine": 65,
		"yardsGained": 12,
		"endYardLine": 23,
		"description": "Nick Schrage kickoff for 54 yds , Darryl Bonner return for 12 yds to the Navy 23"
	},
	{
		"gameId": "400934572",
		"year": 2017,
		"week": 15,
		"homeId": "2426",
		"homeTeam": "Navy",
		"homeAbbr": "NAVY",
		"awayId": "349",
		"awayTeam": "Army",
		"awayAbbr": "ARMY",
		"driveIndex": "9",
		"playIndex": "1",
		"offenseId": "2426",
		"offenseTeam": "Navy",
		"offenseAbbr": "NAVY",
		"defenseId": "349",
		"defenseTeam": "Army",
		"defenseAbbr": "ARMY",
		"homeScore": 10,
		"awayScore": 7,
		"isScore": false,
		"quarter": 3,
		"clock": "14:47",
		"type": "Rush",
		"down": 1,
		"distance": 10,
		"yardLine": 23,
		"yardsGained": 9,
		"endYardLine": 32,
		"description": "Malcolm Perry run for 9 yds to the Navy 32"
	},
	{
		"gameId": "400934572",
		"year": 2017,
		"week": 15,
		"homeId": "2426",
		"homeTeam": "Navy",
		"homeAbbr": "NAVY",
		"awayId": "349",
		"awayTeam": "Army",
		"awayAbbr": "ARMY",
		"driveIndex": "9",
		"playIndex": "2",
		"offenseId": "2426",
		"offenseTeam": "Navy",
		"offenseAbbr": "NAVY",
		"defenseId": "349",
		"defenseTeam": "Army",
		"defenseAbbr": "ARMY",
		"homeScore": 10,
		"awayScore": 7,
		"isScore": false,
		"quarter": 3,
		"clock": "14:08",
		"type": "Rush",
		"down": 2,
		"distance": 1,
		"yardLine": 32,
		"yardsGained": 4,
		"endYardLine": 36,
		"description": "Malcolm Perry run for 4 yds to the Navy 36 for a 1ST down"
	},
	{
		"gameId": "400934572",
		"year": 2017,
		"week": 15,
		"homeId": "2426",
		"homeTeam": "Navy",
		"homeAbbr": "NAVY",
		"awayId": "349",
		"awayTeam": "Army",
		"awayAbbr": "ARMY",
		"driveIndex": "9",
		"playIndex": "3",
		"offenseId": "2426",
		"offenseTeam": "Navy",
		"offenseAbbr": "NAVY",
		"defenseId": "349",
		"defenseTeam": "Army",
		"defenseAbbr": "ARMY",
		"homeScore": 10,
		"awayScore": 7,
		"isScore": false,
		"quarter": 3,
		"clock": "14:00",
		"type": "Rush",
		"down": 1,
		"distance": 10,
		"yardLine": 36,
		"yardsGained": 7,
		"endYardLine": 43,
		"description": "Joshua Walker run for 7 yds to the Navy 43"
	},
	{
		"gameId": "400934572",
		"year": 2017,
		"week": 15,
		"homeId": "2426",
		"homeTeam": "Navy",
		"homeAbbr": "NAVY",
		"awayId": "349",
		"awayTeam": "Army",
		"awayAbbr": "ARMY",
		"driveIndex": "9",
		"playIndex": "4",
		"offenseId": "2426",
		"offenseTeam": "Navy",
		"offenseAbbr": "NAVY",
		"defenseId": "349",
		"defenseTeam": "Army",
		"defenseAbbr": "ARMY",
		"homeScore": 10,
		"awayScore": 7,
		"isScore": false,
		"quarter": 3,
		"clock": "12:48",
		"type": "Rush",
		"down": 2,
		"distance": 3,
		"yardLine": 43,
		"yardsGained": 0,
		"endYardLine": 43,
		"description": "Malcolm Perry run for no gain to the Navy 43"
	},
	{
		"gameId": "400934572",
		"year": 2017,
		"week": 15,
		"homeId": "2426",
		"homeTeam": "Navy",
		"homeAbbr": "NAVY",
		"awayId": "349",
		"awayTeam": "Army",
		"awayAbbr": "ARMY",
		"driveIndex": "9",
		"playIndex": "5",
		"offenseId": "2426",
		"offenseTeam": "Navy",
		"offenseAbbr": "NAVY",
		"defenseId": "349",
		"defenseTeam": "Army",
		"defenseAbbr": "ARMY",
		"homeScore": 10,
		"awayScore": 7,
		"isScore": false,
		"quarter": 3,
		"clock": "12:04",
		"type": "Rush",
		"down": 3,
		"distance": 3,
		"yardLine": 43,
		"yardsGained": 46,
		"endYardLine": 89,
		"description": "Malcolm Perry run for 46 yds to the Army 11 for a 1ST down"
	},
	{
		"gameId": "400934572",
		"year": 2017,
		"week": 15,
		"homeId": "2426",
		"homeTeam": "Navy",
		"homeAbbr": "NAVY",
		"awayId": "349",
		"awayTeam": "Army",
		"awayAbbr": "ARMY",
		"driveIndex": "9",
		"playIndex": "6",
		"offenseId": "2426",
		"offenseTeam": "Navy",
		"offenseAbbr": "NAVY",
		"defenseId": "349",
		"defenseTeam": "Army",
		"defenseAbbr": "ARMY",
		"homeScore": 10,
		"awayScore": 7,
		"isScore": false,
		"quarter": 3,
		"clock": "11:22",
		"type": "Rush",
		"down": 1,
		"distance": 10,
		"yardLine": 89,
		"yardsGained": 4,
		"endYardLine": 93,
		"description": "Chris High run for 4 yds to the Army 7"
	},
	{
		"gameId": "400934572",
		"year": 2017,
		"week": 15,
		"homeId": "2426",
		"homeTeam": "Navy",
		"homeAbbr": "NAVY",
		"awayId": "349",
		"awayTeam": "Army",
		"awayAbbr": "ARMY",
		"driveIndex": "9",
		"playIndex": "7",
		"offenseId": "2426",
		"offenseTeam": "Navy",
		"offenseAbbr": "NAVY",
		"defenseId": "349",
		"defenseTeam": "Army",
		"defenseAbbr": "ARMY",
		"homeScore": 10,
		"awayScore": 7,
		"isScore": false,
		"quarter": 3,
		"clock": "10:22",
		"type": "Rush",
		"down": 2,
		"distance": 6,
		"yardLine": 93,
		"yardsGained": 0,
		"endYardLine": 93,
		"description": "Malcolm Perry run for no gain to the Army 7"
	},
	{
		"gameId": "400934572",
		"year": 2017,
		"week": 15,
		"homeId": "2426",
		"homeTeam": "Navy",
		"homeAbbr": "NAVY",
		"awayId": "349",
		"awayTeam": "Army",
		"awayAbbr": "ARMY",
		"driveIndex": "9",
		"playIndex": "8",
		"offenseId": "2426",
		"offenseTeam": "Navy",
		"offenseAbbr": "NAVY",
		"defenseId": "349",
		"defenseTeam": "Army",
		"defenseAbbr": "ARMY",
		"homeScore": 10,
		"awayScore": 7,
		"isScore": false,
		"quarter": 3,
		"clock": "10:02",
		"type": "Rush",
		"down": 3,
		"distance": 6,
		"yardLine": 93,
		"yardsGained": 1,
		"endYardLine": 94,
		"description": "Malcolm Perry run for 1 yd to the Army 6"
	},
	{
		"gameId": "400934572",
		"year": 2017,
		"week": 15,
		"homeId": "2426",
		"homeTeam": "Navy",
		"homeAbbr": "NAVY",
		"awayId": "349",
		"awayTeam": "Army",
		"awayAbbr": "ARMY",
		"driveIndex": "9",
		"playIndex": "9",
		"offenseId": "2426",
		"offenseTeam": "Navy",
		"offenseAbbr": "NAVY",
		"defenseId": "349",
		"defenseTeam": "Army",
		"defenseAbbr": "ARMY",
		"homeScore": 13,
		"awayScore": 7,
		"isScore": true,
		"quarter": 3,
		"clock": "9:16",
		"type": "Field Goal Good",
		"down": 4,
		"distance": 5,
		"yardLine": 94,
		"yardsGained": 24,
		"endYardLine": 94,
		"description": "Bennett Moehring 24 yd FG GOOD"
	},
	{
		"gameId": "400934572",
		"year": 2017,
		"week": 15,
		"homeId": "2426",
		"homeTeam": "Navy",
		"homeAbbr": "NAVY",
		"awayId": "349",
		"awayTeam": "Army",
		"awayAbbr": "ARMY",
		"driveIndex": "10",
		"playIndex": "0",
		"offenseId": "2426",
		"offenseTeam": "Navy",
		"offenseAbbr": "NAVY",
		"defenseId": "349",
		"defenseTeam": "Army",
		"defenseAbbr": "ARMY",
		"homeScore": 13,
		"awayScore": 7,
		"isScore": false,
		"quarter": 3,
		"clock": "9:16",
		"type": "Kickoff",
		"down": 4,
		"distance": 5,
		"yardLine": 35,
		"yardsGained": 10,
		"endYardLine": 80,
		"description": "Bennett Moehring kickoff for 55 yds , Glen Coates return for 10 yds to the Army 20"
	},
	{
		"gameId": "400934572",
		"year": 2017,
		"week": 15,
		"homeId": "2426",
		"homeTeam": "Navy",
		"homeAbbr": "NAVY",
		"awayId": "349",
		"awayTeam": "Army",
		"awayAbbr": "ARMY",
		"driveIndex": "10",
		"playIndex": "1",
		"offenseId": "349",
		"offenseTeam": "Army",
		"offenseAbbr": "ARMY",
		"defenseId": "2426",
		"defenseTeam": "Navy",
		"defenseAbbr": "NAVY",
		"homeScore": 13,
		"awayScore": 7,
		"isScore": false,
		"quarter": 3,
		"clock": "9:05",
		"type": "Rush",
		"down": 1,
		"distance": 10,
		"yardLine": 80,
		"yardsGained": 1,
		"endYardLine": 79,
		"description": "Andy Davidson run for 1 yd to the Army 21"
	},
	{
		"gameId": "400934572",
		"year": 2017,
		"week": 15,
		"homeId": "2426",
		"homeTeam": "Navy",
		"homeAbbr": "NAVY",
		"awayId": "349",
		"awayTeam": "Army",
		"awayAbbr": "ARMY",
		"driveIndex": "10",
		"playIndex": "2",
		"offenseId": "349",
		"offenseTeam": "Army",
		"offenseAbbr": "ARMY",
		"defenseId": "2426",
		"defenseTeam": "Navy",
		"defenseAbbr": "NAVY",
		"homeScore": 13,
		"awayScore": 7,
		"isScore": false,
		"quarter": 3,
		"clock": "9:00",
		"type": "Rush",
		"down": 2,
		"distance": 9,
		"yardLine": 79,
		"yardsGained": 2,
		"endYardLine": 77,
		"description": "Ahmad Bradshaw run for 2 yds to the Army 23"
	},
	{
		"gameId": "400934572",
		"year": 2017,
		"week": 15,
		"homeId": "2426",
		"homeTeam": "Navy",
		"homeAbbr": "NAVY",
		"awayId": "349",
		"awayTeam": "Army",
		"awayAbbr": "ARMY",
		"driveIndex": "10",
		"playIndex": "3",
		"offenseId": "349",
		"offenseTeam": "Army",
		"offenseAbbr": "ARMY",
		"defenseId": "2426",
		"defenseTeam": "Navy",
		"defenseAbbr": "NAVY",
		"homeScore": 13,
		"awayScore": 7,
		"isScore": false,
		"quarter": 3,
		"clock": "8:00",
		"type": "Pass Reception",
		"down": 3,
		"distance": 7,
		"yardLine": 77,
		"yardsGained": 20,
		"endYardLine": 57,
		"description": "Ahmad Bradshaw pass complete to Calen Holt for 20 yds to the Army 43 for a 1ST down"
	},
	{
		"gameId": "400934572",
		"year": 2017,
		"week": 15,
		"homeId": "2426",
		"homeTeam": "Navy",
		"homeAbbr": "NAVY",
		"awayId": "349",
		"awayTeam": "Army",
		"awayAbbr": "ARMY",
		"driveIndex": "10",
		"playIndex": "4",
		"offenseId": "349",
		"offenseTeam": "Army",
		"offenseAbbr": "ARMY",
		"defenseId": "2426",
		"defenseTeam": "Navy",
		"defenseAbbr": "NAVY",
		"homeScore": 13,
		"awayScore": 7,
		"isScore": false,
		"quarter": 3,
		"clock": "7:06",
		"type": "Rush",
		"down": 1,
		"distance": 10,
		"yardLine": 57,
		"yardsGained": 2,
		"endYardLine": 55,
		"description": "Ahmad Bradshaw run for 2 yds to the Army 45"
	},
	{
		"gameId": "400934572",
		"year": 2017,
		"week": 15,
		"homeId": "2426",
		"homeTeam": "Navy",
		"homeAbbr": "NAVY",
		"awayId": "349",
		"awayTeam": "Army",
		"awayAbbr": "ARMY",
		"driveIndex": "10",
		"playIndex": "5",
		"offenseId": "349",
		"offenseTeam": "Army",
		"offenseAbbr": "ARMY",
		"defenseId": "2426",
		"defenseTeam": "Navy",
		"defenseAbbr": "NAVY",
		"homeScore": 13,
		"awayScore": 7,
		"isScore": false,
		"quarter": 3,
		"clock": "6:17",
		"type": "Rush",
		"down": 2,
		"distance": 8,
		"yardLine": 55,
		"yardsGained": 21,
		"endYardLine": 34,
		"description": "Ahmad Bradshaw run for 21 yds to the Navy 34 for a 1ST down"
	},
	{
		"gameId": "400934572",
		"year": 2017,
		"week": 15,
		"homeId": "2426",
		"homeTeam": "Navy",
		"homeAbbr": "NAVY",
		"awayId": "349",
		"awayTeam": "Army",
		"awayAbbr": "ARMY",
		"driveIndex": "10",
		"playIndex": "6",
		"offenseId": "349",
		"offenseTeam": "Army",
		"offenseAbbr": "ARMY",
		"defenseId": "2426",
		"defenseTeam": "Navy",
		"defenseAbbr": "NAVY",
		"homeScore": 13,
		"awayScore": 7,
		"isScore": false,
		"quarter": 3,
		"clock": "5:38",
		"type": "Rush",
		"down": 1,
		"distance": 10,
		"yardLine": 34,
		"yardsGained": 9,
		"endYardLine": 25,
		"description": "Darnell Woolfolk run for 9 yds to the Navy 25"
	},
	{
		"gameId": "400934572",
		"year": 2017,
		"week": 15,
		"homeId": "2426",
		"homeTeam": "Navy",
		"homeAbbr": "NAVY",
		"awayId": "349",
		"awayTeam": "Army",
		"awayAbbr": "ARMY",
		"driveIndex": "10",
		"playIndex": "7",
		"offenseId": "349",
		"offenseTeam": "Army",
		"offenseAbbr": "ARMY",
		"defenseId": "2426",
		"defenseTeam": "Navy",
		"defenseAbbr": "NAVY",
		"homeScore": 13,
		"awayScore": 7,
		"isScore": false,
		"quarter": 3,
		"clock": "5:03",
		"type": "Rush",
		"down": 2,
		"distance": 1,
		"yardLine": 25,
		"yardsGained": 3,
		"endYardLine": 22,
		"description": "Darnell Woolfolk run for 3 yds to the Navy 22 for a 1ST down"
	},
	{
		"gameId": "400934572",
		"year": 2017,
		"week": 15,
		"homeId": "2426",
		"homeTeam": "Navy",
		"homeAbbr": "NAVY",
		"awayId": "349",
		"awayTeam": "Army",
		"awayAbbr": "ARMY",
		"driveIndex": "10",
		"playIndex": "8",
		"offenseId": "349",
		"offenseTeam": "Army",
		"offenseAbbr": "ARMY",
		"defenseId": "2426",
		"defenseTeam": "Navy",
		"defenseAbbr": "NAVY",
		"homeScore": 13,
		"awayScore": 7,
		"isScore": false,
		"quarter": 3,
		"clock": "4:25",
		"type": "Rush",
		"down": 1,
		"distance": 10,
		"yardLine": 22,
		"yardsGained": 4,
		"endYardLine": 18,
		"description": "Andy Davidson run for 4 yds to the Navy 18"
	},
	{
		"gameId": "400934572",
		"year": 2017,
		"week": 15,
		"homeId": "2426",
		"homeTeam": "Navy",
		"homeAbbr": "NAVY",
		"awayId": "349",
		"awayTeam": "Army",
		"awayAbbr": "ARMY",
		"driveIndex": "10",
		"playIndex": "9",
		"offenseId": "349",
		"offenseTeam": "Army",
		"offenseAbbr": "ARMY",
		"defenseId": "2426",
		"defenseTeam": "Navy",
		"defenseAbbr": "NAVY",
		"homeScore": 13,
		"awayScore": 7,
		"isScore": false,
		"quarter": 3,
		"clock": "3:46",
		"type": "Rush",
		"down": 2,
		"distance": 6,
		"yardLine": 18,
		"yardsGained": 3,
		"endYardLine": 15,
		"description": "Andy Davidson run for 3 yds to the Navy 15"
	},
	{
		"gameId": "400934572",
		"year": 2017,
		"week": 15,
		"homeId": "2426",
		"homeTeam": "Navy",
		"homeAbbr": "NAVY",
		"awayId": "349",
		"awayTeam": "Army",
		"awayAbbr": "ARMY",
		"driveIndex": "10",
		"playIndex": "10",
		"offenseId": "349",
		"offenseTeam": "Army",
		"offenseAbbr": "ARMY",
		"defenseId": "2426",
		"defenseTeam": "Navy",
		"defenseAbbr": "NAVY",
		"homeScore": 13,
		"awayScore": 7,
		"isScore": false,
		"quarter": 3,
		"clock": "3:05",
		"type": "Rush",
		"down": 3,
		"distance": 3,
		"yardLine": 15,
		"yardsGained": 3,
		"endYardLine": 12,
		"description": "Darnell Woolfolk run for 3 yds to the Navy 12 for a 1ST down"
	},
	{
		"gameId": "400934572",
		"year": 2017,
		"week": 15,
		"homeId": "2426",
		"homeTeam": "Navy",
		"homeAbbr": "NAVY",
		"awayId": "349",
		"awayTeam": "Army",
		"awayAbbr": "ARMY",
		"driveIndex": "10",
		"playIndex": "11",
		"offenseId": "349",
		"offenseTeam": "Army",
		"offenseAbbr": "ARMY",
		"defenseId": "2426",
		"defenseTeam": "Navy",
		"defenseAbbr": "NAVY",
		"homeScore": 13,
		"awayScore": 7,
		"isScore": false,
		"quarter": 3,
		"clock": "2:31",
		"type": "Rush",
		"down": 1,
		"distance": 10,
		"yardLine": 12,
		"yardsGained": 3,
		"endYardLine": 9,
		"description": "Andy Davidson run for 3 yds to the Navy 9"
	},
	{
		"gameId": "400934572",
		"year": 2017,
		"week": 15,
		"homeId": "2426",
		"homeTeam": "Navy",
		"homeAbbr": "NAVY",
		"awayId": "349",
		"awayTeam": "Army",
		"awayAbbr": "ARMY",
		"driveIndex": "10",
		"playIndex": "12",
		"offenseId": "349",
		"offenseTeam": "Army",
		"offenseAbbr": "ARMY",
		"defenseId": "2426",
		"defenseTeam": "Navy",
		"defenseAbbr": "NAVY",
		"homeScore": 13,
		"awayScore": 7,
		"isScore": false,
		"quarter": 3,
		"clock": "1:45",
		"type": "Rush",
		"down": 2,
		"distance": 7,
		"yardLine": 9,
		"yardsGained": -1,
		"endYardLine": 10,
		"description": "Kell Walker run for a loss of 1 yard to the Navy 10"
	},
	{
		"gameId": "400934572",
		"year": 2017,
		"week": 15,
		"homeId": "2426",
		"homeTeam": "Navy",
		"homeAbbr": "NAVY",
		"awayId": "349",
		"awayTeam": "Army",
		"awayAbbr": "ARMY",
		"driveIndex": "10",
		"playIndex": "13",
		"offenseId": "349",
		"offenseTeam": "Army",
		"offenseAbbr": "ARMY",
		"defenseId": "2426",
		"defenseTeam": "Navy",
		"defenseAbbr": "NAVY",
		"homeScore": 13,
		"awayScore": 7,
		"isScore": false,
		"quarter": 3,
		"clock": "1:05",
		"type": "Penalty",
		"down": 3,
		"distance": 8,
		"yardLine": 10,
		"yardsGained": -5,
		"endYardLine": 15,
		"description": "ARMY Penalty, False Start (Rick Kurz) to the Navy 15"
	},
	{
		"gameId": "400934572",
		"year": 2017,
		"week": 15,
		"homeId": "2426",
		"homeTeam": "Navy",
		"homeAbbr": "NAVY",
		"awayId": "349",
		"awayTeam": "Army",
		"awayAbbr": "ARMY",
		"driveIndex": "10",
		"playIndex": "14",
		"offenseId": "349",
		"offenseTeam": "Army",
		"offenseAbbr": "ARMY",
		"defenseId": "2426",
		"defenseTeam": "Navy",
		"defenseAbbr": "NAVY",
		"homeScore": 13,
		"awayScore": 7,
		"isScore": false,
		"quarter": 3,
		"clock": "0:41",
		"type": "Timeout",
		"down": 3,
		"distance": 13,
		"yardLine": 15,
		"yardsGained": 0,
		"endYardLine": 15,
		"description": "Timeout ARMY, clock 00:41"
	},
	{
		"gameId": "400934572",
		"year": 2017,
		"week": 15,
		"homeId": "2426",
		"homeTeam": "Navy",
		"homeAbbr": "NAVY",
		"awayId": "349",
		"awayTeam": "Army",
		"awayAbbr": "ARMY",
		"driveIndex": "10",
		"playIndex": "15",
		"offenseId": "349",
		"offenseTeam": "Army",
		"offenseAbbr": "ARMY",
		"defenseId": "2426",
		"defenseTeam": "Navy",
		"defenseAbbr": "NAVY",
		"homeScore": 13,
		"awayScore": 7,
		"isScore": false,
		"quarter": 3,
		"clock": "0:00",
		"type": "Rush",
		"down": 3,
		"distance": 13,
		"yardLine": 15,
		"yardsGained": -3,
		"endYardLine": 18,
		"description": "John Trainor run for a loss of 3 yards to the Navy 18"
	},
	{
		"gameId": "400934572",
		"year": 2017,
		"week": 15,
		"homeId": "2426",
		"homeTeam": "Navy",
		"homeAbbr": "NAVY",
		"awayId": "349",
		"awayTeam": "Army",
		"awayAbbr": "ARMY",
		"driveIndex": "10",
		"playIndex": "16",
		"offenseId": "349",
		"offenseTeam": "Army",
		"offenseAbbr": "ARMY",
		"defenseId": "2426",
		"defenseTeam": "Navy",
		"defenseAbbr": "NAVY",
		"homeScore": 13,
		"awayScore": 7,
		"isScore": false,
		"quarter": 3,
		"clock": "0:00",
		"type": "End Period",
		"down": 0,
		"distance": 13,
		"yardLine": 0,
		"yardsGained": 0,
		"endYardLine": 18,
		"description": "End of 3rd Quarter"
	},
	{
		"gameId": "400934572",
		"year": 2017,
		"week": 15,
		"homeId": "2426",
		"homeTeam": "Navy",
		"homeAbbr": "NAVY",
		"awayId": "349",
		"awayTeam": "Army",
		"awayAbbr": "ARMY",
		"driveIndex": "10",
		"playIndex": "17",
		"offenseId": "349",
		"offenseTeam": "Army",
		"offenseAbbr": "ARMY",
		"defenseId": "2426",
		"defenseTeam": "Navy",
		"defenseAbbr": "NAVY",
		"homeScore": 13,
		"awayScore": 7,
		"isScore": false,
		"quarter": 4,
		"clock": "14:55",
		"type": "Field Goal Missed",
		"down": 4,
		"distance": 16,
		"yardLine": 18,
		"yardsGained": 35,
		"endYardLine": 20,
		"description": "Blake Wilson 35 yd FG MISSED"
	},
	{
		"gameId": "400934572",
		"year": 2017,
		"week": 15,
		"homeId": "2426",
		"homeTeam": "Navy",
		"homeAbbr": "NAVY",
		"awayId": "349",
		"awayTeam": "Army",
		"awayAbbr": "ARMY",
		"driveIndex": "11",
		"playIndex": "0",
		"offenseId": "2426",
		"offenseTeam": "Navy",
		"offenseAbbr": "NAVY",
		"defenseId": "349",
		"defenseTeam": "Army",
		"defenseAbbr": "ARMY",
		"homeScore": 13,
		"awayScore": 7,
		"isScore": false,
		"quarter": 4,
		"clock": "14:55",
		"type": "Penalty",
		"down": 1,
		"distance": 10,
		"yardLine": 20,
		"yardsGained": -5,
		"endYardLine": 15,
		"description": "NAVY Penalty, False Start (-5 Yards) to the Navy 15"
	},
	{
		"gameId": "400934572",
		"year": 2017,
		"week": 15,
		"homeId": "2426",
		"homeTeam": "Navy",
		"homeAbbr": "NAVY",
		"awayId": "349",
		"awayTeam": "Army",
		"awayAbbr": "ARMY",
		"driveIndex": "11",
		"playIndex": "1",
		"offenseId": "2426",
		"offenseTeam": "Navy",
		"offenseAbbr": "NAVY",
		"defenseId": "349",
		"defenseTeam": "Army",
		"defenseAbbr": "ARMY",
		"homeScore": 13,
		"awayScore": 7,
		"isScore": false,
		"quarter": 4,
		"clock": "14:48",
		"type": "Rush",
		"down": 1,
		"distance": 15,
		"yardLine": 15,
		"yardsGained": 4,
		"endYardLine": 19,
		"description": "Chris High run for 4 yds to the Navy 19"
	},
	{
		"gameId": "400934572",
		"year": 2017,
		"week": 15,
		"homeId": "2426",
		"homeTeam": "Navy",
		"homeAbbr": "NAVY",
		"awayId": "349",
		"awayTeam": "Army",
		"awayAbbr": "ARMY",
		"driveIndex": "11",
		"playIndex": "2",
		"offenseId": "2426",
		"offenseTeam": "Navy",
		"offenseAbbr": "NAVY",
		"defenseId": "349",
		"defenseTeam": "Army",
		"defenseAbbr": "ARMY",
		"homeScore": 13,
		"awayScore": 7,
		"isScore": false,
		"quarter": 4,
		"clock": "14:06",
		"type": "Rush",
		"down": 2,
		"distance": 11,
		"yardLine": 19,
		"yardsGained": 3,
		"endYardLine": 22,
		"description": "Joshua Walker run for 3 yds to the Navy 22"
	},
	{
		"gameId": "400934572",
		"year": 2017,
		"week": 15,
		"homeId": "2426",
		"homeTeam": "Navy",
		"homeAbbr": "NAVY",
		"awayId": "349",
		"awayTeam": "Army",
		"awayAbbr": "ARMY",
		"driveIndex": "11",
		"playIndex": "3",
		"offenseId": "2426",
		"offenseTeam": "Navy",
		"offenseAbbr": "NAVY",
		"defenseId": "349",
		"defenseTeam": "Army",
		"defenseAbbr": "ARMY",
		"homeScore": 13,
		"awayScore": 7,
		"isScore": false,
		"quarter": 4,
		"clock": "13:25",
		"type": "Rush",
		"down": 3,
		"distance": 8,
		"yardLine": 22,
		"yardsGained": 2,
		"endYardLine": 24,
		"description": "Chris High run for 2 yds to the Navy 24"
	},
	{
		"gameId": "400934572",
		"year": 2017,
		"week": 15,
		"homeId": "2426",
		"homeTeam": "Navy",
		"homeAbbr": "NAVY",
		"awayId": "349",
		"awayTeam": "Army",
		"awayAbbr": "ARMY",
		"driveIndex": "11",
		"playIndex": "4",
		"offenseId": "2426",
		"offenseTeam": "Navy",
		"offenseAbbr": "NAVY",
		"defenseId": "349",
		"defenseTeam": "Army",
		"defenseAbbr": "ARMY",
		"homeScore": 13,
		"awayScore": 7,
		"isScore": false,
		"quarter": 4,
		"clock": "12:50",
		"type": "Punt",
		"down": 4,
		"distance": 6,
		"yardLine": 24,
		"yardsGained": 40,
		"endYardLine": 65,
		"description": "Owen White punt for 40 yds , John Trainor returns for a loss of 1 yard to the Army 35"
	},
	{
		"gameId": "400934572",
		"year": 2017,
		"week": 15,
		"homeId": "2426",
		"homeTeam": "Navy",
		"homeAbbr": "NAVY",
		"awayId": "349",
		"awayTeam": "Army",
		"awayAbbr": "ARMY",
		"driveIndex": "12",
		"playIndex": "0",
		"offenseId": "349",
		"offenseTeam": "Army",
		"offenseAbbr": "ARMY",
		"defenseId": "2426",
		"defenseTeam": "Navy",
		"defenseAbbr": "NAVY",
		"homeScore": 13,
		"awayScore": 7,
		"isScore": false,
		"quarter": 4,
		"clock": "12:44",
		"type": "Rush",
		"down": 1,
		"distance": 10,
		"yardLine": 65,
		"yardsGained": 12,
		"endYardLine": 53,
		"description": "Ahmad Bradshaw run for 12 yds to the Army 47 for a 1ST down"
	},
	{
		"gameId": "400934572",
		"year": 2017,
		"week": 15,
		"homeId": "2426",
		"homeTeam": "Navy",
		"homeAbbr": "NAVY",
		"awayId": "349",
		"awayTeam": "Army",
		"awayAbbr": "ARMY",
		"driveIndex": "12",
		"playIndex": "1",
		"offenseId": "349",
		"offenseTeam": "Army",
		"offenseAbbr": "ARMY",
		"defenseId": "2426",
		"defenseTeam": "Navy",
		"defenseAbbr": "NAVY",
		"homeScore": 13,
		"awayScore": 7,
		"isScore": false,
		"quarter": 4,
		"clock": "12:14",
		"type": "Rush",
		"down": 1,
		"distance": 10,
		"yardLine": 53,
		"yardsGained": 12,
		"endYardLine": 41,
		"description": "Ahmad Bradshaw run for 12 yds to the Navy 41 for a 1ST down"
	},
	{
		"gameId": "400934572",
		"year": 2017,
		"week": 15,
		"homeId": "2426",
		"homeTeam": "Navy",
		"homeAbbr": "NAVY",
		"awayId": "349",
		"awayTeam": "Army",
		"awayAbbr": "ARMY",
		"driveIndex": "12",
		"playIndex": "2",
		"offenseId": "349",
		"offenseTeam": "Army",
		"offenseAbbr": "ARMY",
		"defenseId": "2426",
		"defenseTeam": "Navy",
		"defenseAbbr": "NAVY",
		"homeScore": 13,
		"awayScore": 7,
		"isScore": false,
		"quarter": 4,
		"clock": "11:36",
		"type": "Rush",
		"down": 1,
		"distance": 10,
		"yardLine": 41,
		"yardsGained": 9,
		"endYardLine": 32,
		"description": "Ahmad Bradshaw run for 9 yds to the Navy 32"
	},
	{
		"gameId": "400934572",
		"year": 2017,
		"week": 15,
		"homeId": "2426",
		"homeTeam": "Navy",
		"homeAbbr": "NAVY",
		"awayId": "349",
		"awayTeam": "Army",
		"awayAbbr": "ARMY",
		"driveIndex": "12",
		"playIndex": "3",
		"offenseId": "349",
		"offenseTeam": "Army",
		"offenseAbbr": "ARMY",
		"defenseId": "2426",
		"defenseTeam": "Navy",
		"defenseAbbr": "NAVY",
		"homeScore": 13,
		"awayScore": 7,
		"isScore": false,
		"quarter": 4,
		"clock": "10:57",
		"type": "Rush",
		"down": 2,
		"distance": 1,
		"yardLine": 32,
		"yardsGained": 3,
		"endYardLine": 29,
		"description": "Andy Davidson run for 3 yds to the Navy 29 for a 1ST down"
	},
	{
		"gameId": "400934572",
		"year": 2017,
		"week": 15,
		"homeId": "2426",
		"homeTeam": "Navy",
		"homeAbbr": "NAVY",
		"awayId": "349",
		"awayTeam": "Army",
		"awayAbbr": "ARMY",
		"driveIndex": "12",
		"playIndex": "4",
		"offenseId": "349",
		"offenseTeam": "Army",
		"offenseAbbr": "ARMY",
		"defenseId": "2426",
		"defenseTeam": "Navy",
		"defenseAbbr": "NAVY",
		"homeScore": 13,
		"awayScore": 7,
		"isScore": false,
		"quarter": 4,
		"clock": "10:15",
		"type": "Rush",
		"down": 1,
		"distance": 10,
		"yardLine": 29,
		"yardsGained": 5,
		"endYardLine": 24,
		"description": "Ahmad Bradshaw run for 5 yds to the Navy 24"
	},
	{
		"gameId": "400934572",
		"year": 2017,
		"week": 15,
		"homeId": "2426",
		"homeTeam": "Navy",
		"homeAbbr": "NAVY",
		"awayId": "349",
		"awayTeam": "Army",
		"awayAbbr": "ARMY",
		"driveIndex": "12",
		"playIndex": "5",
		"offenseId": "349",
		"offenseTeam": "Army",
		"offenseAbbr": "ARMY",
		"defenseId": "2426",
		"defenseTeam": "Navy",
		"defenseAbbr": "NAVY",
		"homeScore": 13,
		"awayScore": 7,
		"isScore": false,
		"quarter": 4,
		"clock": "9:33",
		"type": "Rush",
		"down": 2,
		"distance": 5,
		"yardLine": 24,
		"yardsGained": 3,
		"endYardLine": 21,
		"description": "Darnell Woolfolk run for 3 yds to the Navy 21"
	},
	{
		"gameId": "400934572",
		"year": 2017,
		"week": 15,
		"homeId": "2426",
		"homeTeam": "Navy",
		"homeAbbr": "NAVY",
		"awayId": "349",
		"awayTeam": "Army",
		"awayAbbr": "ARMY",
		"driveIndex": "12",
		"playIndex": "6",
		"offenseId": "349",
		"offenseTeam": "Army",
		"offenseAbbr": "ARMY",
		"defenseId": "2426",
		"defenseTeam": "Navy",
		"defenseAbbr": "NAVY",
		"homeScore": 13,
		"awayScore": 7,
		"isScore": false,
		"quarter": 4,
		"clock": "8:52",
		"type": "Rush",
		"down": 3,
		"distance": 2,
		"yardLine": 21,
		"yardsGained": 2,
		"endYardLine": 19,
		"description": "Ahmad Bradshaw run for 2 yds to the Navy 19 for a 1ST down"
	},
	{
		"gameId": "400934572",
		"year": 2017,
		"week": 15,
		"homeId": "2426",
		"homeTeam": "Navy",
		"homeAbbr": "NAVY",
		"awayId": "349",
		"awayTeam": "Army",
		"awayAbbr": "ARMY",
		"driveIndex": "12",
		"playIndex": "7",
		"offenseId": "349",
		"offenseTeam": "Army",
		"offenseAbbr": "ARMY",
		"defenseId": "2426",
		"defenseTeam": "Navy",
		"defenseAbbr": "NAVY",
		"homeScore": 13,
		"awayScore": 7,
		"isScore": false,
		"quarter": 4,
		"clock": "8:23",
		"type": "Rush",
		"down": 1,
		"distance": 10,
		"yardLine": 19,
		"yardsGained": 5,
		"endYardLine": 14,
		"description": "Ahmad Bradshaw run for 5 yds to the Navy 14"
	},
	{
		"gameId": "400934572",
		"year": 2017,
		"week": 15,
		"homeId": "2426",
		"homeTeam": "Navy",
		"homeAbbr": "NAVY",
		"awayId": "349",
		"awayTeam": "Army",
		"awayAbbr": "ARMY",
		"driveIndex": "12",
		"playIndex": "8",
		"offenseId": "349",
		"offenseTeam": "Army",
		"offenseAbbr": "ARMY",
		"defenseId": "2426",
		"defenseTeam": "Navy",
		"defenseAbbr": "NAVY",
		"homeScore": 13,
		"awayScore": 7,
		"isScore": false,
		"quarter": 4,
		"clock": "7:40",
		"type": "Rush",
		"down": 2,
		"distance": 5,
		"yardLine": 14,
		"yardsGained": 4,
		"endYardLine": 10,
		"description": "Andy Davidson run for 4 yds to the Navy 10"
	},
	{
		"gameId": "400934572",
		"year": 2017,
		"week": 15,
		"homeId": "2426",
		"homeTeam": "Navy",
		"homeAbbr": "NAVY",
		"awayId": "349",
		"awayTeam": "Army",
		"awayAbbr": "ARMY",
		"driveIndex": "12",
		"playIndex": "9",
		"offenseId": "349",
		"offenseTeam": "Army",
		"offenseAbbr": "ARMY",
		"defenseId": "2426",
		"defenseTeam": "Navy",
		"defenseAbbr": "NAVY",
		"homeScore": 13,
		"awayScore": 7,
		"isScore": false,
		"quarter": 4,
		"clock": "7:04",
		"type": "Rush",
		"down": 3,
		"distance": 1,
		"yardLine": 10,
		"yardsGained": 1,
		"endYardLine": 9,
		"description": "Ahmad Bradshaw run for 1 yd to the Navy 9 for a 1ST down"
	},
	{
		"gameId": "400934572",
		"year": 2017,
		"week": 15,
		"homeId": "2426",
		"homeTeam": "Navy",
		"homeAbbr": "NAVY",
		"awayId": "349",
		"awayTeam": "Army",
		"awayAbbr": "ARMY",
		"driveIndex": "12",
		"playIndex": "10",
		"offenseId": "349",
		"offenseTeam": "Army",
		"offenseAbbr": "ARMY",
		"defenseId": "2426",
		"defenseTeam": "Navy",
		"defenseAbbr": "NAVY",
		"homeScore": 13,
		"awayScore": 7,
		"isScore": false,
		"quarter": 4,
		"clock": "6:37",
		"type": "Rush",
		"down": 1,
		"distance": 9,
		"yardLine": 9,
		"yardsGained": 0,
		"endYardLine": 9,
		"description": "Ahmad Bradshaw run for no gain to the Navy 9"
	},
	{
		"gameId": "400934572",
		"year": 2017,
		"week": 15,
		"homeId": "2426",
		"homeTeam": "Navy",
		"homeAbbr": "NAVY",
		"awayId": "349",
		"awayTeam": "Army",
		"awayAbbr": "ARMY",
		"driveIndex": "12",
		"playIndex": "11",
		"offenseId": "349",
		"offenseTeam": "Army",
		"offenseAbbr": "ARMY",
		"defenseId": "2426",
		"defenseTeam": "Navy",
		"defenseAbbr": "NAVY",
		"homeScore": 13,
		"awayScore": 7,
		"isScore": false,
		"quarter": 4,
		"clock": "5:57",
		"type": "Rush",
		"down": 2,
		"distance": 9,
		"yardLine": 9,
		"yardsGained": 8,
		"endYardLine": 1,
		"description": "John Trainor run for 8 yds to the Navy 1"
	},
	{
		"gameId": "400934572",
		"year": 2017,
		"week": 15,
		"homeId": "2426",
		"homeTeam": "Navy",
		"homeAbbr": "NAVY",
		"awayId": "349",
		"awayTeam": "Army",
		"awayAbbr": "ARMY",
		"driveIndex": "12",
		"playIndex": "12",
		"offenseId": "349",
		"offenseTeam": "Army",
		"offenseAbbr": "ARMY",
		"defenseId": "2426",
		"defenseTeam": "Navy",
		"defenseAbbr": "NAVY",
		"homeScore": 13,
		"awayScore": 14,
		"isScore": true,
		"quarter": 4,
		"clock": "5:10",
		"type": "Rushing Touchdown",
		"down": 3,
		"distance": 0,
		"yardLine": 1,
		"yardsGained": 1,
		"endYardLine": 0,
		"description": "Ahmad Bradshaw 1 Yd Run (Blake Wilson Kick)"
	},
	{
		"gameId": "400934572",
		"year": 2017,
		"week": 15,
		"homeId": "2426",
		"homeTeam": "Navy",
		"homeAbbr": "NAVY",
		"awayId": "349",
		"awayTeam": "Army",
		"awayAbbr": "ARMY",
		"driveIndex": "13",
		"playIndex": "0",
		"offenseId": "349",
		"offenseTeam": "Army",
		"offenseAbbr": "ARMY",
		"defenseId": "2426",
		"defenseTeam": "Navy",
		"defenseAbbr": "NAVY",
		"homeScore": 13,
		"awayScore": 14,
		"isScore": false,
		"quarter": 4,
		"clock": "5:10",
		"type": "Kickoff",
		"down": 3,
		"distance": 2,
		"yardLine": 65,
		"yardsGained": 0,
		"endYardLine": 35,
		"description": "Nick Schrage kickoff for 45 yds"
	},
	{
		"gameId": "400934572",
		"year": 2017,
		"week": 15,
		"homeId": "2426",
		"homeTeam": "Navy",
		"homeAbbr": "NAVY",
		"awayId": "349",
		"awayTeam": "Army",
		"awayAbbr": "ARMY",
		"driveIndex": "13",
		"playIndex": "1",
		"offenseId": "2426",
		"offenseTeam": "Navy",
		"offenseAbbr": "NAVY",
		"defenseId": "349",
		"defenseTeam": "Army",
		"defenseAbbr": "ARMY",
		"homeScore": 13,
		"awayScore": 14,
		"isScore": false,
		"quarter": 4,
		"clock": "5:03",
		"type": "Rush",
		"down": 1,
		"distance": 10,
		"yardLine": 35,
		"yardsGained": 6,
		"endYardLine": 41,
		"description": "Malcolm Perry run for 6 yds to the Navy 41"
	},
	{
		"gameId": "400934572",
		"year": 2017,
		"week": 15,
		"homeId": "2426",
		"homeTeam": "Navy",
		"homeAbbr": "NAVY",
		"awayId": "349",
		"awayTeam": "Army",
		"awayAbbr": "ARMY",
		"driveIndex": "13",
		"playIndex": "2",
		"offenseId": "2426",
		"offenseTeam": "Navy",
		"offenseAbbr": "NAVY",
		"defenseId": "349",
		"defenseTeam": "Army",
		"defenseAbbr": "ARMY",
		"homeScore": 13,
		"awayScore": 14,
		"isScore": false,
		"quarter": 4,
		"clock": "4:30",
		"type": "Rush",
		"down": 2,
		"distance": 4,
		"yardLine": 41,
		"yardsGained": 4,
		"endYardLine": 45,
		"description": "Malcolm Perry run for 4 yds to the Navy 45 for a 1ST down"
	},
	{
		"gameId": "400934572",
		"year": 2017,
		"week": 15,
		"homeId": "2426",
		"homeTeam": "Navy",
		"homeAbbr": "NAVY",
		"awayId": "349",
		"awayTeam": "Army",
		"awayAbbr": "ARMY",
		"driveIndex": "13",
		"playIndex": "3",
		"offenseId": "2426",
		"offenseTeam": "Navy",
		"offenseAbbr": "NAVY",
		"defenseId": "349",
		"defenseTeam": "Army",
		"defenseAbbr": "ARMY",
		"homeScore": 13,
		"awayScore": 14,
		"isScore": false,
		"quarter": 4,
		"clock": "3:50",
		"type": "Rush",
		"down": 1,
		"distance": 10,
		"yardLine": 45,
		"yardsGained": -2,
		"endYardLine": 43,
		"description": "TEAM run for a loss of 2 yards to the Navy 43"
	},
	{
		"gameId": "400934572",
		"year": 2017,
		"week": 15,
		"homeId": "2426",
		"homeTeam": "Navy",
		"homeAbbr": "NAVY",
		"awayId": "349",
		"awayTeam": "Army",
		"awayAbbr": "ARMY",
		"driveIndex": "13",
		"playIndex": "4",
		"offenseId": "2426",
		"offenseTeam": "Navy",
		"offenseAbbr": "NAVY",
		"defenseId": "349",
		"defenseTeam": "Army",
		"defenseAbbr": "ARMY",
		"homeScore": 13,
		"awayScore": 14,
		"isScore": false,
		"quarter": 4,
		"clock": "3:35",
		"type": "Rush",
		"down": 2,
		"distance": 12,
		"yardLine": 43,
		"yardsGained": 13,
		"endYardLine": 56,
		"description": "Malcolm Perry run for 13 yds to the Army 44 for a 1ST down"
	},
	{
		"gameId": "400934572",
		"year": 2017,
		"week": 15,
		"homeId": "2426",
		"homeTeam": "Navy",
		"homeAbbr": "NAVY",
		"awayId": "349",
		"awayTeam": "Army",
		"awayAbbr": "ARMY",
		"driveIndex": "13",
		"playIndex": "5",
		"offenseId": "2426",
		"offenseTeam": "Navy",
		"offenseAbbr": "NAVY",
		"defenseId": "349",
		"defenseTeam": "Army",
		"defenseAbbr": "ARMY",
		"homeScore": 13,
		"awayScore": 14,
		"isScore": false,
		"quarter": 4,
		"clock": "3:20",
		"type": "Rush",
		"down": 1,
		"distance": 10,
		"yardLine": 56,
		"yardsGained": 2,
		"endYardLine": 58,
		"description": "Malcolm Perry run for 2 yds to the Army 42"
	},
	{
		"gameId": "400934572",
		"year": 2017,
		"week": 15,
		"homeId": "2426",
		"homeTeam": "Navy",
		"homeAbbr": "NAVY",
		"awayId": "349",
		"awayTeam": "Army",
		"awayAbbr": "ARMY",
		"driveIndex": "13",
		"playIndex": "6",
		"offenseId": "2426",
		"offenseTeam": "Navy",
		"offenseAbbr": "NAVY",
		"defenseId": "349",
		"defenseTeam": "Army",
		"defenseAbbr": "ARMY",
		"homeScore": 13,
		"awayScore": 14,
		"isScore": false,
		"quarter": 4,
		"clock": "2:41",
		"type": "Rush",
		"down": 2,
		"distance": 8,
		"yardLine": 58,
		"yardsGained": 4,
		"endYardLine": 62,
		"description": "Malcolm Perry run for 4 yds to the Army 38"
	},
	{
		"gameId": "400934572",
		"year": 2017,
		"week": 15,
		"homeId": "2426",
		"homeTeam": "Navy",
		"homeAbbr": "NAVY",
		"awayId": "349",
		"awayTeam": "Army",
		"awayAbbr": "ARMY",
		"driveIndex": "13",
		"playIndex": "7",
		"offenseId": "2426",
		"offenseTeam": "Navy",
		"offenseAbbr": "NAVY",
		"defenseId": "349",
		"defenseTeam": "Army",
		"defenseAbbr": "ARMY",
		"homeScore": 13,
		"awayScore": 14,
		"isScore": false,
		"quarter": 4,
		"clock": "2:05",
		"type": "Rush",
		"down": 3,
		"distance": 4,
		"yardLine": 62,
		"yardsGained": 1,
		"endYardLine": 63,
		"description": "Malcolm Perry run for 1 yd to the Army 37"
	},
	{
		"gameId": "400934572",
		"year": 2017,
		"week": 15,
		"homeId": "2426",
		"homeTeam": "Navy",
		"homeAbbr": "NAVY",
		"awayId": "349",
		"awayTeam": "Army",
		"awayAbbr": "ARMY",
		"driveIndex": "13",
		"playIndex": "8",
		"offenseId": "2426",
		"offenseTeam": "Navy",
		"offenseAbbr": "NAVY",
		"defenseId": "349",
		"defenseTeam": "Army",
		"defenseAbbr": "ARMY",
		"homeScore": 13,
		"awayScore": 14,
		"isScore": false,
		"quarter": 4,
		"clock": "2:05",
		"type": "Timeout",
		"down": 4,
		"distance": 3,
		"yardLine": 63,
		"yardsGained": 0,
		"endYardLine": 63,
		"description": "Timeout NAVY, clock 02:05"
	},
	{
		"gameId": "400934572",
		"year": 2017,
		"week": 15,
		"homeId": "2426",
		"homeTeam": "Navy",
		"homeAbbr": "NAVY",
		"awayId": "349",
		"awayTeam": "Army",
		"awayAbbr": "ARMY",
		"driveIndex": "13",
		"playIndex": "9",
		"offenseId": "2426",
		"offenseTeam": "Navy",
		"offenseAbbr": "NAVY",
		"defenseId": "349",
		"defenseTeam": "Army",
		"defenseAbbr": "ARMY",
		"homeScore": 13,
		"awayScore": 14,
		"isScore": false,
		"quarter": 4,
		"clock": "2:05",
		"type": "Timeout",
		"down": 4,
		"distance": 3,
		"yardLine": 63,
		"yardsGained": 0,
		"endYardLine": 63,
		"description": "Timeout ARMY, clock 02:05"
	},
	{
		"gameId": "400934572",
		"year": 2017,
		"week": 15,
		"homeId": "2426",
		"homeTeam": "Navy",
		"homeAbbr": "NAVY",
		"awayId": "349",
		"awayTeam": "Army",
		"awayAbbr": "ARMY",
		"driveIndex": "13",
		"playIndex": "10",
		"offenseId": "2426",
		"offenseTeam": "Navy",
		"offenseAbbr": "NAVY",
		"defenseId": "349",
		"defenseTeam": "Army",
		"defenseAbbr": "ARMY",
		"homeScore": 13,
		"awayScore": 14,
		"isScore": false,
		"quarter": 4,
		"clock": "1:58",
		"type": "Rush",
		"down": 4,
		"distance": 3,
		"yardLine": 63,
		"yardsGained": 12,
		"endYardLine": 75,
		"description": "Malcolm Perry run for 12 yds to the Army 25 for a 1ST down"
	},
	{
		"gameId": "400934572",
		"year": 2017,
		"week": 15,
		"homeId": "2426",
		"homeTeam": "Navy",
		"homeAbbr": "NAVY",
		"awayId": "349",
		"awayTeam": "Army",
		"awayAbbr": "ARMY",
		"driveIndex": "13",
		"playIndex": "11",
		"offenseId": "2426",
		"offenseTeam": "Navy",
		"offenseAbbr": "NAVY",
		"defenseId": "349",
		"defenseTeam": "Army",
		"defenseAbbr": "ARMY",
		"homeScore": 13,
		"awayScore": 14,
		"isScore": false,
		"quarter": 4,
		"clock": "1:28",
		"type": "Rush",
		"down": 1,
		"distance": 10,
		"yardLine": 75,
		"yardsGained": 2,
		"endYardLine": 77,
		"description": "Malcolm Perry run for 2 yds to the Army 23"
	},
	{
		"gameId": "400934572",
		"year": 2017,
		"week": 15,
		"homeId": "2426",
		"homeTeam": "Navy",
		"homeAbbr": "NAVY",
		"awayId": "349",
		"awayTeam": "Army",
		"awayAbbr": "ARMY",
		"driveIndex": "13",
		"playIndex": "12",
		"offenseId": "2426",
		"offenseTeam": "Navy",
		"offenseAbbr": "NAVY",
		"defenseId": "349",
		"defenseTeam": "Army",
		"defenseAbbr": "ARMY",
		"homeScore": 13,
		"awayScore": 14,
		"isScore": false,
		"quarter": 4,
		"clock": "1:20",
		"type": "Penalty",
		"down": 2,
		"distance": 8,
		"yardLine": 77,
		"yardsGained": -5,
		"endYardLine": 72,
		"description": "NAVY Penalty, False Start (Evan Martin) to the Army 28"
	},
	{
		"gameId": "400934572",
		"year": 2017,
		"week": 15,
		"homeId": "2426",
		"homeTeam": "Navy",
		"homeAbbr": "NAVY",
		"awayId": "349",
		"awayTeam": "Army",
		"awayAbbr": "ARMY",
		"driveIndex": "13",
		"playIndex": "13",
		"offenseId": "2426",
		"offenseTeam": "Navy",
		"offenseAbbr": "NAVY",
		"defenseId": "349",
		"defenseTeam": "Army",
		"defenseAbbr": "ARMY",
		"homeScore": 13,
		"awayScore": 14,
		"isScore": false,
		"quarter": 4,
		"clock": "1:00",
		"type": "Rush",
		"down": 2,
		"distance": 13,
		"yardLine": 72,
		"yardsGained": 2,
		"endYardLine": 74,
		"description": "Chris High run for 2 yds to the Army 26"
	},
	{
		"gameId": "400934572",
		"year": 2017,
		"week": 15,
		"homeId": "2426",
		"homeTeam": "Navy",
		"homeAbbr": "NAVY",
		"awayId": "349",
		"awayTeam": "Army",
		"awayAbbr": "ARMY",
		"driveIndex": "13",
		"playIndex": "14",
		"offenseId": "2426",
		"offenseTeam": "Navy",
		"offenseAbbr": "NAVY",
		"defenseId": "349",
		"defenseTeam": "Army",
		"defenseAbbr": "ARMY",
		"homeScore": 13,
		"awayScore": 14,
		"isScore": false,
		"quarter": 4,
		"clock": "0:32",
		"type": "Penalty",
		"down": 3,
		"distance": 11,
		"yardLine": 74,
		"yardsGained": -5,
		"endYardLine": 69,
		"description": "NAVY Penalty, False Start (Tyler Carmona) to the Army 31"
	},
	{
		"gameId": "400934572",
		"year": 2017,
		"week": 15,
		"homeId": "2426",
		"homeTeam": "Navy",
		"homeAbbr": "NAVY",
		"awayId": "349",
		"awayTeam": "Army",
		"awayAbbr": "ARMY",
		"driveIndex": "13",
		"playIndex": "15",
		"offenseId": "2426",
		"offenseTeam": "Navy",
		"offenseAbbr": "NAVY",
		"defenseId": "349",
		"defenseTeam": "Army",
		"defenseAbbr": "ARMY",
		"homeScore": 13,
		"awayScore": 14,
		"isScore": false,
		"quarter": 4,
		"clock": "0:12",
		"type": "Rush",
		"down": 3,
		"distance": 16,
		"yardLine": 69,
		"yardsGained": 0,
		"endYardLine": 69,
		"description": "Malcolm Perry run for no gain to the Army 31"
	},
	{
		"gameId": "400934572",
		"year": 2017,
		"week": 15,
		"homeId": "2426",
		"homeTeam": "Navy",
		"homeAbbr": "NAVY",
		"awayId": "349",
		"awayTeam": "Army",
		"awayAbbr": "ARMY",
		"driveIndex": "13",
		"playIndex": "16",
		"offenseId": "2426",
		"offenseTeam": "Navy",
		"offenseAbbr": "NAVY",
		"defenseId": "349",
		"defenseTeam": "Army",
		"defenseAbbr": "ARMY",
		"homeScore": 13,
		"awayScore": 14,
		"isScore": false,
		"quarter": 4,
		"clock": "0:03",
		"type": "Timeout",
		"down": 4,
		"distance": 16,
		"yardLine": 69,
		"yardsGained": 0,
		"endYardLine": 69,
		"description": "Timeout NAVY, clock 00:03"
	}
]