[
	{
		"gameId": "400933921",
		"year": 2017,
		"week": 12,
		"homeId": "333",
		"homeTeam": "Alabama",
		"homeAbbr": "ALA",
		"awayId": "2382",
		"awayTeam": "Mercer",
		"awayAbbr": "MER",
		"driveIndex": "0",
		"playIndex": "0",
		"offenseId": "2382",
		"offenseTeam": "Mercer",
		"offenseAbbr": "MER",
		"defenseId": "333",
		"defenseTeam": "Alabama",
		"defenseAbbr": "ALA",
		"homeScore": 0,
		"awayScore": 0,
		"isScore": false,
		"quarter": 1,
		"clock": "15:00",
		"type": "Kickoff",
		"down": 1,
		"distance": 10,
		"yardLine": 65,
		"yardsGained": 0,
		"endYardLine": 25,
		"description": "Cole Fisher kickoff for 65 yds for a touchback"
	},
	{
		"gameId": "400933921",
		"year": 2017,
		"week": 12,
		"homeId": "333",
		"homeTeam": "Alabama",
		"homeAbbr": "ALA",
		"awayId": "2382",
		"awayTeam": "Mercer",
		"awayAbbr": "MER",
		"driveIndex": "0",
		"playIndex": "1",
		"offenseId": "333",
		"offenseTeam": "Alabama",
		"offenseAbbr": "ALA",
		"defenseId": "2382",
		"defenseTeam": "Mercer",
		"defenseAbbr": "MER",
		"homeScore": 0,
		"awayScore": 0,
		"isScore": false,
		"quarter": 1,
		"clock": "14:53",
		"type": "Rush",
		"down": 1,
		"distance": 10,
		"yardLine": 25,
		"yardsGained": 7,
		"endYardLine": 32,
		"description": "Damien Harris run for 7 yds to the Alab 32"
	},
	{
		"gameId": "400933921",
		"year": 2017,
		"week": 12,
		"homeId": "333",
		"homeTeam": "Alabama",
		"homeAbbr": "ALA",
		"awayId": "2382",
		"awayTeam": "Mercer",
		"awayAbbr": "MER",
		"driveIndex": "0",
		"playIndex": "2",
		"offenseId": "333",
		"offenseTeam": "Alabama",
		"offenseAbbr": "ALA",
		"defenseId": "2382",
		"defenseTeam": "Mercer",
		"defenseAbbr": "MER",
		"homeScore": 0,
		"awayScore": 0,
		"isScore": false,
		"quarter": 1,
		"clock": "14:39",
		"type": "Rush",
		"down": 2,
		"distance": 3,
		"yardLine": 32,
		"yardsGained": 0,
		"endYardLine": 32,
		"description": "Damien Harris run for no gain to the Alab 32"
	},
	{
		"gameId": "400933921",
		"year": 2017,
		"week": 12,
		"homeId": "333",
		"homeTeam": "Alabama",
		"homeAbbr": "ALA",
		"awayId": "2382",
		"awayTeam": "Mercer",
		"awayAbbr": "MER",
		"driveIndex": "0",
		"playIndex": "3",
		"offenseId": "333",
		"offenseTeam": "Alabama",
		"offenseAbbr": "ALA",
		"defenseId": "2382",
		"defenseTeam": "Mercer",
		"defenseAbbr": "MER",
		"homeScore": 0,
		"awayScore": 0,
		"isScore": false,
		"quarter": 1,
		"clock": "14:18",
		"type": "Rush",
		"down": 3,
		"distance": 3,
		"yardLine": 32,
		"yardsGained": 4,
		"endYardLine": 36,
		"description": "Jalen Hurts run for 4 yds to the Alab 36 for a 1ST down"
	},
	{
		"gameId": "400933921",
		"year": 2017,
		"week": 12,
		"homeId": "333",
		"homeTeam": "Alabama",
		"homeAbbr": "ALA",
		"awayId": "2382",
		"awayTeam": "Mercer",
		"awayAbbr": "MER",
		"driveIndex": "0",
		"playIndex": "4",
		"offenseId": "333",
		"offenseTeam": "Alabama",
		"offenseAbbr": "ALA",
		"defenseId": "2382",
		"defenseTeam": "Mercer",
		"defenseAbbr": "MER",
		"homeScore": 0,
		"awayScore": 0,
		"isScore": false,
		"quarter": 1,
		"clock": "13:57",
		"type": "Rush",
		"down": 1,
		"distance": 10,
		"yardLine": 36,
		"yardsGained": 2,
		"endYardLine": 38,
		"description": "Damien Harris run for 2 yds to the Alab 38"
	},
	{
		"gameId": "400933921",
		"year": 2017,
		"week": 12,
		"homeId": "333",
		"homeTeam": "Alabama",
		"homeAbbr": "ALA",
		"awayId": "2382",
		"awayTeam": "Mercer",
		"awayAbbr": "MER",
		"driveIndex": "0",
		"playIndex": "5",
		"offenseId": "333",
		"offenseTeam": "Alabama",
		"offenseAbbr": "ALA",
		"defenseId": "2382",
		"defenseTeam": "Mercer",
		"defenseAbbr": "MER",
		"homeScore": 0,
		"awayScore": 0,
		"isScore": false,
		"quarter": 1,
		"clock": "13:28",
		"type": "Pass Reception",
		"down": 2,
		"distance": 8,
		"yardLine": 38,
		"yardsGained": 25,
		"endYardLine": 63,
		"description": "Jalen Hurts pass complete to Calvin Ridley for 25 yds to the Mercr 37 for a 1ST down"
	},
	{
		"gameId": "400933921",
		"year": 2017,
		"week": 12,
		"homeId": "333",
		"homeTeam": "Alabama",
		"homeAbbr": "ALA",
		"awayId": "2382",
		"awayTeam": "Mercer",
		"awayAbbr": "MER",
		"driveIndex": "0",
		"playIndex": "6",
		"offenseId": "333",
		"offenseTeam": "Alabama",
		"offenseAbbr": "ALA",
		"defenseId": "2382",
		"defenseTeam": "Mercer",
		"defenseAbbr": "MER",
		"homeScore": 0,
		"awayScore": 0,
		"isScore": false,
		"quarter": 1,
		"clock": "13:07",
		"type": "Pass Reception",
		"down": 1,
		"distance": 10,
		"yardLine": 63,
		"yardsGained": 12,
		"endYardLine": 75,
		"description": "Jalen Hurts pass complete to Calvin Ridley for 12 yds to the Mercr 25 for a 1ST down"
	},
	{
		"gameId": "400933921",
		"year": 2017,
		"week": 12,
		"homeId": "333",
		"homeTeam": "Alabama",
		"homeAbbr": "ALA",
		"awayId": "2382",
		"awayTeam": "Mercer",
		"awayAbbr": "MER",
		"driveIndex": "0",
		"playIndex": "7",
		"offenseId": "333",
		"offenseTeam": "Alabama",
		"offenseAbbr": "ALA",
		"defenseId": "2382",
		"defenseTeam": "Mercer",
		"defenseAbbr": "MER",
		"homeScore": 0,
		"awayScore": 0,
		"isScore": false,
		"quarter": 1,
		"clock": "12:48",
		"type": "Rush",
		"down": 1,
		"distance": 10,
		"yardLine": 75,
		"yardsGained": 7,
		"endYardLine": 82,
		"description": "Damien Harris run for 7 yds to the Mercr 18"
	},
	{
		"gameId": "400933921",
		"year": 2017,
		"week": 12,
		"homeId": "333",
		"homeTeam": "Alabama",
		"homeAbbr": "ALA",
		"awayId": "2382",
		"awayTeam": "Mercer",
		"awayAbbr": "MER",
		"driveIndex": "0",
		"playIndex": "8",
		"offenseId": "333",
		"offenseTeam": "Alabama",
		"offenseAbbr": "ALA",
		"defenseId": "2382",
		"defenseTeam": "Mercer",
		"defenseAbbr": "MER",
		"homeScore": 0,
		"awayScore": 0,
		"isScore": false,
		"quarter": 1,
		"clock": "12:19",
		"type": "Rush",
		"down": 2,
		"distance": 3,
		"yardLine": 82,
		"yardsGained": 7,
		"endYardLine": 89,
		"description": "Damien Harris run for 7 yds to the Mercr 11 for a 1ST down"
	},
	{
		"gameId": "400933921",
		"year": 2017,
		"week": 12,
		"homeId": "333",
		"homeTeam": "Alabama",
		"homeAbbr": "ALA",
		"awayId": "2382",
		"awayTeam": "Mercer",
		"awayAbbr": "MER",
		"driveIndex": "0",
		"playIndex": "9",
		"offenseId": "333",
		"offenseTeam": "Alabama",
		"offenseAbbr": "ALA",
		"defenseId": "2382",
		"defenseTeam": "Mercer",
		"defenseAbbr": "MER",
		"homeScore": 0,
		"awayScore": 0,
		"isScore": false,
		"quarter": 1,
		"clock": "11:45",
		"type": "Rush",
		"down": 1,
		"distance": 10,
		"yardLine": 89,
		"yardsGained": 3,
		"endYardLine": 92,
		"description": "Bo Scarbrough run for 3 yds to the Mercr 8"
	},
	{
		"gameId": "400933921",
		"year": 2017,
		"week": 12,
		"homeId": "333",
		"homeTeam": "Alabama",
		"homeAbbr": "ALA",
		"awayId": "2382",
		"awayTeam": "Mercer",
		"awayAbbr": "MER",
		"driveIndex": "0",
		"playIndex": "10",
		"offenseId": "333",
		"offenseTeam": "Alabama",
		"offenseAbbr": "ALA",
		"defenseId": "2382",
		"defenseTeam": "Mercer",
		"defenseAbbr": "MER",
		"homeScore": 7,
		"awayScore": 0,
		"isScore": true,
		"quarter": 1,
		"clock": "11:27",
		"type": "Passing Touchdown",
		"down": 2,
		"distance": 7,
		"yardLine": 92,
		"yardsGained": 8,
		"endYardLine": 100,
		"description": "Irv Smith Jr. 8 Yd pass from Jalen Hurts (JK Scott Kick)"
	},
	{
		"gameId": "400933921",
		"year": 2017,
		"week": 12,
		"homeId": "333",
		"homeTeam": "Alabama",
		"homeAbbr": "ALA",
		"awayId": "2382",
		"awayTeam": "Mercer",
		"awayAbbr": "MER",
		"driveIndex": "1",
		"playIndex": "0",
		"offenseId": "333",
		"offenseTeam": "Alabama",
		"offenseAbbr": "ALA",
		"defenseId": "2382",
		"defenseTeam": "Mercer",
		"defenseAbbr": "MER",
		"homeScore": 7,
		"awayScore": 0,
		"isScore": false,
		"quarter": 1,
		"clock": "11:27",
		"type": "Kickoff",
		"down": 2,
		"distance": 7,
		"yardLine": 35,
		"yardsGained": 40,
		"endYardLine": 57,
		"description": "JK Scott kickoff for 62 yds , Chandler Curtis return for 40 yds to the Mercr 43"
	},
	{
		"gameId": "400933921",
		"year": 2017,
		"week": 12,
		"homeId": "333",
		"homeTeam": "Alabama",
		"homeAbbr": "ALA",
		"awayId": "2382",
		"awayTeam": "Mercer",
		"awayAbbr": "MER",
		"driveIndex": "1",
		"playIndex": "1",
		"offenseId": "2382",
		"offenseTeam": "Mercer",
		"offenseAbbr": "MER",
		"defenseId": "333",
		"defenseTeam": "Alabama",
		"defenseAbbr": "ALA",
		"homeScore": 7,
		"awayScore": 0,
		"isScore": false,
		"quarter": 1,
		"clock": "11:10",
		"type": "Rush",
		"down": 1,
		"distance": 10,
		"yardLine": 57,
		"yardsGained": 1,
		"endYardLine": 56,
		"description": "Tee Mitchell run for 1 yd to the Mercr 44"
	},
	{
		"gameId": "400933921",
		"year": 2017,
		"week": 12,
		"homeId": "333",
		"homeTeam": "Alabama",
		"homeAbbr": "ALA",
		"awayId": "2382",
		"awayTeam": "Mercer",
		"awayAbbr": "MER",
		"driveIndex": "1",
		"playIndex": "2",
		"offenseId": "2382",
		"offenseTeam": "Mercer",
		"offenseAbbr": "MER",
		"defenseId": "333",
		"defenseTeam": "Alabama",
		"defenseAbbr": "ALA",
		"homeScore": 7,
		"awayScore": 0,
		"isScore": false,
		"quarter": 1,
		"clock": "10:45",
		"type": "Pass Reception",
		"down": 2,
		"distance": 9,
		"yardLine": 56,
		"yardsGained": 13,
		"endYardLine": 43,
		"description": "Kaelan Riley pass complete to Marquise Irvin for 13 yds to the Alab 43 for a 1ST down"
	},
	{
		"gameId": "400933921",
		"year": 2017,
		"week": 12,
		"homeId": "333",
		"homeTeam": "Alabama",
		"homeAbbr": "ALA",
		"awayId": "2382",
		"awayTeam": "Mercer",
		"awayAbbr": "MER",
		"driveIndex": "1",
		"playIndex": "3",
		"offenseId": "2382",
		"offenseTeam": "Mercer",
		"offenseAbbr": "MER",
		"defenseId": "333",
		"defenseTeam": "Alabama",
		"defenseAbbr": "ALA",
		"homeScore": 7,
		"awayScore": 0,
		"isScore": false,
		"quarter": 1,
		"clock": "9:45",
		"type": "Rush",
		"down": 1,
		"distance": 10,
		"yardLine": 43,
		"yardsGained": 9,
		"endYardLine": 34,
		"description": "Tee Mitchell run for 9 yds to the Alab 34"
	},
	{
		"gameId": "400933921",
		"year": 2017,
		"week": 12,
		"homeId": "333",
		"homeTeam": "Alabama",
		"homeAbbr": "ALA",
		"awayId": "2382",
		"awayTeam": "Mercer",
		"awayAbbr": "MER",
		"driveIndex": "1",
		"playIndex": "4",
		"offenseId": "2382",
		"offenseTeam": "Mercer",
		"offenseAbbr": "MER",
		"defenseId": "333",
		"defenseTeam": "Alabama",
		"defenseAbbr": "ALA",
		"homeScore": 7,
		"awayScore": 0,
		"isScore": false,
		"quarter": 1,
		"clock": "9:06",
		"type": "Pass Incompletion",
		"down": 2,
		"distance": 1,
		"yardLine": 34,
		"yardsGained": 0,
		"endYardLine": 34,
		"description": "Kaelan Riley pass incomplete"
	},
	{
		"gameId": "400933921",
		"year": 2017,
		"week": 12,
		"homeId": "333",
		"homeTeam": "Alabama",
		"homeAbbr": "ALA",
		"awayId": "2382",
		"awayTeam": "Mercer",
		"awayAbbr": "MER",
		"driveIndex": "1",
		"playIndex": "5",
		"offenseId": "2382",
		"offenseTeam": "Mercer",
		"offenseAbbr": "MER",
		"defenseId": "333",
		"defenseTeam": "Alabama",
		"defenseAbbr": "ALA",
		"homeScore": 7,
		"awayScore": 0,
		"isScore": false,
		"quarter": 1,
		"clock": "9:00",
		"type": "Rush",
		"down": 3,
		"distance": 1,
		"yardLine": 34,
		"yardsGained": -1,
		"endYardLine": 35,
		"description": "Tee Mitchell run for a loss of 1 yard to the Alab 35"
	},
	{
		"gameId": "400933921",
		"year": 2017,
		"week": 12,
		"homeId": "333",
		"homeTeam": "Alabama",
		"homeAbbr": "ALA",
		"awayId": "2382",
		"awayTeam": "Mercer",
		"awayAbbr": "MER",
		"driveIndex": "1",
		"playIndex": "6",
		"offenseId": "2382",
		"offenseTeam": "Mercer",
		"offenseAbbr": "MER",
		"defenseId": "333",
		"defenseTeam": "Alabama",
		"defenseAbbr": "ALA",
		"homeScore": 7,
		"awayScore": 0,
		"isScore": false,
		"quarter": 1,
		"clock": "8:16",
		"type": "Field Goal Missed",
		"down": 4,
		"distance": 2,
		"yardLine": 35,
		"yardsGained": 52,
		"endYardLine": 35,
		"description": "Cole Fisher 52 yd FG MISSED"
	},
	{
		"gameId": "400933921",
		"year": 2017,
		"week": 12,
		"homeId": "333",
		"homeTeam": "Alabama",
		"homeAbbr": "ALA",
		"awayId": "2382",
		"awayTeam": "Mercer",
		"awayAbbr": "MER",
		"driveIndex": "2",
		"playIndex": "0",
		"offenseId": "333",
		"offenseTeam": "Alabama",
		"offenseAbbr": "ALA",
		"defenseId": "2382",
		"defenseTeam": "Mercer",
		"defenseAbbr": "MER",
		"homeScore": 7,
		"awayScore": 0,
		"isScore": false,
		"quarter": 1,
		"clock": "8:07",
		"type": "Rush",
		"down": 1,
		"distance": 10,
		"yardLine": 35,
		"yardsGained": 11,
		"endYardLine": 46,
		"description": "Josh Jacobs run for 11 yds to the Alab 46 for a 1ST down"
	},
	{
		"gameId": "400933921",
		"year": 2017,
		"week": 12,
		"homeId": "333",
		"homeTeam": "Alabama",
		"homeAbbr": "ALA",
		"awayId": "2382",
		"awayTeam": "Mercer",
		"awayAbbr": "MER",
		"driveIndex": "2",
		"playIndex": "1",
		"offenseId": "333",
		"offenseTeam": "Alabama",
		"offenseAbbr": "ALA",
		"defenseId": "2382",
		"defenseTeam": "Mercer",
		"defenseAbbr": "MER",
		"homeScore": 7,
		"awayScore": 0,
		"isScore": false,
		"quarter": 1,
		"clock": "7:57",
		"type": "Rush",
		"down": 1,
		"distance": 10,
		"yardLine": 46,
		"yardsGained": 13,
		"endYardLine": 59,
		"description": "Josh Jacobs run for 13 yds to the Mercr 41 for a 1ST down"
	},
	{
		"gameId": "400933921",
		"year": 2017,
		"week": 12,
		"homeId": "333",
		"homeTeam": "Alabama",
		"homeAbbr": "ALA",
		"awayId": "2382",
		"awayTeam": "Mercer",
		"awayAbbr": "MER",
		"driveIndex": "2",
		"playIndex": "2",
		"offenseId": "333",
		"offenseTeam": "Alabama",
		"offenseAbbr": "ALA",
		"defenseId": "2382",
		"defenseTeam": "Mercer",
		"defenseAbbr": "MER",
		"homeScore": 7,
		"awayScore": 0,
		"isScore": false,
		"quarter": 1,
		"clock": "7:23",
		"type": "Rush",
		"down": 1,
		"distance": 10,
		"yardLine": 59,
		"yardsGained": 0,
		"endYardLine": 59,
		"description": "Najee Harris run for no gain to the Mercr 41"
	},
	{
		"gameId": "400933921",
		"year": 2017,
		"week": 12,
		"homeId": "333",
		"homeTeam": "Alabama",
		"homeAbbr": "ALA",
		"awayId": "2382",
		"awayTeam": "Mercer",
		"awayAbbr": "MER",
		"driveIndex": "2",
		"playIndex": "3",
		"offenseId": "333",
		"offenseTeam": "Alabama",
		"offenseAbbr": "ALA",
		"defenseId": "2382",
		"defenseTeam": "Mercer",
		"defenseAbbr": "MER",
		"homeScore": 7,
		"awayScore": 0,
		"isScore": false,
		"quarter": 1,
		"clock": "6:52",
		"type": "Pass Reception",
		"down": 2,
		"distance": 10,
		"yardLine": 59,
		"yardsGained": 38,
		"endYardLine": 97,
		"description": "Jalen Hurts pass complete to Josh Jacobs for 38 yds to the Mercr 3 for a 1ST down"
	},
	{
		"gameId": "400933921",
		"year": 2017,
		"week": 12,
		"homeId": "333",
		"homeTeam": "Alabama",
		"homeAbbr": "ALA",
		"awayId": "2382",
		"awayTeam": "Mercer",
		"awayAbbr": "MER",
		"driveIndex": "2",
		"playIndex": "4",
		"offenseId": "333",
		"offenseTeam": "Alabama",
		"offenseAbbr": "ALA",
		"defenseId": "2382",
		"defenseTeam": "Mercer",
		"defenseAbbr": "MER",
		"homeScore": 14,
		"awayScore": 0,
		"isScore": true,
		"quarter": 1,
		"clock": "6:35",
		"type": "Rushing Touchdown",
		"down": 1,
		"distance": 0,
		"yardLine": 97,
		"yardsGained": 3,
		"endYardLine": 100,
		"description": "Najee Harris 3 Yd Run (JK Scott Kick)"
	},
	{
		"gameId": "400933921",
		"year": 2017,
		"week": 12,
		"homeId": "333",
		"homeTeam": "Alabama",
		"homeAbbr": "ALA",
		"awayId": "2382",
		"awayTeam": "Mercer",
		"awayAbbr": "MER",
		"driveIndex": "3",
		"playIndex": "0",
		"offenseId": "333",
		"offenseTeam": "Alabama",
		"offenseAbbr": "ALA",
		"defenseId": "2382",
		"defenseTeam": "Mercer",
		"defenseAbbr": "MER",
		"homeScore": 14,
		"awayScore": 0,
		"isScore": false,
		"quarter": 1,
		"clock": "6:35",
		"type": "Kickoff",
		"down": 1,
		"distance": 10,
		"yardLine": 35,
		"yardsGained": 0,
		"endYardLine": 65,
		"description": "JK Scott kickoff for 54 yds"
	},
	{
		"gameId": "400933921",
		"year": 2017,
		"week": 12,
		"homeId": "333",
		"homeTeam": "Alabama",
		"homeAbbr": "ALA",
		"awayId": "2382",
		"awayTeam": "Mercer",
		"awayAbbr": "MER",
		"driveIndex": "3",
		"playIndex": "1",
		"offenseId": "2382",
		"offenseTeam": "Mercer",
		"offenseAbbr": "MER",
		"defenseId": "333",
		"defenseTeam": "Alabama",
		"defenseAbbr": "ALA",
		"homeScore": 14,
		"awayScore": 0,
		"isScore": false,
		"quarter": 1,
		"clock": "6:31",
		"type": "Pass Incompletion",
		"down": 1,
		"distance": 10,
		"yardLine": 65,
		"yardsGained": 0,
		"endYardLine": 65,
		"description": "Kaelan Riley pass incomplete to Marquise Irvin"
	},
	{
		"gameId": "400933921",
		"year": 2017,
		"week": 12,
		"homeId": "333",
		"homeTeam": "Alabama",
		"homeAbbr": "ALA",
		"awayId": "2382",
		"awayTeam": "Mercer",
		"awayAbbr": "MER",
		"driveIndex": "3",
		"playIndex": "2",
		"offenseId": "2382",
		"offenseTeam": "Mercer",
		"offenseAbbr": "MER",
		"defenseId": "333",
		"defenseTeam": "Alabama",
		"defenseAbbr": "ALA",
		"homeScore": 14,
		"awayScore": 0,
		"isScore": false,
		"quarter": 1,
		"clock": "6:21",
		"type": "Rush",
		"down": 2,
		"distance": 10,
		"yardLine": 65,
		"yardsGained": 3,
		"endYardLine": 62,
		"description": "Tee Mitchell run for 3 yds to the Mercr 38"
	},
	{
		"gameId": "400933921",
		"year": 2017,
		"week": 12,
		"homeId": "333",
		"homeTeam": "Alabama",
		"homeAbbr": "ALA",
		"awayId": "2382",
		"awayTeam": "Mercer",
		"awayAbbr": "MER",
		"driveIndex": "3",
		"playIndex": "3",
		"offenseId": "2382",
		"offenseTeam": "Mercer",
		"offenseAbbr": "MER",
		"defenseId": "333",
		"defenseTeam": "Alabama",
		"defenseAbbr": "ALA",
		"homeScore": 14,
		"awayScore": 0,
		"isScore": false,
		"quarter": 1,
		"clock": "5:38",
		"type": "Pass Reception",
		"down": 3,
		"distance": 7,
		"yardLine": 62,
		"yardsGained": 9,
		"endYardLine": 53,
		"description": "Kaelan Riley pass complete to Marquise Irvin for 9 yds to the Mercr 47 for a 1ST down"
	},
	{
		"gameId": "400933921",
		"year": 2017,
		"week": 12,
		"homeId": "333",
		"homeTeam": "Alabama",
		"homeAbbr": "ALA",
		"awayId": "2382",
		"awayTeam": "Mercer",
		"awayAbbr": "MER",
		"driveIndex": "3",
		"playIndex": "4",
		"offenseId": "2382",
		"offenseTeam": "Mercer",
		"offenseAbbr": "MER",
		"defenseId": "333",
		"defenseTeam": "Alabama",
		"defenseAbbr": "ALA",
		"homeScore": 14,
		"awayScore": 0,
		"isScore": false,
		"quarter": 1,
		"clock": "4:58",
		"type": "Rush",
		"down": 1,
		"distance": 10,
		"yardLine": 53,
		"yardsGained": 3,
		"endYardLine": 50,
		"description": "Tee Mitchell run for 3 yds to the 50 yard line"
	},
	{
		"gameId": "400933921",
		"year": 2017,
		"week": 12,
		"homeId": "333",
		"homeTeam": "Alabama",
		"homeAbbr": "ALA",
		"awayId": "2382",
		"awayTeam": "Mercer",
		"awayAbbr": "MER",
		"driveIndex": "3",
		"playIndex": "5",
		"offenseId": "2382",
		"offenseTeam": "Mercer",
		"offenseAbbr": "MER",
		"defenseId": "333",
		"defenseTeam": "Alabama",
		"defenseAbbr": "ALA",
		"homeScore": 14,
		"awayScore": 0,
		"isScore": false,
		"quarter": 1,
		"clock": "4:29",
		"type": "Rush",
		"down": 2,
		"distance": 7,
		"yardLine": 50,
		"yardsGained": 2,
		"endYardLine": 48,
		"description": "Tee Mitchell run for 2 yds to the Alab 48"
	},
	{
		"gameId": "400933921",
		"year": 2017,
		"week": 12,
		"homeId": "333",
		"homeTeam": "Alabama",
		"homeAbbr": "ALA",
		"awayId": "2382",
		"awayTeam": "Mercer",
		"awayAbbr": "MER",
		"driveIndex": "3",
		"playIndex": "6",
		"offenseId": "2382",
		"offenseTeam": "Mercer",
		"offenseAbbr": "MER",
		"defenseId": "333",
		"defenseTeam": "Alabama",
		"defenseAbbr": "ALA",
		"homeScore": 14,
		"awayScore": 0,
		"isScore": false,
		"quarter": 1,
		"clock": "3:30",
		"type": "Rush",
		"down": 3,
		"distance": 5,
		"yardLine": 48,
		"yardsGained": 5,
		"endYardLine": 43,
		"description": "Kaelan Riley run for 5 yds to the Alab 43 for a 1ST down"
	},
	{
		"gameId": "400933921",
		"year": 2017,
		"week": 12,
		"homeId": "333",
		"homeTeam": "Alabama",
		"homeAbbr": "ALA",
		"awayId": "2382",
		"awayTeam": "Mercer",
		"awayAbbr": "MER",
		"driveIndex": "3",
		"playIndex": "7",
		"offenseId": "2382",
		"offenseTeam": "Mercer",
		"offenseAbbr": "MER",
		"defenseId": "333",
		"defenseTeam": "Alabama",
		"defenseAbbr": "ALA",
		"homeScore": 14,
		"awayScore": 0,
		"isScore": false,
		"quarter": 1,
		"clock": "2:48",
		"type": "Rush",
		"down": 1,
		"distance": 10,
		"yardLine": 43,
		"yardsGained": 3,
		"endYardLine": 40,
		"description": "Tee Mitchell run for 3 yds to the Alab 40"
	},
	{
		"gameId": "400933921",
		"year": 2017,
		"week": 12,
		"homeId": "333",
		"homeTeam": "Alabama",
		"homeAbbr": "ALA",
		"awayId": "2382",
		"awayTeam": "Mercer",
		"awayAbbr": "MER",
		"driveIndex": "3",
		"playIndex": "8",
		"offenseId": "2382",
		"offenseTeam": "Mercer",
		"offenseAbbr": "MER",
		"defenseId": "333",
		"defenseTeam": "Alabama",
		"defenseAbbr": "ALA",
		"homeScore": 14,
		"awayScore": 0,
		"isScore": false,
		"quarter": 1,
		"clock": "2:06",
		"type": "Rush",
		"down": 2,
		"distance": 7,
		"yardLine": 40,
		"yardsGained": -2,
		"endYardLine": 42,
		"description": "Tee Mitchell run for a loss of 2 yards to the Alab 42"
	},
	{
		"gameId": "400933921",
		"year": 2017,
		"week": 12,
		"homeId": "333",
		"homeTeam": "Alabama",
		"homeAbbr": "ALA",
		"awayId": "2382",
		"awayTeam": "Mercer",
		"awayAbbr": "MER",
		"driveIndex": "3",
		"playIndex": "9",
		"offenseId": "2382",
		"offenseTeam": "Mercer",
		"offenseAbbr": "MER",
		"defenseId": "333",
		"defenseTeam": "Alabama",
		"defenseAbbr": "ALA",
		"homeScore": 14,
		"awayScore": 0,
		"isScore": false,
		"quarter": 1,
		"clock": "1:23",
		"type": "Pass Incompletion",
		"down": 3,
		"distance": 9,
		"yardLine": 42,
		"yardsGained": 0,
		"endYardLine": 42,
		"description": "Kaelan Riley pass incomplete to Marquise Irvin"
	},
	{
		"gameId": "400933921",
		"year": 2017,
		"week": 12,
		"homeId": "333",
		"homeTeam": "Alabama",
		"homeAbbr": "ALA",
		"awayId": "2382",
		"awayTeam": "Mercer",
		"awayAbbr": "MER",
		"driveIndex": "3",
		"playIndex": "10",
		"offenseId": "2382",
		"offenseTeam": "Mercer",
		"offenseAbbr": "MER",
		"defenseId": "333",
		"defenseTeam": "Alabama",
		"defenseAbbr": "ALA",
		"homeScore": 14,
		"awayScore": 0,
		"isScore": false,
		"quarter": 1,
		"clock": "1:13",
		"type": "Punt",
		"down": 4,
		"distance": 9,
		"yardLine": 42,
		"yardsGained": 0,
		"endYardLine": 2,
		"description": "Grant Goupil punt for 40 yds, downed at the Alab 2"
	},
	{
		"gameId": "400933921",
		"year": 2017,
		"week": 12,
		"homeId": "333",
		"homeTeam": "Alabama",
		"homeAbbr": "ALA",
		"awayId": "2382",
		"awayTeam": "Mercer",
		"awayAbbr": "MER",
		"driveIndex": "4",
		"playIndex": "0",
		"offenseId": "333",
		"offenseTeam": "Alabama",
		"offenseAbbr": "ALA",
		"defenseId": "2382",
		"defenseTeam": "Mercer",
		"defenseAbbr": "MER",
		"homeScore": 14,
		"awayScore": 0,
		"isScore": false,
		"quarter": 1,
		"clock": "1:03",
		"type": "Rush",
		"down": 1,
		"distance": 10,
		"yardLine": 2,
		"yardsGained": 3,
		"endYardLine": 5,
		"description": "Bo Scarbrough run for 3 yds to the Alab 5"
	},
	{
		"gameId": "400933921",
		"year": 2017,
		"week": 12,
		"homeId": "333",
		"homeTeam": "Alabama",
		"homeAbbr": "ALA",
		"awayId": "2382",
		"awayTeam": "Mercer",
		"awayAbbr": "MER",
		"driveIndex": "4",
		"playIndex": "1",
		"offenseId": "333",
		"offenseTeam": "Alabama",
		"offenseAbbr": "ALA",
		"defenseId": "2382",
		"defenseTeam": "Mercer",
		"defenseAbbr": "MER",
		"homeScore": 14,
		"awayScore": 0,
		"isScore": false,
		"quarter": 1,
		"clock": "0:37",
		"type": "Rush",
		"down": 2,
		"distance": 7,
		"yardLine": 5,
		"yardsGained": 3,
		"endYardLine": 8,
		"description": "Bo Scarbrough run for 3 yds to the Alab 8"
	},
	{
		"gameId": "400933921",
		"year": 2017,
		"week": 12,
		"homeId": "333",
		"homeTeam": "Alabama",
		"homeAbbr": "ALA",
		"awayId": "2382",
		"awayTeam": "Mercer",
		"awayAbbr": "MER",
		"driveIndex": "4",
		"playIndex": "2",
		"offenseId": "333",
		"offenseTeam": "Alabama",
		"offenseAbbr": "ALA",
		"defenseId": "2382",
		"defenseTeam": "Mercer",
		"defenseAbbr": "MER",
		"homeScore": 14,
		"awayScore": 0,
		"isScore": false,
		"quarter": 1,
		"clock": "0:00",
		"type": "Rush",
		"down": 3,
		"distance": 4,
		"yardLine": 8,
		"yardsGained": 26,
		"endYardLine": 34,
		"description": "Jalen Hurts run for 26 yds to the Alab 34 for a 1ST down"
	},
	{
		"gameId": "400933921",
		"year": 2017,
		"week": 12,
		"homeId": "333",
		"homeTeam": "Alabama",
		"homeAbbr": "ALA",
		"awayId": "2382",
		"awayTeam": "Mercer",
		"awayAbbr": "MER",
		"driveIndex": "4",
		"playIndex": "3",
		"offenseId": "333",
		"offenseTeam": "Alabama",
		"offenseAbbr": "ALA",
		"defenseId": "2382",
		"defenseTeam": "Mercer",
		"defenseAbbr": "MER",
		"homeScore": 14,
		"awayScore": 0,
		"isScore": false,
		"quarter": 1,
		"clock": "0:00",
		"type": "End Period",
		"down": 0,
		"distance": 4,
		"yardLine": 0,
		"yardsGained": 0,
		"endYardLine": 34,
		"description": "End of 1st Quarter"
	},
	{
		"gameId": "400933921",
		"year": 2017,
		"week": 12,
		"homeId": "333",
		"homeTeam": "Alabama",
		"homeAbbr": "ALA",
		"awayId": "2382",
		"awayTeam": "Mercer",
		"awayAbbr": "MER",
		"driveIndex": "4",
		"playIndex": "4",
		"offenseId": "333",
		"offenseTeam": "Alabama",
		"offenseAbbr": "ALA",
		"defenseId": "2382",
		"defenseTeam": "Mercer",
		"defenseAbbr": "MER",
		"homeScore": 21,
		"awayScore": 0,
		"isScore": true,
		"quarter": 2,
		"clock": "14:49",
		"type": "Passing Touchdown",
		"down": 1,
		"distance": 10,
		"yardLine": 34,
		"yardsGained": 66,
		"endYardLine": 100,
		"description": "Calvin Ridley 66 Yd pass from Jalen Hurts (JK Scott Kick)"
	},
	{
		"gameId": "400933921",
		"year": 2017,
		"week": 12,
		"homeId": "333",
		"homeTeam": "Alabama",
		"homeAbbr": "ALA",
		"awayId": "2382",
		"awayTeam": "Mercer",
		"awayAbbr": "MER",
		"driveIndex": "5",
		"playIndex": "0",
		"offenseId": "333",
		"offenseTeam": "Alabama",
		"offenseAbbr": "ALA",
		"defenseId": "2382",
		"defenseTeam": "Mercer",
		"defenseAbbr": "MER",
		"homeScore": 21,
		"awayScore": 0,
		"isScore": false,
		"quarter": 2,
		"clock": "14:49",
		"type": "Kickoff",
		"down": 1,
		"distance": 10,
		"yardLine": 35,
		"yardsGained": 0,
		"endYardLine": 75,
		"description": "JK Scott kickoff for 65 yds for a touchback"
	},
	{
		"gameId": "400933921",
		"year": 2017,
		"week": 12,
		"homeId": "333",
		"homeTeam": "Alabama",
		"homeAbbr": "ALA",
		"awayId": "2382",
		"awayTeam": "Mercer",
		"awayAbbr": "MER",
		"driveIndex": "5",
		"playIndex": "1",
		"offenseId": "2382",
		"offenseTeam": "Mercer",
		"offenseAbbr": "MER",
		"defenseId": "333",
		"defenseTeam": "Alabama",
		"defenseAbbr": "ALA",
		"homeScore": 21,
		"awayScore": 0,
		"isScore": false,
		"quarter": 2,
		"clock": "14:41",
		"type": "Pass Interception Return",
		"down": 1,
		"distance": 10,
		"yardLine": 75,
		"yardsGained": 0,
		"endYardLine": 60,
		"description": "Kaelan Riley pass intercepted Hootie Jones return for no gain to the Mercr 40"
	},
	{
		"gameId": "400933921",
		"year": 2017,
		"week": 12,
		"homeId": "333",
		"homeTeam": "Alabama",
		"homeAbbr": "ALA",
		"awayId": "2382",
		"awayTeam": "Mercer",
		"awayAbbr": "MER",
		"driveIndex": "6",
		"playIndex": "0",
		"offenseId": "333",
		"offenseTeam": "Alabama",
		"offenseAbbr": "ALA",
		"defenseId": "2382",
		"defenseTeam": "Mercer",
		"defenseAbbr": "MER",
		"homeScore": 21,
		"awayScore": 0,
		"isScore": false,
		"quarter": 2,
		"clock": "14:32",
		"type": "Rush",
		"down": 1,
		"distance": 10,
		"yardLine": 60,
		"yardsGained": 9,
		"endYardLine": 69,
		"description": "Damien Harris run for 9 yds to the Mercr 31"
	},
	{
		"gameId": "400933921",
		"year": 2017,
		"week": 12,
		"homeId": "333",
		"homeTeam": "Alabama",
		"homeAbbr": "ALA",
		"awayId": "2382",
		"awayTeam": "Mercer",
		"awayAbbr": "MER",
		"driveIndex": "6",
		"playIndex": "1",
		"offenseId": "333",
		"offenseTeam": "Alabama",
		"offenseAbbr": "ALA",
		"defenseId": "2382",
		"defenseTeam": "Mercer",
		"defenseAbbr": "MER",
		"homeScore": 21,
		"awayScore": 0,
		"isScore": false,
		"quarter": 2,
		"clock": "13:57",
		"type": "Pass Reception",
		"down": 2,
		"distance": 1,
		"yardLine": 69,
		"yardsGained": 24,
		"endYardLine": 93,
		"description": "Jalen Hurts pass complete to Robert Foster for 24 yds to the Mercr 7 for a 1ST down"
	},
	{
		"gameId": "400933921",
		"year": 2017,
		"week": 12,
		"homeId": "333",
		"homeTeam": "Alabama",
		"homeAbbr": "ALA",
		"awayId": "2382",
		"awayTeam": "Mercer",
		"awayAbbr": "MER",
		"driveIndex": "6",
		"playIndex": "2",
		"offenseId": "333",
		"offenseTeam": "Alabama",
		"offenseAbbr": "ALA",
		"defenseId": "2382",
		"defenseTeam": "Mercer",
		"defenseAbbr": "MER",
		"homeScore": 28,
		"awayScore": 0,
		"isScore": true,
		"quarter": 2,
		"clock": "13:26",
		"type": "Passing Touchdown",
		"down": 1,
		"distance": 0,
		"yardLine": 93,
		"yardsGained": 7,
		"endYardLine": 100,
		"description": "Josh Jacobs 7 Yd pass from Jalen Hurts (JK Scott Kick)"
	},
	{
		"gameId": "400933921",
		"year": 2017,
		"week": 12,
		"homeId": "333",
		"homeTeam": "Alabama",
		"homeAbbr": "ALA",
		"awayId": "2382",
		"awayTeam": "Mercer",
		"awayAbbr": "MER",
		"driveIndex": "7",
		"playIndex": "0",
		"offenseId": "333",
		"offenseTeam": "Alabama",
		"offenseAbbr": "ALA",
		"defenseId": "2382",
		"defenseTeam": "Mercer",
		"defenseAbbr": "MER",
		"homeScore": 28,
		"awayScore": 0,
		"isScore": false,
		"quarter": 2,
		"clock": "13:26",
		"type": "Kickoff",
		"down": 1,
		"distance": 10,
		"yardLine": 35,
		"yardsGained": 0,
		"endYardLine": 75,
		"description": "JK Scott kickoff for 65 yds for a touchback"
	},
	{
		"gameId": "400933921",
		"year": 2017,
		"week": 12,
		"homeId": "333",
		"homeTeam": "Alabama",
		"homeAbbr": "ALA",
		"awayId": "2382",
		"awayTeam": "Mercer",
		"awayAbbr": "MER",
		"driveIndex": "7",
		"playIndex": "1",
		"offenseId": "2382",
		"offenseTeam": "Mercer",
		"offenseAbbr": "MER",
		"defenseId": "333",
		"defenseTeam": "Alabama",
		"defenseAbbr": "ALA",
		"homeScore": 28,
		"awayScore": 0,
		"isScore": false,
		"quarter": 2,
		"clock": "13:18",
		"type": "Rush",
		"down": 1,
		"distance": 10,
		"yardLine": 75,
		"yardsGained": 2,
		"endYardLine": 73,
		"description": "CJ Leggett run for 2 yds to the Mercr 27"
	},
	{
		"gameId": "400933921",
		"year": 2017,
		"week": 12,
		"homeId": "333",
		"homeTeam": "Alabama",
		"homeAbbr": "ALA",
		"awayId": "2382",
		"awayTeam": "Mercer",
		"awayAbbr": "MER",
		"driveIndex": "7",
		"playIndex": "2",
		"offenseId": "2382",
		"offenseTeam": "Mercer",
		"offenseAbbr": "MER",
		"defenseId": "333",
		"defenseTeam": "Alabama",
		"defenseAbbr": "ALA",
		"homeScore": 28,
		"awayScore": 0,
		"isScore": false,
		"quarter": 2,
		"clock": "12:36",
		"type": "Pass Incompletion",
		"down": 2,
		"distance": 8,
		"yardLine": 73,
		"yardsGained": 0,
		"endYardLine": 73,
		"description": "Kaelan Riley pass incomplete to CJ Leggett"
	},
	{
		"gameId": "400933921",
		"year": 2017,
		"week": 12,
		"homeId": "333",
		"homeTeam": "Alabama",
		"homeAbbr": "ALA",
		"awayId": "2382",
		"awayTeam": "Mercer",
		"awayAbbr": "MER",
		"driveIndex": "7",
		"playIndex": "3",
		"offenseId": "2382",
		"offenseTeam": "Mercer",
		"offenseAbbr": "MER",
		"defenseId": "333",
		"defenseTeam": "Alabama",
		"defenseAbbr": "ALA",
		"homeScore": 28,
		"awayScore": 0,
		"isScore": false,
		"quarter": 2,
		"clock": "12:31",
		"type": "Penalty",
		"down": 3,
		"distance": 8,
		"yardLine": 73,
		"yardsGained": 5,
		"endYardLine": 68,
		"description": "Leggett, CJ rush for loss of 2 yards to the MERCER25, PENALTY ALABAMA offside (Brown, Tony) 5 yards to the MERCER32, NO PLAY."
	},
	{
		"gameId": "400933921",
		"year": 2017,
		"week": 12,
		"homeId": "333",
		"homeTeam": "Alabama",
		"homeAbbr": "ALA",
		"awayId": "2382",
		"awayTeam": "Mercer",
		"awayAbbr": "MER",
		"driveIndex": "7",
		"playIndex": "4",
		"offenseId": "2382",
		"offenseTeam": "Mercer",
		"offenseAbbr": "MER",
		"defenseId": "333",
		"defenseTeam": "Alabama",
		"defenseAbbr": "ALA",
		"homeScore": 28,
		"awayScore": 0,
		"isScore": false,
		"quarter": 2,
		"clock": "12:03",
		"type": "Pass Incompletion",
		"down": 3,
		"distance": 3,
		"yardLine": 68,
		"yardsGained": 0,
		"endYardLine": 68,
		"description": "Kaelan Riley pass incomplete to Chandler Curtis"
	},
	{
		"gameId": "400933921",
		"year": 2017,
		"week": 12,
		"homeId": "333",
		"homeTeam": "Alabama",
		"homeAbbr": "ALA",
		"awayId": "2382",
		"awayTeam": "Mercer",
		"awayAbbr": "MER",
		"driveIndex": "7",
		"playIndex": "5",
		"offenseId": "2382",
		"offenseTeam": "Mercer",
		"offenseAbbr": "MER",
		"defenseId": "333",
		"defenseTeam": "Alabama",
		"defenseAbbr": "ALA",
		"homeScore": 28,
		"awayScore": 0,
		"isScore": false,
		"quarter": 2,
		"clock": "11:51",
		"type": "Punt",
		"down": 4,
		"distance": 3,
		"yardLine": 68,
		"yardsGained": 26,
		"endYardLine": 51,
		"description": "Grant Goupil punt for 43 yds , Xavian Marks returns for 26 yds to the Mercr 49"
	},
	{
		"gameId": "400933921",
		"year": 2017,
		"week": 12,
		"homeId": "333",
		"homeTeam": "Alabama",
		"homeAbbr": "ALA",
		"awayId": "2382",
		"awayTeam": "Mercer",
		"awayAbbr": "MER",
		"driveIndex": "8",
		"playIndex": "0",
		"offenseId": "333",
		"offenseTeam": "Alabama",
		"offenseAbbr": "ALA",
		"defenseId": "2382",
		"defenseTeam": "Mercer",
		"defenseAbbr": "MER",
		"homeScore": 28,
		"awayScore": 0,
		"isScore": false,
		"quarter": 2,
		"clock": "11:27",
		"type": "Rush",
		"down": 1,
		"distance": 10,
		"yardLine": 51,
		"yardsGained": 44,
		"endYardLine": 95,
		"description": "Bo Scarbrough run for 44 yds to the Mercr 5 for a 1ST down"
	},
	{
		"gameId": "400933921",
		"year": 2017,
		"week": 12,
		"homeId": "333",
		"homeTeam": "Alabama",
		"homeAbbr": "ALA",
		"awayId": "2382",
		"awayTeam": "Mercer",
		"awayAbbr": "MER",
		"driveIndex": "8",
		"playIndex": "1",
		"offenseId": "333",
		"offenseTeam": "Alabama",
		"offenseAbbr": "ALA",
		"defenseId": "2382",
		"defenseTeam": "Mercer",
		"defenseAbbr": "MER",
		"homeScore": 28,
		"awayScore": 0,
		"isScore": false,
		"quarter": 2,
		"clock": "11:12",
		"type": "Rush",
		"down": 1,
		"distance": 5,
		"yardLine": 95,
		"yardsGained": 1,
		"endYardLine": 96,
		"description": "Bo Scarbrough run for 1 yd to the Mercr 4"
	},
	{
		"gameId": "400933921",
		"year": 2017,
		"week": 12,
		"homeId": "333",
		"homeTeam": "Alabama",
		"homeAbbr": "ALA",
		"awayId": "2382",
		"awayTeam": "Mercer",
		"awayAbbr": "MER",
		"driveIndex": "8",
		"playIndex": "2",
		"offenseId": "333",
		"offenseTeam": "Alabama",
		"offenseAbbr": "ALA",
		"defenseId": "2382",
		"defenseTeam": "Mercer",
		"defenseAbbr": "MER",
		"homeScore": 35,
		"awayScore": 0,
		"isScore": true,
		"quarter": 2,
		"clock": "10:39",
		"type": "Passing Touchdown",
		"down": 2,
		"distance": 0,
		"yardLine": 96,
		"yardsGained": 4,
		"endYardLine": 100,
		"description": "Hale Hentges 4 Yd pass from Tua Tagovailoa (JK Scott Kick)"
	},
	{
		"gameId": "400933921",
		"year": 2017,
		"week": 12,
		"homeId": "333",
		"homeTeam": "Alabama",
		"homeAbbr": "ALA",
		"awayId": "2382",
		"awayTeam": "Mercer",
		"awayAbbr": "MER",
		"driveIndex": "9",
		"playIndex": "0",
		"offenseId": "333",
		"offenseTeam": "Alabama",
		"offenseAbbr": "ALA",
		"defenseId": "2382",
		"defenseTeam": "Mercer",
		"defenseAbbr": "MER",
		"homeScore": 35,
		"awayScore": 0,
		"isScore": false,
		"quarter": 2,
		"clock": "10:39",
		"type": "Kickoff",
		"down": 2,
		"distance": 9,
		"yardLine": 35,
		"yardsGained": 0,
		"endYardLine": 75,
		"description": "JK Scott kickoff for 65 yds for a touchback"
	},
	{
		"gameId": "400933921",
		"year": 2017,
		"week": 12,
		"homeId": "333",
		"homeTeam": "Alabama",
		"homeAbbr": "ALA",
		"awayId": "2382",
		"awayTeam": "Mercer",
		"awayAbbr": "MER",
		"driveIndex": "9",
		"playIndex": "1",
		"offenseId": "2382",
		"offenseTeam": "Mercer",
		"offenseAbbr": "MER",
		"defenseId": "333",
		"defenseTeam": "Alabama",
		"defenseAbbr": "ALA",
		"homeScore": 35,
		"awayScore": 0,
		"isScore": false,
		"quarter": 2,
		"clock": "10:32",
		"type": "Rush",
		"down": 1,
		"distance": 10,
		"yardLine": 75,
		"yardsGained": 2,
		"endYardLine": 73,
		"description": "CJ Leggett run for 2 yds to the Mercr 27"
	},
	{
		"gameId": "400933921",
		"year": 2017,
		"week": 12,
		"homeId": "333",
		"homeTeam": "Alabama",
		"homeAbbr": "ALA",
		"awayId": "2382",
		"awayTeam": "Mercer",
		"awayAbbr": "MER",
		"driveIndex": "9",
		"playIndex": "2",
		"offenseId": "2382",
		"offenseTeam": "Mercer",
		"offenseAbbr": "MER",
		"defenseId": "333",
		"defenseTeam": "Alabama",
		"defenseAbbr": "ALA",
		"homeScore": 35,
		"awayScore": 0,
		"isScore": false,
		"quarter": 2,
		"clock": "9:44",
		"type": "Rush",
		"down": 2,
		"distance": 8,
		"yardLine": 73,
		"yardsGained": 5,
		"endYardLine": 68,
		"description": "Alex Lakes run for 5 yds to the Mercr 32"
	},
	{
		"gameId": "400933921",
		"year": 2017,
		"week": 12,
		"homeId": "333",
		"homeTeam": "Alabama",
		"homeAbbr": "ALA",
		"awayId": "2382",
		"awayTeam": "Mercer",
		"awayAbbr": "MER",
		"driveIndex": "9",
		"playIndex": "3",
		"offenseId": "2382",
		"offenseTeam": "Mercer",
		"offenseAbbr": "MER",
		"defenseId": "333",
		"defenseTeam": "Alabama",
		"defenseAbbr": "ALA",
		"homeScore": 35,
		"awayScore": 0,
		"isScore": false,
		"quarter": 2,
		"clock": "9:06",
		"type": "Penalty",
		"down": 3,
		"distance": 3,
		"yardLine": 68,
		"yardsGained": -5,
		"endYardLine": 73,
		"description": "MERCER Penalty, Delay of Game (-5 Yards) to the Mercr 27"
	},
	{
		"gameId": "400933921",
		"year": 2017,
		"week": 12,
		"homeId": "333",
		"homeTeam": "Alabama",
		"homeAbbr": "ALA",
		"awayId": "2382",
		"awayTeam": "Mercer",
		"awayAbbr": "MER",
		"driveIndex": "9",
		"playIndex": "4",
		"offenseId": "2382",
		"offenseTeam": "Mercer",
		"offenseAbbr": "MER",
		"defenseId": "333",
		"defenseTeam": "Alabama",
		"defenseAbbr": "ALA",
		"homeScore": 35,
		"awayScore": 0,
		"isScore": false,
		"quarter": 2,
		"clock": "8:37",
		"type": "Pass Reception",
		"down": 3,
		"distance": 8,
		"yardLine": 73,
		"yardsGained": 10,
		"endYardLine": 63,
		"description": "Kaelan Riley pass complete to Sam Walker for 10 yds to the Mercr 37 for a 1ST down"
	},
	{
		"gameId": "400933921",
		"year": 2017,
		"week": 12,
		"homeId": "333",
		"homeTeam": "Alabama",
		"homeAbbr": "ALA",
		"awayId": "2382",
		"awayTeam": "Mercer",
		"awayAbbr": "MER",
		"driveIndex": "9",
		"playIndex": "5",
		"offenseId": "2382",
		"offenseTeam": "Mercer",
		"offenseAbbr": "MER",
		"defenseId": "333",
		"defenseTeam": "Alabama",
		"defenseAbbr": "ALA",
		"homeScore": 35,
		"awayScore": 0,
		"isScore": false,
		"quarter": 2,
		"clock": "7:56",
		"type": "Rush",
		"down": 1,
		"distance": 10,
		"yardLine": 63,
		"yardsGained": 1,
		"endYardLine": 62,
		"description": "CJ Leggett run for 1 yd to the Mercr 38"
	},
	{
		"gameId": "400933921",
		"year": 2017,
		"week": 12,
		"homeId": "333",
		"homeTeam": "Alabama",
		"homeAbbr": "ALA",
		"awayId": "2382",
		"awayTeam": "Mercer",
		"awayAbbr": "MER",
		"driveIndex": "9",
		"playIndex": "6",
		"offenseId": "2382",
		"offenseTeam": "Mercer",
		"offenseAbbr": "MER",
		"defenseId": "333",
		"defenseTeam": "Alabama",
		"defenseAbbr": "ALA",
		"homeScore": 35,
		"awayScore": 0,
		"isScore": false,
		"quarter": 2,
		"clock": "7:07",
		"type": "Pass Reception",
		"down": 2,
		"distance": 9,
		"yardLine": 62,
		"yardsGained": -1,
		"endYardLine": 63,
		"description": "Kaelan Riley pass complete to CJ Leggett for a loss of 1 yard to the Mercr 37"
	},
	{
		"gameId": "400933921",
		"year": 2017,
		"week": 12,
		"homeId": "333",
		"homeTeam": "Alabama",
		"homeAbbr": "ALA",
		"awayId": "2382",
		"awayTeam": "Mercer",
		"awayAbbr": "MER",
		"driveIndex": "9",
		"playIndex": "7",
		"offenseId": "2382",
		"offenseTeam": "Mercer",
		"offenseAbbr": "MER",
		"defenseId": "333",
		"defenseTeam": "Alabama",
		"defenseAbbr": "ALA",
		"homeScore": 35,
		"awayScore": 0,
		"isScore": false,
		"quarter": 2,
		"clock": "6:30",
		"type": "Pass Incompletion",
		"down": 3,
		"distance": 10,
		"yardLine": 63,
		"yardsGained": 0,
		"endYardLine": 63,
		"description": "Kaelan Riley pass incomplete to Sam Walker"
	},
	{
		"gameId": "400933921",
		"year": 2017,
		"week": 12,
		"homeId": "333",
		"homeTeam": "Alabama",
		"homeAbbr": "ALA",
		"awayId": "2382",
		"awayTeam": "Mercer",
		"awayAbbr": "MER",
		"driveIndex": "9",
		"playIndex": "8",
		"offenseId": "2382",
		"offenseTeam": "Mercer",
		"offenseAbbr": "MER",
		"defenseId": "333",
		"defenseTeam": "Alabama",
		"defenseAbbr": "ALA",
		"homeScore": 35,
		"awayScore": 0,
		"isScore": false,
		"quarter": 2,
		"clock": "6:18",
		"type": "Punt",
		"down": 4,
		"distance": 10,
		"yardLine": 63,
		"yardsGained": 0,
		"endYardLine": 16,
		"description": "Grant Goupil punt for 47 yds, downed at the Alab 16"
	},
	{
		"gameId": "400933921",
		"year": 2017,
		"week": 12,
		"homeId": "333",
		"homeTeam": "Alabama",
		"homeAbbr": "ALA",
		"awayId": "2382",
		"awayTeam": "Mercer",
		"awayAbbr": "MER",
		"driveIndex": "10",
		"playIndex": "0",
		"offenseId": "333",
		"offenseTeam": "Alabama",
		"offenseAbbr": "ALA",
		"defenseId": "2382",
		"defenseTeam": "Mercer",
		"defenseAbbr": "MER",
		"homeScore": 35,
		"awayScore": 0,
		"isScore": false,
		"quarter": 2,
		"clock": "6:08",
		"type": "Rush",
		"down": 1,
		"distance": 10,
		"yardLine": 16,
		"yardsGained": 9,
		"endYardLine": 25,
		"description": "Josh Jacobs run for 9 yds to the Alab 25"
	},
	{
		"gameId": "400933921",
		"year": 2017,
		"week": 12,
		"homeId": "333",
		"homeTeam": "Alabama",
		"homeAbbr": "ALA",
		"awayId": "2382",
		"awayTeam": "Mercer",
		"awayAbbr": "MER",
		"driveIndex": "10",
		"playIndex": "1",
		"offenseId": "333",
		"offenseTeam": "Alabama",
		"offenseAbbr": "ALA",
		"defenseId": "2382",
		"defenseTeam": "Mercer",
		"defenseAbbr": "MER",
		"homeScore": 35,
		"awayScore": 0,
		"isScore": false,
		"quarter": 2,
		"clock": "5:46",
		"type": "Rush",
		"down": 2,
		"distance": 1,
		"yardLine": 25,
		"yardsGained": 2,
		"endYardLine": 27,
		"description": "Josh Jacobs run for 2 yds to the Alab 27 for a 1ST down"
	},
	{
		"gameId": "400933921",
		"year": 2017,
		"week": 12,
		"homeId": "333",
		"homeTeam": "Alabama",
		"homeAbbr": "ALA",
		"awayId": "2382",
		"awayTeam": "Mercer",
		"awayAbbr": "MER",
		"driveIndex": "10",
		"playIndex": "2",
		"offenseId": "333",
		"offenseTeam": "Alabama",
		"offenseAbbr": "ALA",
		"defenseId": "2382",
		"defenseTeam": "Mercer",
		"defenseAbbr": "MER",
		"homeScore": 35,
		"awayScore": 0,
		"isScore": false,
		"quarter": 2,
		"clock": "5:25",
		"type": "Rush",
		"down": 1,
		"distance": 10,
		"yardLine": 27,
		"yardsGained": 3,
		"endYardLine": 30,
		"description": "Tua Tagovailoa run for 3 yds to the Alab 30"
	},
	{
		"gameId": "400933921",
		"year": 2017,
		"week": 12,
		"homeId": "333",
		"homeTeam": "Alabama",
		"homeAbbr": "ALA",
		"awayId": "2382",
		"awayTeam": "Mercer",
		"awayAbbr": "MER",
		"driveIndex": "10",
		"playIndex": "3",
		"offenseId": "333",
		"offenseTeam": "Alabama",
		"offenseAbbr": "ALA",
		"defenseId": "2382",
		"defenseTeam": "Mercer",
		"defenseAbbr": "MER",
		"homeScore": 35,
		"awayScore": 0,
		"isScore": false,
		"quarter": 2,
		"clock": "5:02",
		"type": "Fumble Recovery (Opponent)",
		"down": 2,
		"distance": 7,
		"yardLine": 30,
		"yardsGained": 16,
		"endYardLine": 46,
		"description": "Tua Tagovailoa pass complete to Henry Ruggs III for 16 yds Henry Ruggs III fumbled, forced by Harrison Poole, recovered by Mercr Sidney Otiwu"
	},
	{
		"gameId": "400933921",
		"year": 2017,
		"week": 12,
		"homeId": "333",
		"homeTeam": "Alabama",
		"homeAbbr": "ALA",
		"awayId": "2382",
		"awayTeam": "Mercer",
		"awayAbbr": "MER",
		"driveIndex": "11",
		"playIndex": "0",
		"offenseId": "2382",
		"offenseTeam": "Mercer",
		"offenseAbbr": "MER",
		"defenseId": "333",
		"defenseTeam": "Alabama",
		"defenseAbbr": "ALA",
		"homeScore": 35,
		"awayScore": 0,
		"isScore": false,
		"quarter": 2,
		"clock": "4:51",
		"type": "Rush",
		"down": 1,
		"distance": 10,
		"yardLine": 46,
		"yardsGained": 5,
		"endYardLine": 41,
		"description": "Alex Lakes run for 5 yds to the Alab 41"
	},
	{
		"gameId": "400933921",
		"year": 2017,
		"week": 12,
		"homeId": "333",
		"homeTeam": "Alabama",
		"homeAbbr": "ALA",
		"awayId": "2382",
		"awayTeam": "Mercer",
		"awayAbbr": "MER",
		"driveIndex": "11",
		"playIndex": "1",
		"offenseId": "2382",
		"offenseTeam": "Mercer",
		"offenseAbbr": "MER",
		"defenseId": "333",
		"defenseTeam": "Alabama",
		"defenseAbbr": "ALA",
		"homeScore": 35,
		"awayScore": 0,
		"isScore": false,
		"quarter": 2,
		"clock": "4:16",
		"type": "Pass Incompletion",
		"down": 2,
		"distance": 5,
		"yardLine": 41,
		"yardsGained": 0,
		"endYardLine": 41,
		"description": "Kaelan Riley pass incomplete to Sam Walker"
	},
	{
		"gameId": "400933921",
		"year": 2017,
		"week": 12,
		"homeId": "333",
		"homeTeam": "Alabama",
		"homeAbbr": "ALA",
		"awayId": "2382",
		"awayTeam": "Mercer",
		"awayAbbr": "MER",
		"driveIndex": "11",
		"playIndex": "2",
		"offenseId": "2382",
		"offenseTeam": "Mercer",
		"offenseAbbr": "MER",
		"defenseId": "333",
		"defenseTeam": "Alabama",
		"defenseAbbr": "ALA",
		"homeScore": 35,
		"awayScore": 0,
		"isScore": false,
		"quarter": 2,
		"clock": "4:05",
		"type": "Rush",
		"down": 3,
		"distance": 5,
		"yardLine": 41,
		"yardsGained": 4,
		"endYardLine": 37,
		"description": "Alex Lakes run for 4 yds to the Alab 37"
	},
	{
		"gameId": "400933921",
		"year": 2017,
		"week": 12,
		"homeId": "333",
		"homeTeam": "Alabama",
		"homeAbbr": "ALA",
		"awayId": "2382",
		"awayTeam": "Mercer",
		"awayAbbr": "MER",
		"driveIndex": "11",
		"playIndex": "3",
		"offenseId": "2382",
		"offenseTeam": "Mercer",
		"offenseAbbr": "MER",
		"defenseId": "333",
		"defenseTeam": "Alabama",
		"defenseAbbr": "ALA",
		"homeScore": 35,
		"awayScore": 0,
		"isScore": false,
		"quarter": 2,
		"clock": "3:28",
		"type": "Timeout",
		"down": 4,
		"distance": 1,
		"yardLine": 37,
		"yardsGained": 0,
		"endYardLine": 37,
		"description": "Timeout MERCER, clock 03:28"
	},
	{
		"gameId": "400933921",
		"year": 2017,
		"week": 12,
		"homeId": "333",
		"homeTeam": "Alabama",
		"homeAbbr": "ALA",
		"awayId": "2382",
		"awayTeam": "Mercer",
		"awayAbbr": "MER",
		"driveIndex": "11",
		"playIndex": "4",
		"offenseId": "2382",
		"offenseTeam": "Mercer",
		"offenseAbbr": "MER",
		"defenseId": "333",
		"defenseTeam": "Alabama",
		"defenseAbbr": "ALA",
		"homeScore": 35,
		"awayScore": 0,
		"isScore": false,
		"quarter": 2,
		"clock": "3:21",
		"type": "Pass Reception",
		"down": 4,
		"distance": 1,
		"yardLine": 37,
		"yardsGained": 2,
		"endYardLine": 35,
		"description": "Kaelan Riley pass complete to Sam Walker for 2 yds to the Alab 35 for a 1ST down"
	},
	{
		"gameId": "400933921",
		"year": 2017,
		"week": 12,
		"homeId": "333",
		"homeTeam": "Alabama",
		"homeAbbr": "ALA",
		"awayId": "2382",
		"awayTeam": "Mercer",
		"awayAbbr": "MER",
		"driveIndex": "11",
		"playIndex": "5",
		"offenseId": "2382",
		"offenseTeam": "Mercer",
		"offenseAbbr": "MER",
		"defenseId": "333",
		"defenseTeam": "Alabama",
		"defenseAbbr": "ALA",
		"homeScore": 35,
		"awayScore": 0,
		"isScore": false,
		"quarter": 2,
		"clock": "2:50",
		"type": "Rush",
		"down": 1,
		"distance": 10,
		"yardLine": 35,
		"yardsGained": 5,
		"endYardLine": 30,
		"description": "Kaelan Riley run for 5 yds to the Alab 30"
	},
	{
		"gameId": "400933921",
		"year": 2017,
		"week": 12,
		"homeId": "333",
		"homeTeam": "Alabama",
		"homeAbbr": "ALA",
		"awayId": "2382",
		"awayTeam": "Mercer",
		"awayAbbr": "MER",
		"driveIndex": "11",
		"playIndex": "6",
		"offenseId": "2382",
		"offenseTeam": "Mercer",
		"offenseAbbr": "MER",
		"defenseId": "333",
		"defenseTeam": "Alabama",
		"defenseAbbr": "ALA",
		"homeScore": 35,
		"awayScore": 0,
		"isScore": false,
		"quarter": 2,
		"clock": "2:08",
		"type": "Pass Reception",
		"down": 2,
		"distance": 5,
		"yardLine": 30,
		"yardsGained": 11,
		"endYardLine": 19,
		"description": "Kaelan Riley pass complete to Sam Walker for 11 yds to the Alab 19 for a 1ST down"
	},
	{
		"gameId": "400933921",
		"year": 2017,
		"week": 12,
		"homeId": "333",
		"homeTeam": "Alabama",
		"homeAbbr": "ALA",
		"awayId": "2382",
		"awayTeam": "Mercer",
		"awayAbbr": "MER",
		"driveIndex": "11",
		"playIndex": "7",
		"offenseId": "2382",
		"offenseTeam": "Mercer",
		"offenseAbbr": "MER",
		"defenseId": "333",
		"defenseTeam": "Alabama",
		"defenseAbbr": "ALA",
		"homeScore": 35,
		"awayScore": 0,
		"isScore": false,
		"quarter": 2,
		"clock": "1:33",
		"type": "Rush",
		"down": 1,
		"distance": 10,
		"yardLine": 19,
		"yardsGained": 3,
		"endYardLine": 16,
		"description": "Alex Lakes run for 3 yds to the Alab 16"
	},
	{
		"gameId": "400933921",
		"year": 2017,
		"week": 12,
		"homeId": "333",
		"homeTeam": "Alabama",
		"homeAbbr": "ALA",
		"awayId": "2382",
		"awayTeam": "Mercer",
		"awayAbbr": "MER",
		"driveIndex": "11",
		"playIndex": "8",
		"offenseId": "2382",
		"offenseTeam": "Mercer",
		"offenseAbbr": "MER",
		"defenseId": "333",
		"defenseTeam": "Alabama",
		"defenseAbbr": "ALA",
		"homeScore": 35,
		"awayScore": 0,
		"isScore": false,
		"quarter": 2,
		"clock": "1:00",
		"type": "Pass Interception Return",
		"down": 2,
		"distance": 7,
		"yardLine": 16,
		"yardsGained": 11,
		"endYardLine": 20,
		"description": "Kaelan Riley pass intercepted Dylan Moses return for 11 yds to the Alab 20"
	},
	{
		"gameId": "400933921",
		"year": 2017,
		"week": 12,
		"homeId": "333",
		"homeTeam": "Alabama",
		"homeAbbr": "ALA",
		"awayId": "2382",
		"awayTeam": "Mercer",
		"awayAbbr": "MER",
		"driveIndex": "12",
		"playIndex": "0",
		"offenseId": "333",
		"offenseTeam": "Alabama",
		"offenseAbbr": "ALA",
		"defenseId": "2382",
		"defenseTeam": "Mercer",
		"defenseAbbr": "MER",
		"homeScore": 35,
		"awayScore": 0,
		"isScore": false,
		"quarter": 2,
		"clock": "0:55",
		"type": "Pass Incompletion",
		"down": 1,
		"distance": 10,
		"yardLine": 20,
		"yardsGained": 0,
		"endYardLine": 20,
		"description": "Tua Tagovailoa pass incomplete to Cam Sims"
	},
	{
		"gameId": "400933921",
		"year": 2017,
		"week": 12,
		"homeId": "333",
		"homeTeam": "Alabama",
		"homeAbbr": "ALA",
		"awayId": "2382",
		"awayTeam": "Mercer",
		"awayAbbr": "MER",
		"driveIndex": "12",
		"playIndex": "1",
		"offenseId": "333",
		"offenseTeam": "Alabama",
		"offenseAbbr": "ALA",
		"defenseId": "2382",
		"defenseTeam": "Mercer",
		"defenseAbbr": "MER",
		"homeScore": 35,
		"awayScore": 0,
		"isScore": false,
		"quarter": 2,
		"clock": "0:50",
		"type": "Pass Incompletion",
		"down": 2,
		"distance": 10,
		"yardLine": 20,
		"yardsGained": 0,
		"endYardLine": 20,
		"description": "Tua Tagovailoa pass incomplete to Robert Foster"
	},
	{
		"gameId": "400933921",
		"year": 2017,
		"week": 12,
		"homeId": "333",
		"homeTeam": "Alabama",
		"homeAbbr": "ALA",
		"awayId": "2382",
		"awayTeam": "Mercer",
		"awayAbbr": "MER",
		"driveIndex": "12",
		"playIndex": "2",
		"offenseId": "333",
		"offenseTeam": "Alabama",
		"offenseAbbr": "ALA",
		"defenseId": "2382",
		"defenseTeam": "Mercer",
		"defenseAbbr": "MER",
		"homeScore": 35,
		"awayScore": 0,
		"isScore": false,
		"quarter": 2,
		"clock": "0:42",
		"type": "Rush",
		"down": 3,
		"distance": 10,
		"yardLine": 20,
		"yardsGained": 10,
		"endYardLine": 30,
		"description": "Najee Harris run for 10 yds to the Alab 30 for a 1ST down"
	},
	{
		"gameId": "400933921",
		"year": 2017,
		"week": 12,
		"homeId": "333",
		"homeTeam": "Alabama",
		"homeAbbr": "ALA",
		"awayId": "2382",
		"awayTeam": "Mercer",
		"awayAbbr": "MER",
		"driveIndex": "12",
		"playIndex": "3",
		"offenseId": "333",
		"offenseTeam": "Alabama",
		"offenseAbbr": "ALA",
		"defenseId": "2382",
		"defenseTeam": "Mercer",
		"defenseAbbr": "MER",
		"homeScore": 35,
		"awayScore": 0,
		"isScore": false,
		"quarter": 2,
		"clock": "0:29",
		"type": "Pass Incompletion",
		"down": 1,
		"distance": 10,
		"yardLine": 30,
		"yardsGained": 0,
		"endYardLine": 30,
		"description": "Tua Tagovailoa pass incomplete to Najee Harris"
	},
	{
		"gameId": "400933921",
		"year": 2017,
		"week": 12,
		"homeId": "333",
		"homeTeam": "Alabama",
		"homeAbbr": "ALA",
		"awayId": "2382",
		"awayTeam": "Mercer",
		"awayAbbr": "MER",
		"driveIndex": "12",
		"playIndex": "4",
		"offenseId": "333",
		"offenseTeam": "Alabama",
		"offenseAbbr": "ALA",
		"defenseId": "2382",
		"defenseTeam": "Mercer",
		"defenseAbbr": "MER",
		"homeScore": 35,
		"awayScore": 0,
		"isScore": false,
		"quarter": 2,
		"clock": "0:00",
		"type": "Rush",
		"down": 2,
		"distance": 10,
		"yardLine": 30,
		"yardsGained": 9,
		"endYardLine": 39,
		"description": "Tua Tagovailoa run for 9 yds to the Alab 39"
	},
	{
		"gameId": "400933921",
		"year": 2017,
		"week": 12,
		"homeId": "333",
		"homeTeam": "Alabama",
		"homeAbbr": "ALA",
		"awayId": "2382",
		"awayTeam": "Mercer",
		"awayAbbr": "MER",
		"driveIndex": "12",
		"playIndex": "5",
		"offenseId": "333",
		"offenseTeam": "Alabama",
		"offenseAbbr": "ALA",
		"defenseId": "2382",
		"defenseTeam": "Mercer",
		"defenseAbbr": "MER",
		"homeScore": 35,
		"awayScore": 0,
		"isScore": false,
		"quarter": 2,
		"clock": "0:00",
		"type": "End of Half",
		"down": 0,
		"distance": 10,
		"yardLine": 0,
		"yardsGained": 0,
		"endYardLine": 39,
		"description": "End of 2nd Quarter"
	},
	{
		"gameId": "400933921",
		"year": 2017,
		"week": 12,
		"homeId": "333",
		"homeTeam": "Alabama",
		"homeAbbr": "ALA",
		"awayId": "2382",
		"awayTeam": "Mercer",
		"awayAbbr": "MER",
		"driveIndex": "13",
		"playIndex": "0",
		"offenseId": "333",
		"offenseTeam": "Alabama",
		"offenseAbbr": "ALA",
		"defenseId": "2382",
		"defenseTeam": "Mercer",
		"defenseAbbr": "MER",
		"homeScore": 35,
		"awayScore": 0,
		"isScore": false,
		"quarter": 3,
		"clock": "15:00",
		"type": "Kickoff",
		"down": 1,
		"distance": 10,
		"yardLine": 35,
		"yardsGained": 0,
		"endYardLine": 75,
		"description": "JK Scott kickoff for 65 yds for a touchback"
	},
	{
		"gameId": "400933921",
		"year": 2017,
		"week": 12,
		"homeId": "333",
		"homeTeam": "Alabama",
		"homeAbbr": "ALA",
		"awayId": "2382",
		"awayTeam": "Mercer",
		"awayAbbr": "MER",
		"driveIndex": "13",
		"playIndex": "1",
		"offenseId": "2382",
		"offenseTeam": "Mercer",
		"offenseAbbr": "MER",
		"defenseId": "333",
		"defenseTeam": "Alabama",
		"defenseAbbr": "ALA",
		"homeScore": 35,
		"awayScore": 0,
		"isScore": false,
		"quarter": 3,
		"clock": "14:53",
		"type": "Pass Incompletion",
		"down": 1,
		"distance": 10,
		"yardLine": 75,
		"yardsGained": 0,
		"endYardLine": 75,
		"description": "Kaelan Riley pass incomplete"
	},
	{
		"gameId": "400933921",
		"year": 2017,
		"week": 12,
		"homeId": "333",
		"homeTeam": "Alabama",
		"homeAbbr": "ALA",
		"awayId": "2382",
		"awayTeam": "Mercer",
		"awayAbbr": "MER",
		"driveIndex": "13",
		"playIndex": "2",
		"offenseId": "2382",
		"offenseTeam": "Mercer",
		"offenseAbbr": "MER",
		"defenseId": "333",
		"defenseTeam": "Alabama",
		"defenseAbbr": "ALA",
		"homeScore": 35,
		"awayScore": 0,
		"isScore": false,
		"quarter": 3,
		"clock": "14:47",
		"type": "Rush",
		"down": 2,
		"distance": 10,
		"yardLine": 75,
		"yardsGained": 12,
		"endYardLine": 63,
		"description": "Tee Mitchell run for 12 yds to the Mercr 37 for a 1ST down"
	},
	{
		"gameId": "400933921",
		"year": 2017,
		"week": 12,
		"homeId": "333",
		"homeTeam": "Alabama",
		"homeAbbr": "ALA",
		"awayId": "2382",
		"awayTeam": "Mercer",
		"awayAbbr": "MER",
		"driveIndex": "13",
		"playIndex": "3",
		"offenseId": "2382",
		"offenseTeam": "Mercer",
		"offenseAbbr": "MER",
		"defenseId": "333",
		"defenseTeam": "Alabama",
		"defenseAbbr": "ALA",
		"homeScore": 35,
		"awayScore": 0,
		"isScore": false,
		"quarter": 3,
		"clock": "14:18",
		"type": "Rush",
		"down": 1,
		"distance": 10,
		"yardLine": 63,
		"yardsGained": 2,
		"endYardLine": 61,
		"description": "Tee Mitchell run for 2 yds to the Mercr 39"
	},
	{
		"gameId": "400933921",
		"year": 2017,
		"week": 12,
		"homeId": "333",
		"homeTeam": "Alabama",
		"homeAbbr": "ALA",
		"awayId": "2382",
		"awayTeam": "Mercer",
		"awayAbbr": "MER",
		"driveIndex": "13",
		"playIndex": "4",
		"offenseId": "2382",
		"offenseTeam": "Mercer",
		"offenseAbbr": "MER",
		"defenseId": "333",
		"defenseTeam": "Alabama",
		"defenseAbbr": "ALA",
		"homeScore": 35,
		"awayScore": 0,
		"isScore": false,
		"quarter": 3,
		"clock": "13:49",
		"type": "Pass Incompletion",
		"down": 2,
		"distance": 8,
		"yardLine": 61,
		"yardsGained": 0,
		"endYardLine": 61,
		"description": "Kaelan Riley pass incomplete to Sam Walker"
	},
	{
		"gameId": "400933921",
		"year": 2017,
		"week": 12,
		"homeId": "333",
		"homeTeam": "Alabama",
		"homeAbbr": "ALA",
		"awayId": "2382",
		"awayTeam": "Mercer",
		"awayAbbr": "MER",
		"driveIndex": "13",
		"playIndex": "5",
		"offenseId": "2382",
		"offenseTeam": "Mercer",
		"offenseAbbr": "MER",
		"defenseId": "333",
		"defenseTeam": "Alabama",
		"defenseAbbr": "ALA",
		"homeScore": 35,
		"awayScore": 0,
		"isScore": false,
		"quarter": 3,
		"clock": "13:42",
		"type": "Rush",
		"down": 3,
		"distance": 8,
		"yardLine": 61,
		"yardsGained": 21,
		"endYardLine": 40,
		"description": "Tee Mitchell run for 21 yds to the Alab 40 for a 1ST down"
	},
	{
		"gameId": "400933921",
		"year": 2017,
		"week": 12,
		"homeId": "333",
		"homeTeam": "Alabama",
		"homeAbbr": "ALA",
		"awayId": "2382",
		"awayTeam": "Mercer",
		"awayAbbr": "MER",
		"driveIndex": "13",
		"playIndex": "6",
		"offenseId": "2382",
		"offenseTeam": "Mercer",
		"offenseAbbr": "MER",
		"defenseId": "333",
		"defenseTeam": "Alabama",
		"defenseAbbr": "ALA",
		"homeScore": 35,
		"awayScore": 0,
		"isScore": false,
		"quarter": 3,
		"clock": "13:01",
		"type": "Rush",
		"down": 1,
		"distance": 10,
		"yardLine": 40,
		"yardsGained": 2,
		"endYardLine": 38,
		"description": "Tee Mitchell run for 2 yds to the Alab 38"
	},
	{
		"gameId": "400933921",
		"year": 2017,
		"week": 12,
		"homeId": "333",
		"homeTeam": "Alabama",
		"homeAbbr": "ALA",
		"awayId": "2382",
		"awayTeam": "Mercer",
		"awayAbbr": "MER",
		"driveIndex": "13",
		"playIndex": "7",
		"offenseId": "2382",
		"offenseTeam": "Mercer",
		"offenseAbbr": "MER",
		"defenseId": "333",
		"defenseTeam": "Alabama",
		"defenseAbbr": "ALA",
		"homeScore": 35,
		"awayScore": 0,
		"isScore": false,
		"quarter": 3,
		"clock": "12:17",
		"type": "Rush",
		"down": 2,
		"distance": 8,
		"yardLine": 38,
		"yardsGained": 3,
		"endYardLine": 35,
		"description": "Tee Mitchell run for 3 yds to the Alab 35"
	},
	{
		"gameId": "400933921",
		"year": 2017,
		"week": 12,
		"homeId": "333",
		"homeTeam": "Alabama",
		"homeAbbr": "ALA",
		"awayId": "2382",
		"awayTeam": "Mercer",
		"awayAbbr": "MER",
		"driveIndex": "13",
		"playIndex": "8",
		"offenseId": "2382",
		"offenseTeam": "Mercer",
		"offenseAbbr": "MER",
		"defenseId": "333",
		"defenseTeam": "Alabama",
		"defenseAbbr": "ALA",
		"homeScore": 35,
		"awayScore": 0,
		"isScore": false,
		"quarter": 3,
		"clock": "11:40",
		"type": "Rush",
		"down": 3,
		"distance": 5,
		"yardLine": 35,
		"yardsGained": 1,
		"endYardLine": 34,
		"description": "Tee Mitchell run for 1 yd to the Alab 34"
	},
	{
		"gameId": "400933921",
		"year": 2017,
		"week": 12,
		"homeId": "333",
		"homeTeam": "Alabama",
		"homeAbbr": "ALA",
		"awayId": "2382",
		"awayTeam": "Mercer",
		"awayAbbr": "MER",
		"driveIndex": "13",
		"playIndex": "9",
		"offenseId": "2382",
		"offenseTeam": "Mercer",
		"offenseAbbr": "MER",
		"defenseId": "333",
		"defenseTeam": "Alabama",
		"defenseAbbr": "ALA",
		"homeScore": 35,
		"awayScore": 0,
		"isScore": false,
		"quarter": 3,
		"clock": "10:54",
		"type": "Rush",
		"down": 4,
		"distance": 4,
		"yardLine": 34,
		"yardsGained": -3,
		"endYardLine": 37,
		"description": "CJ Leggett run for a loss of 3 yards to the Alab 37"
	},
	{
		"gameId": "400933921",
		"year": 2017,
		"week": 12,
		"homeId": "333",
		"homeTeam": "Alabama",
		"homeAbbr": "ALA",
		"awayId": "2382",
		"awayTeam": "Mercer",
		"awayAbbr": "MER",
		"driveIndex": "14",
		"playIndex": "0",
		"offenseId": "333",
		"offenseTeam": "Alabama",
		"offenseAbbr": "ALA",
		"defenseId": "2382",
		"defenseTeam": "Mercer",
		"defenseAbbr": "MER",
		"homeScore": 35,
		"awayScore": 0,
		"isScore": false,
		"quarter": 3,
		"clock": "10:44",
		"type": "Rush",
		"down": 1,
		"distance": 10,
		"yardLine": 37,
		"yardsGained": 3,
		"endYardLine": 40,
		"description": "Josh Jacobs run for 3 yds to the Alab 40"
	},
	{
		"gameId": "400933921",
		"year": 2017,
		"week": 12,
		"homeId": "333",
		"homeTeam": "Alabama",
		"homeAbbr": "ALA",
		"awayId": "2382",
		"awayTeam": "Mercer",
		"awayAbbr": "MER",
		"driveIndex": "14",
		"playIndex": "1",
		"offenseId": "333",
		"offenseTeam": "Alabama",
		"offenseAbbr": "ALA",
		"defenseId": "2382",
		"defenseTeam": "Mercer",
		"defenseAbbr": "MER",
		"homeScore": 35,
		"awayScore": 0,
		"isScore": false,
		"quarter": 3,
		"clock": "10:20",
		"type": "Rush",
		"down": 2,
		"distance": 7,
		"yardLine": 40,
		"yardsGained": 3,
		"endYardLine": 43,
		"description": "Josh Jacobs run for 3 yds to the Alab 43"
	},
	{
		"gameId": "400933921",
		"year": 2017,
		"week": 12,
		"homeId": "333",
		"homeTeam": "Alabama",
		"homeAbbr": "ALA",
		"awayId": "2382",
		"awayTeam": "Mercer",
		"awayAbbr": "MER",
		"driveIndex": "14",
		"playIndex": "2",
		"offenseId": "333",
		"offenseTeam": "Alabama",
		"offenseAbbr": "ALA",
		"defenseId": "2382",
		"defenseTeam": "Mercer",
		"defenseAbbr": "MER",
		"homeScore": 35,
		"awayScore": 0,
		"isScore": false,
		"quarter": 3,
		"clock": "9:53",
		"type": "Rush",
		"down": 3,
		"distance": 4,
		"yardLine": 43,
		"yardsGained": 0,
		"endYardLine": 43,
		"description": "Najee Harris run for no gain to the Alab 43"
	},
	{
		"gameId": "400933921",
		"year": 2017,
		"week": 12,
		"homeId": "333",
		"homeTeam": "Alabama",
		"homeAbbr": "ALA",
		"awayId": "2382",
		"awayTeam": "Mercer",
		"awayAbbr": "MER",
		"driveIndex": "14",
		"playIndex": "3",
		"offenseId": "333",
		"offenseTeam": "Alabama",
		"offenseAbbr": "ALA",
		"defenseId": "2382",
		"defenseTeam": "Mercer",
		"defenseAbbr": "MER",
		"homeScore": 35,
		"awayScore": 0,
		"isScore": false,
		"quarter": 3,
		"clock": "9:11",
		"type": "Punt",
		"down": 4,
		"distance": 4,
		"yardLine": 43,
		"yardsGained": 0,
		"endYardLine": 94,
		"description": "JK Scott punt for 51 yds, fair catch by Chandler Curtis at the Mercr 6"
	},
	{
		"gameId": "400933921",
		"year": 2017,
		"week": 12,
		"homeId": "333",
		"homeTeam": "Alabama",
		"homeAbbr": "ALA",
		"awayId": "2382",
		"awayTeam": "Mercer",
		"awayAbbr": "MER",
		"driveIndex": "15",
		"playIndex": "0",
		"offenseId": "2382",
		"offenseTeam": "Mercer",
		"offenseAbbr": "MER",
		"defenseId": "333",
		"defenseTeam": "Alabama",
		"defenseAbbr": "ALA",
		"homeScore": 35,
		"awayScore": 0,
		"isScore": false,
		"quarter": 3,
		"clock": "9:03",
		"type": "Rush",
		"down": 1,
		"distance": 10,
		"yardLine": 93,
		"yardsGained": 1,
		"endYardLine": 92,
		"description": "Tee Mitchell run for 1 yd to the Mercr 8"
	},
	{
		"gameId": "400933921",
		"year": 2017,
		"week": 12,
		"homeId": "333",
		"homeTeam": "Alabama",
		"homeAbbr": "ALA",
		"awayId": "2382",
		"awayTeam": "Mercer",
		"awayAbbr": "MER",
		"driveIndex": "15",
		"playIndex": "1",
		"offenseId": "2382",
		"offenseTeam": "Mercer",
		"offenseAbbr": "MER",
		"defenseId": "333",
		"defenseTeam": "Alabama",
		"defenseAbbr": "ALA",
		"homeScore": 35,
		"awayScore": 0,
		"isScore": false,
		"quarter": 3,
		"clock": "8:21",
		"type": "Rush",
		"down": 2,
		"distance": 9,
		"yardLine": 92,
		"yardsGained": 0,
		"endYardLine": 92,
		"description": "Kaelan Riley run for no gain to the Mercr 8"
	},
	{
		"gameId": "400933921",
		"year": 2017,
		"week": 12,
		"homeId": "333",
		"homeTeam": "Alabama",
		"homeAbbr": "ALA",
		"awayId": "2382",
		"awayTeam": "Mercer",
		"awayAbbr": "MER",
		"driveIndex": "15",
		"playIndex": "2",
		"offenseId": "2382",
		"offenseTeam": "Mercer",
		"offenseAbbr": "MER",
		"defenseId": "333",
		"defenseTeam": "Alabama",
		"defenseAbbr": "ALA",
		"homeScore": 35,
		"awayScore": 0,
		"isScore": false,
		"quarter": 3,
		"clock": "7:38",
		"type": "Rush",
		"down": 3,
		"distance": 9,
		"yardLine": 92,
		"yardsGained": -2,
		"endYardLine": 94,
		"description": "Tee Mitchell run for a loss of 2 yards to the Mercr 6"
	},
	{
		"gameId": "400933921",
		"year": 2017,
		"week": 12,
		"homeId": "333",
		"homeTeam": "Alabama",
		"homeAbbr": "ALA",
		"awayId": "2382",
		"awayTeam": "Mercer",
		"awayAbbr": "MER",
		"driveIndex": "15",
		"playIndex": "3",
		"offenseId": "2382",
		"offenseTeam": "Mercer",
		"offenseAbbr": "MER",
		"defenseId": "333",
		"defenseTeam": "Alabama",
		"defenseAbbr": "ALA",
		"homeScore": 35,
		"awayScore": 0,
		"isScore": false,
		"quarter": 3,
		"clock": "6:51",
		"type": "Punt",
		"down": 4,
		"distance": 11,
		"yardLine": 94,
		"yardsGained": 0,
		"endYardLine": 42,
		"description": "Grant Goupil punt for 52 yds, downed at the Alab 42"
	},
	{
		"gameId": "400933921",
		"year": 2017,
		"week": 12,
		"homeId": "333",
		"homeTeam": "Alabama",
		"homeAbbr": "ALA",
		"awayId": "2382",
		"awayTeam": "Mercer",
		"awayAbbr": "MER",
		"driveIndex": "16",
		"playIndex": "0",
		"offenseId": "333",
		"offenseTeam": "Alabama",
		"offenseAbbr": "ALA",
		"defenseId": "2382",
		"defenseTeam": "Mercer",
		"defenseAbbr": "MER",
		"homeScore": 35,
		"awayScore": 0,
		"isScore": false,
		"quarter": 3,
		"clock": "6:43",
		"type": "Pass Reception",
		"down": 1,
		"distance": 10,
		"yardLine": 42,
		"yardsGained": 21,
		"endYardLine": 63,
		"description": "Tua Tagovailoa pass complete to Major Tennison for 21 yds to the Mercr 37 for a 1ST down"
	},
	{
		"gameId": "400933921",
		"year": 2017,
		"week": 12,
		"homeId": "333",
		"homeTeam": "Alabama",
		"homeAbbr": "ALA",
		"awayId": "2382",
		"awayTeam": "Mercer",
		"awayAbbr": "MER",
		"driveIndex": "16",
		"playIndex": "1",
		"offenseId": "333",
		"offenseTeam": "Alabama",
		"offenseAbbr": "ALA",
		"defenseId": "2382",
		"defenseTeam": "Mercer",
		"defenseAbbr": "MER",
		"homeScore": 35,
		"awayScore": 0,
		"isScore": false,
		"quarter": 3,
		"clock": "6:19",
		"type": "Rush",
		"down": 1,
		"distance": 10,
		"yardLine": 63,
		"yardsGained": 7,
		"endYardLine": 70,
		"description": "Najee Harris run for 7 yds to the Mercr 30"
	},
	{
		"gameId": "400933921",
		"year": 2017,
		"week": 12,
		"homeId": "333",
		"homeTeam": "Alabama",
		"homeAbbr": "ALA",
		"awayId": "2382",
		"awayTeam": "Mercer",
		"awayAbbr": "MER",
		"driveIndex": "16",
		"playIndex": "2",
		"offenseId": "333",
		"offenseTeam": "Alabama",
		"offenseAbbr": "ALA",
		"defenseId": "2382",
		"defenseTeam": "Mercer",
		"defenseAbbr": "MER",
		"homeScore": 35,
		"awayScore": 0,
		"isScore": false,
		"quarter": 3,
		"clock": "5:42",
		"type": "Pass Reception",
		"down": 2,
		"distance": 3,
		"yardLine": 70,
		"yardsGained": 10,
		"endYardLine": 80,
		"description": "Tua Tagovailoa pass complete to DeVonta Smith for 10 yds to the Mercr 20 for a 1ST down"
	},
	{
		"gameId": "400933921",
		"year": 2017,
		"week": 12,
		"homeId": "333",
		"homeTeam": "Alabama",
		"homeAbbr": "ALA",
		"awayId": "2382",
		"awayTeam": "Mercer",
		"awayAbbr": "MER",
		"driveIndex": "16",
		"playIndex": "3",
		"offenseId": "333",
		"offenseTeam": "Alabama",
		"offenseAbbr": "ALA",
		"defenseId": "2382",
		"defenseTeam": "Mercer",
		"defenseAbbr": "MER",
		"homeScore": 35,
		"awayScore": 0,
		"isScore": false,
		"quarter": 3,
		"clock": "5:16",
		"type": "Pass Reception",
		"down": 1,
		"distance": 10,
		"yardLine": 80,
		"yardsGained": 13,
		"endYardLine": 93,
		"description": "Tua Tagovailoa pass complete to Cam Sims for 13 yds to the Mercr 7 for a 1ST down"
	},
	{
		"gameId": "400933921",
		"year": 2017,
		"week": 12,
		"homeId": "333",
		"homeTeam": "Alabama",
		"homeAbbr": "ALA",
		"awayId": "2382",
		"awayTeam": "Mercer",
		"awayAbbr": "MER",
		"driveIndex": "16",
		"playIndex": "4",
		"offenseId": "333",
		"offenseTeam": "Alabama",
		"offenseAbbr": "ALA",
		"defenseId": "2382",
		"defenseTeam": "Mercer",
		"defenseAbbr": "MER",
		"homeScore": 35,
		"awayScore": 0,
		"isScore": false,
		"quarter": 3,
		"clock": "4:52",
		"type": "Rush",
		"down": 1,
		"distance": 7,
		"yardLine": 93,
		"yardsGained": -1,
		"endYardLine": 92,
		"description": "Tua Tagovailoa run for a loss of 1 yard to the Mercr 8"
	},
	{
		"gameId": "400933921",
		"year": 2017,
		"week": 12,
		"homeId": "333",
		"homeTeam": "Alabama",
		"homeAbbr": "ALA",
		"awayId": "2382",
		"awayTeam": "Mercer",
		"awayAbbr": "MER",
		"driveIndex": "16",
		"playIndex": "5",
		"offenseId": "333",
		"offenseTeam": "Alabama",
		"offenseAbbr": "ALA",
		"defenseId": "2382",
		"defenseTeam": "Mercer",
		"defenseAbbr": "MER",
		"homeScore": 42,
		"awayScore": 0,
		"isScore": true,
		"quarter": 3,
		"clock": "4:18",
		"type": "Passing Touchdown",
		"down": 2,
		"distance": 0,
		"yardLine": 92,
		"yardsGained": 8,
		"endYardLine": 100,
		"description": "Cam Sims 8 Yd pass from Tua Tagovailoa (JK Scott Kick)"
	},
	{
		"gameId": "400933921",
		"year": 2017,
		"week": 12,
		"homeId": "333",
		"homeTeam": "Alabama",
		"homeAbbr": "ALA",
		"awayId": "2382",
		"awayTeam": "Mercer",
		"awayAbbr": "MER",
		"driveIndex": "17",
		"playIndex": "0",
		"offenseId": "333",
		"offenseTeam": "Alabama",
		"offenseAbbr": "ALA",
		"defenseId": "2382",
		"defenseTeam": "Mercer",
		"defenseAbbr": "MER",
		"homeScore": 42,
		"awayScore": 0,
		"isScore": false,
		"quarter": 3,
		"clock": "4:18",
		"type": "Kickoff",
		"down": 2,
		"distance": 11,
		"yardLine": 35,
		"yardsGained": 9,
		"endYardLine": 82,
		"description": "JK Scott kickoff for 56 yds , Chandler Curtis return for 9 yds to the Mercr 18"
	},
	{
		"gameId": "400933921",
		"year": 2017,
		"week": 12,
		"homeId": "333",
		"homeTeam": "Alabama",
		"homeAbbr": "ALA",
		"awayId": "2382",
		"awayTeam": "Mercer",
		"awayAbbr": "MER",
		"driveIndex": "17",
		"playIndex": "1",
		"offenseId": "2382",
		"offenseTeam": "Mercer",
		"offenseAbbr": "MER",
		"defenseId": "333",
		"defenseTeam": "Alabama",
		"defenseAbbr": "ALA",
		"homeScore": 42,
		"awayScore": 0,
		"isScore": false,
		"quarter": 3,
		"clock": "4:07",
		"type": "Pass Incompletion",
		"down": 1,
		"distance": 10,
		"yardLine": 82,
		"yardsGained": 0,
		"endYardLine": 82,
		"description": "Kaelan Riley pass incomplete to Marquise Irvin"
	},
	{
		"gameId": "400933921",
		"year": 2017,
		"week": 12,
		"homeId": "333",
		"homeTeam": "Alabama",
		"homeAbbr": "ALA",
		"awayId": "2382",
		"awayTeam": "Mercer",
		"awayAbbr": "MER",
		"driveIndex": "17",
		"playIndex": "2",
		"offenseId": "2382",
		"offenseTeam": "Mercer",
		"offenseAbbr": "MER",
		"defenseId": "333",
		"defenseTeam": "Alabama",
		"defenseAbbr": "ALA",
		"homeScore": 42,
		"awayScore": 0,
		"isScore": false,
		"quarter": 3,
		"clock": "3:55",
		"type": "Rush",
		"down": 2,
		"distance": 10,
		"yardLine": 82,
		"yardsGained": 2,
		"endYardLine": 80,
		"description": "CJ Leggett run for 2 yds to the Mercr 20"
	},
	{
		"gameId": "400933921",
		"year": 2017,
		"week": 12,
		"homeId": "333",
		"homeTeam": "Alabama",
		"homeAbbr": "ALA",
		"awayId": "2382",
		"awayTeam": "Mercer",
		"awayAbbr": "MER",
		"driveIndex": "17",
		"playIndex": "3",
		"offenseId": "2382",
		"offenseTeam": "Mercer",
		"offenseAbbr": "MER",
		"defenseId": "333",
		"defenseTeam": "Alabama",
		"defenseAbbr": "ALA",
		"homeScore": 42,
		"awayScore": 0,
		"isScore": false,
		"quarter": 3,
		"clock": "3:15",
		"type": "Pass Interception Return",
		"down": 3,
		"distance": 8,
		"yardLine": 80,
		"yardsGained": 21,
		"endYardLine": 94,
		"description": "Kaelan Riley pass intercepted Deionte Thompson return for 21 yds to the Mercr 6"
	},
	{
		"gameId": "400933921",
		"year": 2017,
		"week": 12,
		"homeId": "333",
		"homeTeam": "Alabama",
		"homeAbbr": "ALA",
		"awayId": "2382",
		"awayTeam": "Mercer",
		"awayAbbr": "MER",
		"driveIndex": "18",
		"playIndex": "0",
		"offenseId": "333",
		"offenseTeam": "Alabama",
		"offenseAbbr": "ALA",
		"defenseId": "2382",
		"defenseTeam": "Mercer",
		"defenseAbbr": "MER",
		"homeScore": 42,
		"awayScore": 0,
		"isScore": false,
		"quarter": 3,
		"clock": "3:12",
		"type": "Pass Incompletion",
		"down": 1,
		"distance": 6,
		"yardLine": 94,
		"yardsGained": 0,
		"endYardLine": 94,
		"description": "Tua Tagovailoa pass incomplete to Jerry Jeudy"
	},
	{
		"gameId": "400933921",
		"year": 2017,
		"week": 12,
		"homeId": "333",
		"homeTeam": "Alabama",
		"homeAbbr": "ALA",
		"awayId": "2382",
		"awayTeam": "Mercer",
		"awayAbbr": "MER",
		"driveIndex": "18",
		"playIndex": "1",
		"offenseId": "333",
		"offenseTeam": "Alabama",
		"offenseAbbr": "ALA",
		"defenseId": "2382",
		"defenseTeam": "Mercer",
		"defenseAbbr": "MER",
		"homeScore": 49,
		"awayScore": 0,
		"isScore": true,
		"quarter": 3,
		"clock": "3:06",
		"type": "Rushing Touchdown",
		"down": 2,
		"distance": 0,
		"yardLine": 94,
		"yardsGained": 6,
		"endYardLine": 100,
		"description": "Brian Robinson Jr. 6 Yd Run (JK Scott Kick)"
	},
	{
		"gameId": "400933921",
		"year": 2017,
		"week": 12,
		"homeId": "333",
		"homeTeam": "Alabama",
		"homeAbbr": "ALA",
		"awayId": "2382",
		"awayTeam": "Mercer",
		"awayAbbr": "MER",
		"driveIndex": "19",
		"playIndex": "0",
		"offenseId": "333",
		"offenseTeam": "Alabama",
		"offenseAbbr": "ALA",
		"defenseId": "2382",
		"defenseTeam": "Mercer",
		"defenseAbbr": "MER",
		"homeScore": 49,
		"awayScore": 0,
		"isScore": false,
		"quarter": 3,
		"clock": "3:06",
		"type": "Kickoff",
		"down": 2,
		"distance": 10,
		"yardLine": 35,
		"yardsGained": 11,
		"endYardLine": 94,
		"description": "JK Scott kickoff for 65 yds , Chandler Curtis return for 11 yds to the Mercr 46 MERCER Penalty, Illegal Block (5 Yards) to the Mercr 6"
	},
	{
		"gameId": "400933921",
		"year": 2017,
		"week": 12,
		"homeId": "333",
		"homeTeam": "Alabama",
		"homeAbbr": "ALA",
		"awayId": "2382",
		"awayTeam": "Mercer",
		"awayAbbr": "MER",
		"driveIndex": "19",
		"playIndex": "1",
		"offenseId": "2382",
		"offenseTeam": "Mercer",
		"offenseAbbr": "MER",
		"defenseId": "333",
		"defenseTeam": "Alabama",
		"defenseAbbr": "ALA",
		"homeScore": 49,
		"awayScore": 0,
		"isScore": false,
		"quarter": 3,
		"clock": "2:45",
		"type": "Rush",
		"down": 1,
		"distance": 10,
		"yardLine": 94,
		"yardsGained": -1,
		"endYardLine": 95,
		"description": "Tanner Brumby run for a loss of 1 yard to the Mercr 5"
	},
	{
		"gameId": "400933921",
		"year": 2017,
		"week": 12,
		"homeId": "333",
		"homeTeam": "Alabama",
		"homeAbbr": "ALA",
		"awayId": "2382",
		"awayTeam": "Mercer",
		"awayAbbr": "MER",
		"driveIndex": "19",
		"playIndex": "2",
		"offenseId": "2382",
		"offenseTeam": "Mercer",
		"offenseAbbr": "MER",
		"defenseId": "333",
		"defenseTeam": "Alabama",
		"defenseAbbr": "ALA",
		"homeScore": 49,
		"awayScore": 0,
		"isScore": false,
		"quarter": 3,
		"clock": "2:02",
		"type": "Rush",
		"down": 2,
		"distance": 11,
		"yardLine": 95,
		"yardsGained": 0,
		"endYardLine": 95,
		"description": "CJ Leggett run for no gain to the Mercr 5"
	},
	{
		"gameId": "400933921",
		"year": 2017,
		"week": 12,
		"homeId": "333",
		"homeTeam": "Alabama",
		"homeAbbr": "ALA",
		"awayId": "2382",
		"awayTeam": "Mercer",
		"awayAbbr": "MER",
		"driveIndex": "19",
		"playIndex": "3",
		"offenseId": "2382",
		"offenseTeam": "Mercer",
		"offenseAbbr": "MER",
		"defenseId": "333",
		"defenseTeam": "Alabama",
		"defenseAbbr": "ALA",
		"homeScore": 49,
		"awayScore": 0,
		"isScore": false,
		"quarter": 3,
		"clock": "1:33",
		"type": "Rush",
		"down": 3,
		"distance": 11,
		"yardLine": 95,
		"yardsGained": 3,
		"endYardLine": 92,
		"description": "CJ Leggett run for 3 yds to the Mercr 8"
	},
	{
		"gameId": "400933921",
		"year": 2017,
		"week": 12,
		"homeId": "333",
		"homeTeam": "Alabama",
		"homeAbbr": "ALA",
		"awayId": "2382",
		"awayTeam": "Mercer",
		"awayAbbr": "MER",
		"driveIndex": "19",
		"playIndex": "4",
		"offenseId": "2382",
		"offenseTeam": "Mercer",
		"offenseAbbr": "MER",
		"defenseId": "333",
		"defenseTeam": "Alabama",
		"defenseAbbr": "ALA",
		"homeScore": 49,
		"awayScore": 0,
		"isScore": false,
		"quarter": 3,
		"clock": "0:42",
		"type": "Punt",
		"down": 4,
		"distance": 8,
		"yardLine": 92,
		"yardsGained": 26,
		"endYardLine": 83,
		"description": "Grant Goupil punt for 35 yds , Xavian Marks returns for 26 yds to the Mercr 17"
	},
	{
		"gameId": "400933921",
		"year": 2017,
		"week": 12,
		"homeId": "333",
		"homeTeam": "Alabama",
		"homeAbbr": "ALA",
		"awayId": "2382",
		"awayTeam": "Mercer",
		"awayAbbr": "MER",
		"driveIndex": "20",
		"playIndex": "0",
		"offenseId": "333",
		"offenseTeam": "Alabama",
		"offenseAbbr": "ALA",
		"defenseId": "2382",
		"defenseTeam": "Mercer",
		"defenseAbbr": "MER",
		"homeScore": 49,
		"awayScore": 0,
		"isScore": false,
		"quarter": 3,
		"clock": "0:00",
		"type": "Rush",
		"down": 1,
		"distance": 10,
		"yardLine": 83,
		"yardsGained": 4,
		"endYardLine": 87,
		"description": "Najee Harris run for 4 yds to the Mercr 13"
	},
	{
		"gameId": "400933921",
		"year": 2017,
		"week": 12,
		"homeId": "333",
		"homeTeam": "Alabama",
		"homeAbbr": "ALA",
		"awayId": "2382",
		"awayTeam": "Mercer",
		"awayAbbr": "MER",
		"driveIndex": "20",
		"playIndex": "1",
		"offenseId": "333",
		"offenseTeam": "Alabama",
		"offenseAbbr": "ALA",
		"defenseId": "2382",
		"defenseTeam": "Mercer",
		"defenseAbbr": "MER",
		"homeScore": 49,
		"awayScore": 0,
		"isScore": false,
		"quarter": 3,
		"clock": "0:00",
		"type": "End Period",
		"down": 0,
		"distance": 10,
		"yardLine": 0,
		"yardsGained": 0,
		"endYardLine": 87,
		"description": "End of 3rd Quarter"
	},
	{
		"gameId": "400933921",
		"year": 2017,
		"week": 12,
		"homeId": "333",
		"homeTeam": "Alabama",
		"homeAbbr": "ALA",
		"awayId": "2382",
		"awayTeam": "Mercer",
		"awayAbbr": "MER",
		"driveIndex": "20",
		"playIndex": "2",
		"offenseId": "333",
		"offenseTeam": "Alabama",
		"offenseAbbr": "ALA",
		"defenseId": "2382",
		"defenseTeam": "Mercer",
		"defenseAbbr": "MER",
		"homeScore": 56,
		"awayScore": 0,
		"isScore": true,
		"quarter": 4,
		"clock": "14:55",
		"type": "Passing Touchdown",
		"down": 2,
		"distance": 6,
		"yardLine": 87,
		"yardsGained": 13,
		"endYardLine": 100,
		"description": "Derek Kief 13 Yd pass from Tua Tagovailoa (JK Scott Kick)"
	},
	{
		"gameId": "400933921",
		"year": 2017,
		"week": 12,
		"homeId": "333",
		"homeTeam": "Alabama",
		"homeAbbr": "ALA",
		"awayId": "2382",
		"awayTeam": "Mercer",
		"awayAbbr": "MER",
		"driveIndex": "21",
		"playIndex": "0",
		"offenseId": "333",
		"offenseTeam": "Alabama",
		"offenseAbbr": "ALA",
		"defenseId": "2382",
		"defenseTeam": "Mercer",
		"defenseAbbr": "MER",
		"homeScore": 56,
		"awayScore": 0,
		"isScore": false,
		"quarter": 4,
		"clock": "14:55",
		"type": "Kickoff",
		"down": 2,
		"distance": 6,
		"yardLine": 35,
		"yardsGained": 47,
		"endYardLine": 51,
		"description": "JK Scott kickoff for 63 yds , Stephen Houzah return for 47 yds to the Mercr 49"
	},
	{
		"gameId": "400933921",
		"year": 2017,
		"week": 12,
		"homeId": "333",
		"homeTeam": "Alabama",
		"homeAbbr": "ALA",
		"awayId": "2382",
		"awayTeam": "Mercer",
		"awayAbbr": "MER",
		"driveIndex": "21",
		"playIndex": "1",
		"offenseId": "2382",
		"offenseTeam": "Mercer",
		"offenseAbbr": "MER",
		"defenseId": "333",
		"defenseTeam": "Alabama",
		"defenseAbbr": "ALA",
		"homeScore": 56,
		"awayScore": 0,
		"isScore": false,
		"quarter": 4,
		"clock": "14:27",
		"type": "Rush",
		"down": 1,
		"distance": 10,
		"yardLine": 51,
		"yardsGained": 8,
		"endYardLine": 43,
		"description": "Tyray Devezin run for 8 yds to the Alab 43"
	},
	{
		"gameId": "400933921",
		"year": 2017,
		"week": 12,
		"homeId": "333",
		"homeTeam": "Alabama",
		"homeAbbr": "ALA",
		"awayId": "2382",
		"awayTeam": "Mercer",
		"awayAbbr": "MER",
		"driveIndex": "21",
		"playIndex": "2",
		"offenseId": "2382",
		"offenseTeam": "Mercer",
		"offenseAbbr": "MER",
		"defenseId": "333",
		"defenseTeam": "Alabama",
		"defenseAbbr": "ALA",
		"homeScore": 56,
		"awayScore": 0,
		"isScore": false,
		"quarter": 4,
		"clock": "13:56",
		"type": "Rush",
		"down": 2,
		"distance": 2,
		"yardLine": 43,
		"yardsGained": 0,
		"endYardLine": 43,
		"description": "Tanner Brumby run for no gain to the Alab 43"
	},
	{
		"gameId": "400933921",
		"year": 2017,
		"week": 12,
		"homeId": "333",
		"homeTeam": "Alabama",
		"homeAbbr": "ALA",
		"awayId": "2382",
		"awayTeam": "Mercer",
		"awayAbbr": "MER",
		"driveIndex": "21",
		"playIndex": "3",
		"offenseId": "2382",
		"offenseTeam": "Mercer",
		"offenseAbbr": "MER",
		"defenseId": "333",
		"defenseTeam": "Alabama",
		"defenseAbbr": "ALA",
		"homeScore": 56,
		"awayScore": 0,
		"isScore": false,
		"quarter": 4,
		"clock": "13:22",
		"type": "Rush",
		"down": 3,
		"distance": 2,
		"yardLine": 43,
		"yardsGained": 4,
		"endYardLine": 39,
		"description": "Tyray Devezin run for 4 yds to the Alab 39 for a 1ST down"
	},
	{
		"gameId": "400933921",
		"year": 2017,
		"week": 12,
		"homeId": "333",
		"homeTeam": "Alabama",
		"homeAbbr": "ALA",
		"awayId": "2382",
		"awayTeam": "Mercer",
		"awayAbbr": "MER",
		"driveIndex": "21",
		"playIndex": "4",
		"offenseId": "2382",
		"offenseTeam": "Mercer",
		"offenseAbbr": "MER",
		"defenseId": "333",
		"defenseTeam": "Alabama",
		"defenseAbbr": "ALA",
		"homeScore": 56,
		"awayScore": 0,
		"isScore": false,
		"quarter": 4,
		"clock": "12:46",
		"type": "Rush",
		"down": 1,
		"distance": 10,
		"yardLine": 39,
		"yardsGained": 0,
		"endYardLine": 39,
		"description": "Tyray Devezin run for no gain to the Alab 39"
	},
	{
		"gameId": "400933921",
		"year": 2017,
		"week": 12,
		"homeId": "333",
		"homeTeam": "Alabama",
		"homeAbbr": "ALA",
		"awayId": "2382",
		"awayTeam": "Mercer",
		"awayAbbr": "MER",
		"driveIndex": "21",
		"playIndex": "5",
		"offenseId": "2382",
		"offenseTeam": "Mercer",
		"offenseAbbr": "MER",
		"defenseId": "333",
		"defenseTeam": "Alabama",
		"defenseAbbr": "ALA",
		"homeScore": 56,
		"awayScore": 0,
		"isScore": false,
		"quarter": 4,
		"clock": "12:13",
		"type": "Rush",
		"down": 2,
		"distance": 10,
		"yardLine": 39,
		"yardsGained": -2,
		"endYardLine": 41,
		"description": "Tanner Brumby run for a loss of 2 yards to the Alab 41"
	},
	{
		"gameId": "400933921",
		"year": 2017,
		"week": 12,
		"homeId": "333",
		"homeTeam": "Alabama",
		"homeAbbr": "ALA",
		"awayId": "2382",
		"awayTeam": "Mercer",
		"awayAbbr": "MER",
		"driveIndex": "21",
		"playIndex": "6",
		"offenseId": "2382",
		"offenseTeam": "Mercer",
		"offenseAbbr": "MER",
		"defenseId": "333",
		"defenseTeam": "Alabama",
		"defenseAbbr": "ALA",
		"homeScore": 56,
		"awayScore": 0,
		"isScore": false,
		"quarter": 4,
		"clock": "11:34",
		"type": "Rush",
		"down": 3,
		"distance": 12,
		"yardLine": 41,
		"yardsGained": 2,
		"endYardLine": 39,
		"description": "Tanner Brumby run for 2 yds to the Alab 39"
	},
	{
		"gameId": "400933921",
		"year": 2017,
		"week": 12,
		"homeId": "333",
		"homeTeam": "Alabama",
		"homeAbbr": "ALA",
		"awayId": "2382",
		"awayTeam": "Mercer",
		"awayAbbr": "MER",
		"driveIndex": "21",
		"playIndex": "7",
		"offenseId": "2382",
		"offenseTeam": "Mercer",
		"offenseAbbr": "MER",
		"defenseId": "333",
		"defenseTeam": "Alabama",
		"defenseAbbr": "ALA",
		"homeScore": 56,
		"awayScore": 0,
		"isScore": false,
		"quarter": 4,
		"clock": "11:00",
		"type": "Pass Incompletion",
		"down": 4,
		"distance": 10,
		"yardLine": 39,
		"yardsGained": 0,
		"endYardLine": 39,
		"description": "Tanner Brumby pass incomplete to Marquise Irvin"
	},
	{
		"gameId": "400933921",
		"year": 2017,
		"week": 12,
		"homeId": "333",
		"homeTeam": "Alabama",
		"homeAbbr": "ALA",
		"awayId": "2382",
		"awayTeam": "Mercer",
		"awayAbbr": "MER",
		"driveIndex": "22",
		"playIndex": "0",
		"offenseId": "333",
		"offenseTeam": "Alabama",
		"offenseAbbr": "ALA",
		"defenseId": "2382",
		"defenseTeam": "Mercer",
		"defenseAbbr": "MER",
		"homeScore": 56,
		"awayScore": 0,
		"isScore": false,
		"quarter": 4,
		"clock": "10:51",
		"type": "Rush",
		"down": 1,
		"distance": 10,
		"yardLine": 39,
		"yardsGained": 15,
		"endYardLine": 54,
		"description": "Brian Robinson Jr. run for 15 yds to the Mercr 46 for a 1ST down"
	},
	{
		"gameId": "400933921",
		"year": 2017,
		"week": 12,
		"homeId": "333",
		"homeTeam": "Alabama",
		"homeAbbr": "ALA",
		"awayId": "2382",
		"awayTeam": "Mercer",
		"awayAbbr": "MER",
		"driveIndex": "22",
		"playIndex": "1",
		"offenseId": "333",
		"offenseTeam": "Alabama",
		"offenseAbbr": "ALA",
		"defenseId": "2382",
		"defenseTeam": "Mercer",
		"defenseAbbr": "MER",
		"homeScore": 56,
		"awayScore": 0,
		"isScore": false,
		"quarter": 4,
		"clock": "10:06",
		"type": "Rush",
		"down": 1,
		"distance": 10,
		"yardLine": 54,
		"yardsGained": 6,
		"endYardLine": 60,
		"description": "Austin Johnson run for 6 yds to the Mercr 40"
	},
	{
		"gameId": "400933921",
		"year": 2017,
		"week": 12,
		"homeId": "333",
		"homeTeam": "Alabama",
		"homeAbbr": "ALA",
		"awayId": "2382",
		"awayTeam": "Mercer",
		"awayAbbr": "MER",
		"driveIndex": "22",
		"playIndex": "2",
		"offenseId": "333",
		"offenseTeam": "Alabama",
		"offenseAbbr": "ALA",
		"defenseId": "2382",
		"defenseTeam": "Mercer",
		"defenseAbbr": "MER",
		"homeScore": 56,
		"awayScore": 0,
		"isScore": false,
		"quarter": 4,
		"clock": "9:24",
		"type": "Fumble Recovery (Opponent)",
		"down": 2,
		"distance": 4,
		"yardLine": 60,
		"yardsGained": 4,
		"endYardLine": 64,
		"description": "Ronnie Clark run for 4 yds to the Mercr 36 Ronnie Clark fumbled, forced by Malique Fleming, recovered by Mercr Malique Fleming"
	},
	{
		"gameId": "400933921",
		"year": 2017,
		"week": 12,
		"homeId": "333",
		"homeTeam": "Alabama",
		"homeAbbr": "ALA",
		"awayId": "2382",
		"awayTeam": "Mercer",
		"awayAbbr": "MER",
		"driveIndex": "23",
		"playIndex": "0",
		"offenseId": "2382",
		"offenseTeam": "Mercer",
		"offenseAbbr": "MER",
		"defenseId": "333",
		"defenseTeam": "Alabama",
		"defenseAbbr": "ALA",
		"homeScore": 56,
		"awayScore": 0,
		"isScore": false,
		"quarter": 4,
		"clock": "9:10",
		"type": "Rush",
		"down": 1,
		"distance": 10,
		"yardLine": 64,
		"yardsGained": -1,
		"endYardLine": 65,
		"description": "Tee Mitchell run for a loss of 1 yard to the Mercr 35"
	},
	{
		"gameId": "400933921",
		"year": 2017,
		"week": 12,
		"homeId": "333",
		"homeTeam": "Alabama",
		"homeAbbr": "ALA",
		"awayId": "2382",
		"awayTeam": "Mercer",
		"awayAbbr": "MER",
		"driveIndex": "23",
		"playIndex": "1",
		"offenseId": "2382",
		"offenseTeam": "Mercer",
		"offenseAbbr": "MER",
		"defenseId": "333",
		"defenseTeam": "Alabama",
		"defenseAbbr": "ALA",
		"homeScore": 56,
		"awayScore": 0,
		"isScore": false,
		"quarter": 4,
		"clock": "8:40",
		"type": "Pass Incompletion",
		"down": 2,
		"distance": 11,
		"yardLine": 65,
		"yardsGained": 0,
		"endYardLine": 65,
		"description": "Tanner Brumby pass incomplete to Chandler Curtis"
	},
	{
		"gameId": "400933921",
		"year": 2017,
		"week": 12,
		"homeId": "333",
		"homeTeam": "Alabama",
		"homeAbbr": "ALA",
		"awayId": "2382",
		"awayTeam": "Mercer",
		"awayAbbr": "MER",
		"driveIndex": "23",
		"playIndex": "2",
		"offenseId": "2382",
		"offenseTeam": "Mercer",
		"offenseAbbr": "MER",
		"defenseId": "333",
		"defenseTeam": "Alabama",
		"defenseAbbr": "ALA",
		"homeScore": 56,
		"awayScore": 0,
		"isScore": false,
		"quarter": 4,
		"clock": "8:29",
		"type": "Pass Reception",
		"down": 3,
		"distance": 11,
		"yardLine": 65,
		"yardsGained": 10,
		"endYardLine": 55,
		"description": "Tanner Brumby pass complete to Sam Walker for 10 yds to the Mercr 45"
	},
	{
		"gameId": "400933921",
		"year": 2017,
		"week": 12,
		"homeId": "333",
		"homeTeam": "Alabama",
		"homeAbbr": "ALA",
		"awayId": "2382",
		"awayTeam": "Mercer",
		"awayAbbr": "MER",
		"driveIndex": "23",
		"playIndex": "3",
		"offenseId": "2382",
		"offenseTeam": "Mercer",
		"offenseAbbr": "MER",
		"defenseId": "333",
		"defenseTeam": "Alabama",
		"defenseAbbr": "ALA",
		"homeScore": 56,
		"awayScore": 0,
		"isScore": false,
		"quarter": 4,
		"clock": "7:38",
		"type": "Punt",
		"down": 4,
		"distance": 1,
		"yardLine": 55,
		"yardsGained": 0,
		"endYardLine": 4,
		"description": "Grant Goupil punt for 51 yds, downed at the Alab 4"
	},
	{
		"gameId": "400933921",
		"year": 2017,
		"week": 12,
		"homeId": "333",
		"homeTeam": "Alabama",
		"homeAbbr": "ALA",
		"awayId": "2382",
		"awayTeam": "Mercer",
		"awayAbbr": "MER",
		"driveIndex": "24",
		"playIndex": "0",
		"offenseId": "333",
		"offenseTeam": "Alabama",
		"offenseAbbr": "ALA",
		"defenseId": "2382",
		"defenseTeam": "Mercer",
		"defenseAbbr": "MER",
		"homeScore": 56,
		"awayScore": 0,
		"isScore": false,
		"quarter": 4,
		"clock": "7:24",
		"type": "Rush",
		"down": 1,
		"distance": 10,
		"yardLine": 4,
		"yardsGained": 6,
		"endYardLine": 10,
		"description": "Brian Robinson Jr. run for 6 yds to the Alab 10"
	},
	{
		"gameId": "400933921",
		"year": 2017,
		"week": 12,
		"homeId": "333",
		"homeTeam": "Alabama",
		"homeAbbr": "ALA",
		"awayId": "2382",
		"awayTeam": "Mercer",
		"awayAbbr": "MER",
		"driveIndex": "24",
		"playIndex": "1",
		"offenseId": "333",
		"offenseTeam": "Alabama",
		"offenseAbbr": "ALA",
		"defenseId": "2382",
		"defenseTeam": "Mercer",
		"defenseAbbr": "MER",
		"homeScore": 56,
		"awayScore": 0,
		"isScore": false,
		"quarter": 4,
		"clock": "6:43",
		"type": "Rush",
		"down": 2,
		"distance": 4,
		"yardLine": 10,
		"yardsGained": 3,
		"endYardLine": 13,
		"description": "Brian Robinson Jr. run for 3 yds to the Alab 13"
	},
	{
		"gameId": "400933921",
		"year": 2017,
		"week": 12,
		"homeId": "333",
		"homeTeam": "Alabama",
		"homeAbbr": "ALA",
		"awayId": "2382",
		"awayTeam": "Mercer",
		"awayAbbr": "MER",
		"driveIndex": "24",
		"playIndex": "2",
		"offenseId": "333",
		"offenseTeam": "Alabama",
		"offenseAbbr": "ALA",
		"defenseId": "2382",
		"defenseTeam": "Mercer",
		"defenseAbbr": "MER",
		"homeScore": 56,
		"awayScore": 0,
		"isScore": false,
		"quarter": 4,
		"clock": "6:01",
		"type": "Rush",
		"down": 3,
		"distance": 1,
		"yardLine": 13,
		"yardsGained": 2,
		"endYardLine": 15,
		"description": "Brian Robinson Jr. run for 2 yds to the Alab 15 for a 1ST down"
	},
	{
		"gameId": "400933921",
		"year": 2017,
		"week": 12,
		"homeId": "333",
		"homeTeam": "Alabama",
		"homeAbbr": "ALA",
		"awayId": "2382",
		"awayTeam": "Mercer",
		"awayAbbr": "MER",
		"driveIndex": "24",
		"playIndex": "3",
		"offenseId": "333",
		"offenseTeam": "Alabama",
		"offenseAbbr": "ALA",
		"defenseId": "2382",
		"defenseTeam": "Mercer",
		"defenseAbbr": "MER",
		"homeScore": 56,
		"awayScore": 0,
		"isScore": false,
		"quarter": 4,
		"clock": "5:11",
		"type": "Rush",
		"down": 1,
		"distance": 10,
		"yardLine": 15,
		"yardsGained": 5,
		"endYardLine": 20,
		"description": "Ronnie Clark run for 5 yds to the Alab 20"
	},
	{
		"gameId": "400933921",
		"year": 2017,
		"week": 12,
		"homeId": "333",
		"homeTeam": "Alabama",
		"homeAbbr": "ALA",
		"awayId": "2382",
		"awayTeam": "Mercer",
		"awayAbbr": "MER",
		"driveIndex": "24",
		"playIndex": "4",
		"offenseId": "333",
		"offenseTeam": "Alabama",
		"offenseAbbr": "ALA",
		"defenseId": "2382",
		"defenseTeam": "Mercer",
		"defenseAbbr": "MER",
		"homeScore": 56,
		"awayScore": 0,
		"isScore": false,
		"quarter": 4,
		"clock": "4:21",
		"type": "Rush",
		"down": 2,
		"distance": 5,
		"yardLine": 20,
		"yardsGained": 7,
		"endYardLine": 27,
		"description": "Ronnie Clark run for 7 yds to the Alab 27 for a 1ST down"
	},
	{
		"gameId": "400933921",
		"year": 2017,
		"week": 12,
		"homeId": "333",
		"homeTeam": "Alabama",
		"homeAbbr": "ALA",
		"awayId": "2382",
		"awayTeam": "Mercer",
		"awayAbbr": "MER",
		"driveIndex": "24",
		"playIndex": "5",
		"offenseId": "333",
		"offenseTeam": "Alabama",
		"offenseAbbr": "ALA",
		"defenseId": "2382",
		"defenseTeam": "Mercer",
		"defenseAbbr": "MER",
		"homeScore": 56,
		"awayScore": 0,
		"isScore": false,
		"quarter": 4,
		"clock": "3:34",
		"type": "Rush",
		"down": 1,
		"distance": 10,
		"yardLine": 27,
		"yardsGained": 5,
		"endYardLine": 32,
		"description": "Brian Robinson Jr. run for 5 yds to the Alab 32"
	},
	{
		"gameId": "400933921",
		"year": 2017,
		"week": 12,
		"homeId": "333",
		"homeTeam": "Alabama",
		"homeAbbr": "ALA",
		"awayId": "2382",
		"awayTeam": "Mercer",
		"awayAbbr": "MER",
		"driveIndex": "24",
		"playIndex": "6",
		"offenseId": "333",
		"offenseTeam": "Alabama",
		"offenseAbbr": "ALA",
		"defenseId": "2382",
		"defenseTeam": "Mercer",
		"defenseAbbr": "MER",
		"homeScore": 56,
		"awayScore": 0,
		"isScore": false,
		"quarter": 4,
		"clock": "2:44",
		"type": "Rush",
		"down": 2,
		"distance": 5,
		"yardLine": 32,
		"yardsGained": 13,
		"endYardLine": 45,
		"description": "Brian Robinson Jr. run for 13 yds to the Alab 45 for a 1ST down"
	},
	{
		"gameId": "400933921",
		"year": 2017,
		"week": 12,
		"homeId": "333",
		"homeTeam": "Alabama",
		"homeAbbr": "ALA",
		"awayId": "2382",
		"awayTeam": "Mercer",
		"awayAbbr": "MER",
		"driveIndex": "24",
		"playIndex": "7",
		"offenseId": "333",
		"offenseTeam": "Alabama",
		"offenseAbbr": "ALA",
		"defenseId": "2382",
		"defenseTeam": "Mercer",
		"defenseAbbr": "MER",
		"homeScore": 56,
		"awayScore": 0,
		"isScore": false,
		"quarter": 4,
		"clock": "1:59",
		"type": "Rush",
		"down": 1,
		"distance": 10,
		"yardLine": 45,
		"yardsGained": 5,
		"endYardLine": 50,
		"description": "Ronnie Clark run for 5 yds to the 50 yard line"
	},
	{
		"gameId": "400933921",
		"year": 2017,
		"week": 12,
		"homeId": "333",
		"homeTeam": "Alabama",
		"homeAbbr": "ALA",
		"awayId": "2382",
		"awayTeam": "Mercer",
		"awayAbbr": "MER",
		"driveIndex": "24",
		"playIndex": "8",
		"offenseId": "333",
		"offenseTeam": "Alabama",
		"offenseAbbr": "ALA",
		"defenseId": "2382",
		"defenseTeam": "Mercer",
		"defenseAbbr": "MER",
		"homeScore": 56,
		"awayScore": 0,
		"isScore": false,
		"quarter": 4,
		"clock": "1:00",
		"type": "Rush",
		"down": 2,
		"distance": 5,
		"yardLine": 50,
		"yardsGained": -6,
		"endYardLine": 44,
		"description": "TEAM run for a loss of 6 yards to the Alab 44"
	},
	{
		"gameId": "400933921",
		"year": 2017,
		"week": 12,
		"homeId": "333",
		"homeTeam": "Alabama",
		"homeAbbr": "ALA",
		"awayId": "2382",
		"awayTeam": "Mercer",
		"awayAbbr": "MER",
		"driveIndex": "24",
		"playIndex": "9",
		"offenseId": "333",
		"offenseTeam": "Alabama",
		"offenseAbbr": "ALA",
		"defenseId": "2382",
		"defenseTeam": "Mercer",
		"defenseAbbr": "MER",
		"homeScore": 56,
		"awayScore": 0,
		"isScore": false,
		"quarter": 4,
		"clock": "0:44",
		"type": "Rush",
		"down": 3,
		"distance": 11,
		"yardLine": 44,
		"yardsGained": 2,
		"endYardLine": 46,
		"description": "Austin Johnson run for 2 yds to the Alab 46"
	},
	{
		"gameId": "400933921",
		"year": 2017,
		"week": 12,
		"homeId": "333",
		"homeTeam": "Alabama",
		"homeAbbr": "ALA",
		"awayId": "2382",
		"awayTeam": "Mercer",
		"awayAbbr": "MER",
		"driveIndex": "24",
		"playIndex": "10",
		"offenseId": "333",
		"offenseTeam": "Alabama",
		"offenseAbbr": "ALA",
		"defenseId": "2382",
		"defenseTeam": "Mercer",
		"defenseAbbr": "MER",
		"homeScore": 56,
		"awayScore": 0,
		"isScore": false,
		"quarter": 4,
		"clock": "0:44",
		"type": "Timeout",
		"down": 4,
		"distance": 9,
		"yardLine": 46,
		"yardsGained": 0,
		"endYardLine": 46,
		"description": "Timeout ALABAMA, clock 00:44"
	},
	{
		"gameId": "400933921",
		"year": 2017,
		"week": 12,
		"homeId": "333",
		"homeTeam": "Alabama",
		"homeAbbr": "ALA",
		"awayId": "2382",
		"awayTeam": "Mercer",
		"awayAbbr": "MER",
		"driveIndex": "24",
		"playIndex": "11",
		"offenseId": "333",
		"offenseTeam": "Alabama",
		"offenseAbbr": "ALA",
		"defenseId": "2382",
		"defenseTeam": "Mercer",
		"defenseAbbr": "MER",
		"homeScore": 56,
		"awayScore": 0,
		"isScore": false,
		"quarter": 4,
		"clock": "0:35",
		"type": "Punt",
		"down": 4,
		"distance": 9,
		"yardLine": 46,
		"yardsGained": 0,
		"endYardLine": 80,
		"description": "JK Scott punt for 54 yds for a touchback"
	},
	{
		"gameId": "400933921",
		"year": 2017,
		"week": 12,
		"homeId": "333",
		"homeTeam": "Alabama",
		"homeAbbr": "ALA",
		"awayId": "2382",
		"awayTeam": "Mercer",
		"awayAbbr": "MER",
		"driveIndex": "25",
		"playIndex": "0",
		"offenseId": "2382",
		"offenseTeam": "Mercer",
		"offenseAbbr": "MER",
		"defenseId": "333",
		"defenseTeam": "Alabama",
		"defenseAbbr": "ALA",
		"homeScore": 56,
		"awayScore": 0,
		"isScore": false,
		"quarter": 4,
		"clock": "0:00",
		"type": "Rush",
		"down": 1,
		"distance": 10,
		"yardLine": 80,
		"yardsGained": 5,
		"endYardLine": 75,
		"description": "Alex Lakes run for 5 yds to the Mercr 25"
	},
	{
		"gameId": "400933921",
		"year": 2017,
		"week": 12,
		"homeId": "333",
		"homeTeam": "Alabama",
		"homeAbbr": "ALA",
		"awayId": "2382",
		"awayTeam": "Mercer",
		"awayAbbr": "MER",
		"driveIndex": "25",
		"playIndex": "1",
		"offenseId": "2382",
		"offenseTeam": "Mercer",
		"offenseAbbr": "MER",
		"defenseId": "333",
		"defenseTeam": "Alabama",
		"defenseAbbr": "ALA",
		"homeScore": 56,
		"awayScore": 0,
		"isScore": false,
		"quarter": 4,
		"clock": "0:00",
		"type": "End of Game",
		"down": 0,
		"distance": 10,
		"yardLine": 0,
		"yardsGained": 0,
		"endYardLine": 75,
		"description": "End of 4th Quarter"
	}
]