[
	{
		"gameId": "400933927",
		"year": 2017,
		"week": 12,
		"homeId": "2579",
		"homeTeam": "South Carolina",
		"homeAbbr": "SC",
		"awayId": "2747",
		"awayTeam": "Wofford",
		"awayAbbr": "WOF",
		"driveIndex": "0",
		"playIndex": "0",
		"offenseId": "2747",
		"offenseTeam": "Wofford",
		"offenseAbbr": "WOF",
		"defenseId": "2579",
		"defenseTeam": "South Carolina",
		"defenseAbbr": "SC",
		"homeScore": 0,
		"awayScore": 0,
		"isScore": false,
		"quarter": 1,
		"clock": "15:00",
		"type": "Kickoff",
		"down": 1,
		"distance": 10,
		"yardLine": 65,
		"yardsGained": 18,
		"endYardLine": 18,
		"description": "Luke Carter kickoff for 65 yds , Shi Smith return for 18 yds to the SCaro 18"
	},
	{
		"gameId": "400933927",
		"year": 2017,
		"week": 12,
		"homeId": "2579",
		"homeTeam": "South Carolina",
		"homeAbbr": "SC",
		"awayId": "2747",
		"awayTeam": "Wofford",
		"awayAbbr": "WOF",
		"driveIndex": "0",
		"playIndex": "1",
		"offenseId": "2579",
		"offenseTeam": "South Carolina",
		"offenseAbbr": "SC",
		"defenseId": "2747",
		"defenseTeam": "Wofford",
		"defenseAbbr": "WOF",
		"homeScore": 0,
		"awayScore": 0,
		"isScore": false,
		"quarter": 1,
		"clock": "15:00",
		"type": "Pass Reception",
		"down": 1,
		"distance": 10,
		"yardLine": 18,
		"yardsGained": 6,
		"endYardLine": 24,
		"description": "Jake Bentley pass complete to Hayden Hurst for 6 yds to the SCaro 24"
	},
	{
		"gameId": "400933927",
		"year": 2017,
		"week": 12,
		"homeId": "2579",
		"homeTeam": "South Carolina",
		"homeAbbr": "SC",
		"awayId": "2747",
		"awayTeam": "Wofford",
		"awayAbbr": "WOF",
		"driveIndex": "0",
		"playIndex": "2",
		"offenseId": "2579",
		"offenseTeam": "South Carolina",
		"offenseAbbr": "SC",
		"defenseId": "2747",
		"defenseTeam": "Wofford",
		"defenseAbbr": "WOF",
		"homeScore": 0,
		"awayScore": 0,
		"isScore": false,
		"quarter": 1,
		"clock": "15:00",
		"type": "Pass Reception",
		"down": 2,
		"distance": 4,
		"yardLine": 24,
		"yardsGained": 23,
		"endYardLine": 47,
		"description": "Jake Bentley pass complete to Bryan Edwards for 23 yds to the SCaro 47 for a 1ST down"
	},
	{
		"gameId": "400933927",
		"year": 2017,
		"week": 12,
		"homeId": "2579",
		"homeTeam": "South Carolina",
		"homeAbbr": "SC",
		"awayId": "2747",
		"awayTeam": "Wofford",
		"awayAbbr": "WOF",
		"driveIndex": "0",
		"playIndex": "3",
		"offenseId": "2579",
		"offenseTeam": "South Carolina",
		"offenseAbbr": "SC",
		"defenseId": "2747",
		"defenseTeam": "Wofford",
		"defenseAbbr": "WOF",
		"homeScore": 0,
		"awayScore": 0,
		"isScore": false,
		"quarter": 1,
		"clock": "15:00",
		"type": "Rush",
		"down": 1,
		"distance": 10,
		"yardLine": 47,
		"yardsGained": -1,
		"endYardLine": 46,
		"description": "A.J. Turner run for a loss of 1 yard to the SCaro 46"
	},
	{
		"gameId": "400933927",
		"year": 2017,
		"week": 12,
		"homeId": "2579",
		"homeTeam": "South Carolina",
		"homeAbbr": "SC",
		"awayId": "2747",
		"awayTeam": "Wofford",
		"awayAbbr": "WOF",
		"driveIndex": "0",
		"playIndex": "4",
		"offenseId": "2579",
		"offenseTeam": "South Carolina",
		"offenseAbbr": "SC",
		"defenseId": "2747",
		"defenseTeam": "Wofford",
		"defenseAbbr": "WOF",
		"homeScore": 0,
		"awayScore": 0,
		"isScore": false,
		"quarter": 1,
		"clock": "15:00",
		"type": "Pass Incompletion",
		"down": 2,
		"distance": 11,
		"yardLine": 46,
		"yardsGained": 0,
		"endYardLine": 46,
		"description": "Jake Bentley pass incomplete"
	},
	{
		"gameId": "400933927",
		"year": 2017,
		"week": 12,
		"homeId": "2579",
		"homeTeam": "South Carolina",
		"homeAbbr": "SC",
		"awayId": "2747",
		"awayTeam": "Wofford",
		"awayAbbr": "WOF",
		"driveIndex": "0",
		"playIndex": "5",
		"offenseId": "2579",
		"offenseTeam": "South Carolina",
		"offenseAbbr": "SC",
		"defenseId": "2747",
		"defenseTeam": "Wofford",
		"defenseAbbr": "WOF",
		"homeScore": 0,
		"awayScore": 0,
		"isScore": false,
		"quarter": 1,
		"clock": "15:00",
		"type": "Pass Reception",
		"down": 3,
		"distance": 11,
		"yardLine": 46,
		"yardsGained": 12,
		"endYardLine": 58,
		"description": "Jake Bentley pass complete to Shi Smith for 12 yds to the Woffd 42 for a 1ST down"
	},
	{
		"gameId": "400933927",
		"year": 2017,
		"week": 12,
		"homeId": "2579",
		"homeTeam": "South Carolina",
		"homeAbbr": "SC",
		"awayId": "2747",
		"awayTeam": "Wofford",
		"awayAbbr": "WOF",
		"driveIndex": "0",
		"playIndex": "6",
		"offenseId": "2579",
		"offenseTeam": "South Carolina",
		"offenseAbbr": "SC",
		"defenseId": "2747",
		"defenseTeam": "Wofford",
		"defenseAbbr": "WOF",
		"homeScore": 0,
		"awayScore": 0,
		"isScore": false,
		"quarter": 1,
		"clock": "15:00",
		"type": "Pass Incompletion",
		"down": 1,
		"distance": 10,
		"yardLine": 58,
		"yardsGained": 0,
		"endYardLine": 58,
		"description": "Jake Bentley pass incomplete to OrTre Smith"
	},
	{
		"gameId": "400933927",
		"year": 2017,
		"week": 12,
		"homeId": "2579",
		"homeTeam": "South Carolina",
		"homeAbbr": "SC",
		"awayId": "2747",
		"awayTeam": "Wofford",
		"awayAbbr": "WOF",
		"driveIndex": "0",
		"playIndex": "7",
		"offenseId": "2579",
		"offenseTeam": "South Carolina",
		"offenseAbbr": "SC",
		"defenseId": "2747",
		"defenseTeam": "Wofford",
		"defenseAbbr": "WOF",
		"homeScore": 0,
		"awayScore": 0,
		"isScore": false,
		"quarter": 1,
		"clock": "15:00",
		"type": "Sack",
		"down": 2,
		"distance": 10,
		"yardLine": 58,
		"yardsGained": -6,
		"endYardLine": 52,
		"description": "Jake Bentley sacked by Terrance Morris for a loss of 6 yards to the Woffd 48"
	},
	{
		"gameId": "400933927",
		"year": 2017,
		"week": 12,
		"homeId": "2579",
		"homeTeam": "South Carolina",
		"homeAbbr": "SC",
		"awayId": "2747",
		"awayTeam": "Wofford",
		"awayAbbr": "WOF",
		"driveIndex": "0",
		"playIndex": "8",
		"offenseId": "2579",
		"offenseTeam": "South Carolina",
		"offenseAbbr": "SC",
		"defenseId": "2747",
		"defenseTeam": "Wofford",
		"defenseAbbr": "WOF",
		"homeScore": 0,
		"awayScore": 0,
		"isScore": false,
		"quarter": 1,
		"clock": "15:00",
		"type": "Pass Reception",
		"down": 3,
		"distance": 16,
		"yardLine": 52,
		"yardsGained": 6,
		"endYardLine": 58,
		"description": "Jake Bentley pass complete to A.J. Turner for 6 yds to the Woffd 42"
	},
	{
		"gameId": "400933927",
		"year": 2017,
		"week": 12,
		"homeId": "2579",
		"homeTeam": "South Carolina",
		"homeAbbr": "SC",
		"awayId": "2747",
		"awayTeam": "Wofford",
		"awayAbbr": "WOF",
		"driveIndex": "0",
		"playIndex": "9",
		"offenseId": "2579",
		"offenseTeam": "South Carolina",
		"offenseAbbr": "SC",
		"defenseId": "2747",
		"defenseTeam": "Wofford",
		"defenseAbbr": "WOF",
		"homeScore": 0,
		"awayScore": 0,
		"isScore": false,
		"quarter": 1,
		"clock": "15:00",
		"type": "Punt",
		"down": 4,
		"distance": 10,
		"yardLine": 58,
		"yardsGained": 0,
		"endYardLine": 93,
		"description": "Joseph Charlton punt for 35 yds, downed at the Woffd 7"
	},
	{
		"gameId": "400933927",
		"year": 2017,
		"week": 12,
		"homeId": "2579",
		"homeTeam": "South Carolina",
		"homeAbbr": "SC",
		"awayId": "2747",
		"awayTeam": "Wofford",
		"awayAbbr": "WOF",
		"driveIndex": "1",
		"playIndex": "0",
		"offenseId": "2747",
		"offenseTeam": "Wofford",
		"offenseAbbr": "WOF",
		"defenseId": "2579",
		"defenseTeam": "South Carolina",
		"defenseAbbr": "SC",
		"homeScore": 0,
		"awayScore": 0,
		"isScore": false,
		"quarter": 1,
		"clock": "11:05",
		"type": "Rush",
		"down": 1,
		"distance": 10,
		"yardLine": 93,
		"yardsGained": 6,
		"endYardLine": 87,
		"description": "Lennox McAfee run for 6 yds to the Woffd 13"
	},
	{
		"gameId": "400933927",
		"year": 2017,
		"week": 12,
		"homeId": "2579",
		"homeTeam": "South Carolina",
		"homeAbbr": "SC",
		"awayId": "2747",
		"awayTeam": "Wofford",
		"awayAbbr": "WOF",
		"driveIndex": "1",
		"playIndex": "1",
		"offenseId": "2747",
		"offenseTeam": "Wofford",
		"offenseAbbr": "WOF",
		"defenseId": "2579",
		"defenseTeam": "South Carolina",
		"defenseAbbr": "SC",
		"homeScore": 0,
		"awayScore": 0,
		"isScore": false,
		"quarter": 1,
		"clock": "11:05",
		"type": "Rush",
		"down": 2,
		"distance": 4,
		"yardLine": 87,
		"yardsGained": 6,
		"endYardLine": 81,
		"description": "Andre Stoddard run for 6 yds to the Woffd 19 for a 1ST down"
	},
	{
		"gameId": "400933927",
		"year": 2017,
		"week": 12,
		"homeId": "2579",
		"homeTeam": "South Carolina",
		"homeAbbr": "SC",
		"awayId": "2747",
		"awayTeam": "Wofford",
		"awayAbbr": "WOF",
		"driveIndex": "1",
		"playIndex": "2",
		"offenseId": "2747",
		"offenseTeam": "Wofford",
		"offenseAbbr": "WOF",
		"defenseId": "2579",
		"defenseTeam": "South Carolina",
		"defenseAbbr": "SC",
		"homeScore": 0,
		"awayScore": 0,
		"isScore": false,
		"quarter": 1,
		"clock": "11:05",
		"type": "Pass Reception",
		"down": 1,
		"distance": 10,
		"yardLine": 81,
		"yardsGained": 9,
		"endYardLine": 72,
		"description": "Brandon Goodson pass complete to Jason Hill for 9 yds to the Woffd 28"
	},
	{
		"gameId": "400933927",
		"year": 2017,
		"week": 12,
		"homeId": "2579",
		"homeTeam": "South Carolina",
		"homeAbbr": "SC",
		"awayId": "2747",
		"awayTeam": "Wofford",
		"awayAbbr": "WOF",
		"driveIndex": "1",
		"playIndex": "3",
		"offenseId": "2747",
		"offenseTeam": "Wofford",
		"offenseAbbr": "WOF",
		"defenseId": "2579",
		"defenseTeam": "South Carolina",
		"defenseAbbr": "SC",
		"homeScore": 0,
		"awayScore": 0,
		"isScore": false,
		"quarter": 1,
		"clock": "11:05",
		"type": "Rush",
		"down": 2,
		"distance": 1,
		"yardLine": 72,
		"yardsGained": 3,
		"endYardLine": 69,
		"description": "Andre Stoddard run for 3 yds to the Woffd 31 for a 1ST down"
	},
	{
		"gameId": "400933927",
		"year": 2017,
		"week": 12,
		"homeId": "2579",
		"homeTeam": "South Carolina",
		"homeAbbr": "SC",
		"awayId": "2747",
		"awayTeam": "Wofford",
		"awayAbbr": "WOF",
		"driveIndex": "1",
		"playIndex": "4",
		"offenseId": "2747",
		"offenseTeam": "Wofford",
		"offenseAbbr": "WOF",
		"defenseId": "2579",
		"defenseTeam": "South Carolina",
		"defenseAbbr": "SC",
		"homeScore": 0,
		"awayScore": 0,
		"isScore": false,
		"quarter": 1,
		"clock": "11:05",
		"type": "Rush",
		"down": 1,
		"distance": 10,
		"yardLine": 69,
		"yardsGained": 7,
		"endYardLine": 62,
		"description": "Ellis Pace run for 7 yds to the Woffd 38"
	},
	{
		"gameId": "400933927",
		"year": 2017,
		"week": 12,
		"homeId": "2579",
		"homeTeam": "South Carolina",
		"homeAbbr": "SC",
		"awayId": "2747",
		"awayTeam": "Wofford",
		"awayAbbr": "WOF",
		"driveIndex": "1",
		"playIndex": "5",
		"offenseId": "2747",
		"offenseTeam": "Wofford",
		"offenseAbbr": "WOF",
		"defenseId": "2579",
		"defenseTeam": "South Carolina",
		"defenseAbbr": "SC",
		"homeScore": 0,
		"awayScore": 0,
		"isScore": false,
		"quarter": 1,
		"clock": "11:05",
		"type": "Rush",
		"down": 2,
		"distance": 3,
		"yardLine": 62,
		"yardsGained": -2,
		"endYardLine": 64,
		"description": "Andre Stoddard run for a loss of 2 yards to the Woffd 36"
	},
	{
		"gameId": "400933927",
		"year": 2017,
		"week": 12,
		"homeId": "2579",
		"homeTeam": "South Carolina",
		"homeAbbr": "SC",
		"awayId": "2747",
		"awayTeam": "Wofford",
		"awayAbbr": "WOF",
		"driveIndex": "1",
		"playIndex": "6",
		"offenseId": "2747",
		"offenseTeam": "Wofford",
		"offenseAbbr": "WOF",
		"defenseId": "2579",
		"defenseTeam": "South Carolina",
		"defenseAbbr": "SC",
		"homeScore": 0,
		"awayScore": 0,
		"isScore": false,
		"quarter": 1,
		"clock": "11:05",
		"type": "Rush",
		"down": 3,
		"distance": 5,
		"yardLine": 64,
		"yardsGained": 19,
		"endYardLine": 45,
		"description": "Blake Morgan run for 4 yds to the SCaro 40 for a 1ST down SOUTH CAROLINA Penalty, face mask (15 yards) (Skai Moore) to the SCaro 45 for a 1ST down"
	},
	{
		"gameId": "400933927",
		"year": 2017,
		"week": 12,
		"homeId": "2579",
		"homeTeam": "South Carolina",
		"homeAbbr": "SC",
		"awayId": "2747",
		"awayTeam": "Wofford",
		"awayAbbr": "WOF",
		"driveIndex": "1",
		"playIndex": "7",
		"offenseId": "2747",
		"offenseTeam": "Wofford",
		"offenseAbbr": "WOF",
		"defenseId": "2579",
		"defenseTeam": "South Carolina",
		"defenseAbbr": "SC",
		"homeScore": 0,
		"awayScore": 0,
		"isScore": false,
		"quarter": 1,
		"clock": "11:05",
		"type": "Rush",
		"down": 1,
		"distance": 10,
		"yardLine": 45,
		"yardsGained": 13,
		"endYardLine": 32,
		"description": "Chase Nelson run for 13 yds to the SCaro 32 for a 1ST down"
	},
	{
		"gameId": "400933927",
		"year": 2017,
		"week": 12,
		"homeId": "2579",
		"homeTeam": "South Carolina",
		"homeAbbr": "SC",
		"awayId": "2747",
		"awayTeam": "Wofford",
		"awayAbbr": "WOF",
		"driveIndex": "1",
		"playIndex": "8",
		"offenseId": "2747",
		"offenseTeam": "Wofford",
		"offenseAbbr": "WOF",
		"defenseId": "2579",
		"defenseTeam": "South Carolina",
		"defenseAbbr": "SC",
		"homeScore": 0,
		"awayScore": 0,
		"isScore": false,
		"quarter": 1,
		"clock": "11:05",
		"type": "Rush",
		"down": 1,
		"distance": 10,
		"yardLine": 32,
		"yardsGained": 3,
		"endYardLine": 29,
		"description": "Chase Nelson run for 3 yds to the SCaro 29"
	},
	{
		"gameId": "400933927",
		"year": 2017,
		"week": 12,
		"homeId": "2579",
		"homeTeam": "South Carolina",
		"homeAbbr": "SC",
		"awayId": "2747",
		"awayTeam": "Wofford",
		"awayAbbr": "WOF",
		"driveIndex": "1",
		"playIndex": "9",
		"offenseId": "2747",
		"offenseTeam": "Wofford",
		"offenseAbbr": "WOF",
		"defenseId": "2579",
		"defenseTeam": "South Carolina",
		"defenseAbbr": "SC",
		"homeScore": 0,
		"awayScore": 0,
		"isScore": false,
		"quarter": 1,
		"clock": "11:05",
		"type": "Rush",
		"down": 2,
		"distance": 7,
		"yardLine": 29,
		"yardsGained": 14,
		"endYardLine": 15,
		"description": "Blake Morgan run for 14 yds to the SCaro 15 for a 1ST down"
	},
	{
		"gameId": "400933927",
		"year": 2017,
		"week": 12,
		"homeId": "2579",
		"homeTeam": "South Carolina",
		"homeAbbr": "SC",
		"awayId": "2747",
		"awayTeam": "Wofford",
		"awayAbbr": "WOF",
		"driveIndex": "1",
		"playIndex": "10",
		"offenseId": "2747",
		"offenseTeam": "Wofford",
		"offenseAbbr": "WOF",
		"defenseId": "2579",
		"defenseTeam": "South Carolina",
		"defenseAbbr": "SC",
		"homeScore": 0,
		"awayScore": 0,
		"isScore": false,
		"quarter": 1,
		"clock": "11:05",
		"type": "Rush",
		"down": 1,
		"distance": 10,
		"yardLine": 15,
		"yardsGained": -1,
		"endYardLine": 16,
		"description": "Blake Morgan run for a loss of 1 yard to the SCaro 16"
	},
	{
		"gameId": "400933927",
		"year": 2017,
		"week": 12,
		"homeId": "2579",
		"homeTeam": "South Carolina",
		"homeAbbr": "SC",
		"awayId": "2747",
		"awayTeam": "Wofford",
		"awayAbbr": "WOF",
		"driveIndex": "1",
		"playIndex": "11",
		"offenseId": "2747",
		"offenseTeam": "Wofford",
		"offenseAbbr": "WOF",
		"defenseId": "2579",
		"defenseTeam": "South Carolina",
		"defenseAbbr": "SC",
		"homeScore": 0,
		"awayScore": 0,
		"isScore": false,
		"quarter": 1,
		"clock": "11:05",
		"type": "Rush",
		"down": 2,
		"distance": 11,
		"yardLine": 16,
		"yardsGained": 2,
		"endYardLine": 14,
		"description": "Lennox McAfee run for 2 yds to the SCaro 14"
	},
	{
		"gameId": "400933927",
		"year": 2017,
		"week": 12,
		"homeId": "2579",
		"homeTeam": "South Carolina",
		"homeAbbr": "SC",
		"awayId": "2747",
		"awayTeam": "Wofford",
		"awayAbbr": "WOF",
		"driveIndex": "1",
		"playIndex": "12",
		"offenseId": "2747",
		"offenseTeam": "Wofford",
		"offenseAbbr": "WOF",
		"defenseId": "2579",
		"defenseTeam": "South Carolina",
		"defenseAbbr": "SC",
		"homeScore": 0,
		"awayScore": 0,
		"isScore": false,
		"quarter": 1,
		"clock": "11:05",
		"type": "Rush",
		"down": 3,
		"distance": 9,
		"yardLine": 14,
		"yardsGained": 0,
		"endYardLine": 14,
		"description": "Brandon Goodson run for no gain to the SCaro 14"
	},
	{
		"gameId": "400933927",
		"year": 2017,
		"week": 12,
		"homeId": "2579",
		"homeTeam": "South Carolina",
		"homeAbbr": "SC",
		"awayId": "2747",
		"awayTeam": "Wofford",
		"awayAbbr": "WOF",
		"driveIndex": "1",
		"playIndex": "13",
		"offenseId": "2747",
		"offenseTeam": "Wofford",
		"offenseAbbr": "WOF",
		"defenseId": "2579",
		"defenseTeam": "South Carolina",
		"defenseAbbr": "SC",
		"homeScore": 0,
		"awayScore": 3,
		"isScore": true,
		"quarter": 1,
		"clock": "3:43",
		"type": "Field Goal Good",
		"down": 4,
		"distance": 9,
		"yardLine": 14,
		"yardsGained": 32,
		"endYardLine": 65,
		"description": "Luke Carter 32 yd FG GOOD"
	},
	{
		"gameId": "400933927",
		"year": 2017,
		"week": 12,
		"homeId": "2579",
		"homeTeam": "South Carolina",
		"homeAbbr": "SC",
		"awayId": "2747",
		"awayTeam": "Wofford",
		"awayAbbr": "WOF",
		"driveIndex": "2",
		"playIndex": "0",
		"offenseId": "2747",
		"offenseTeam": "Wofford",
		"offenseAbbr": "WOF",
		"defenseId": "2579",
		"defenseTeam": "South Carolina",
		"defenseAbbr": "SC",
		"homeScore": 0,
		"awayScore": 3,
		"isScore": false,
		"quarter": 1,
		"clock": "3:43",
		"type": "Kickoff",
		"down": 1,
		"distance": 0,
		"yardLine": 65,
		"yardsGained": 0,
		"endYardLine": 25,
		"description": "Luke Carter kickoff for 65 yds for a touchback"
	},
	{
		"gameId": "400933927",
		"year": 2017,
		"week": 12,
		"homeId": "2579",
		"homeTeam": "South Carolina",
		"homeAbbr": "SC",
		"awayId": "2747",
		"awayTeam": "Wofford",
		"awayAbbr": "WOF",
		"driveIndex": "2",
		"playIndex": "1",
		"offenseId": "2579",
		"offenseTeam": "South Carolina",
		"offenseAbbr": "SC",
		"defenseId": "2747",
		"defenseTeam": "Wofford",
		"defenseAbbr": "WOF",
		"homeScore": 0,
		"awayScore": 3,
		"isScore": false,
		"quarter": 1,
		"clock": "3:43",
		"type": "Pass Reception",
		"down": 1,
		"distance": 10,
		"yardLine": 25,
		"yardsGained": 17,
		"endYardLine": 42,
		"description": "Jake Bentley pass complete to Bryan Edwards for 17 yds to the SCaro 42 for a 1ST down"
	},
	{
		"gameId": "400933927",
		"year": 2017,
		"week": 12,
		"homeId": "2579",
		"homeTeam": "South Carolina",
		"homeAbbr": "SC",
		"awayId": "2747",
		"awayTeam": "Wofford",
		"awayAbbr": "WOF",
		"driveIndex": "2",
		"playIndex": "2",
		"offenseId": "2579",
		"offenseTeam": "South Carolina",
		"offenseAbbr": "SC",
		"defenseId": "2747",
		"defenseTeam": "Wofford",
		"defenseAbbr": "WOF",
		"homeScore": 0,
		"awayScore": 3,
		"isScore": false,
		"quarter": 1,
		"clock": "3:43",
		"type": "Rush",
		"down": 1,
		"distance": 10,
		"yardLine": 42,
		"yardsGained": 3,
		"endYardLine": 45,
		"description": "A.J. Turner run for 3 yds to the SCaro 45"
	},
	{
		"gameId": "400933927",
		"year": 2017,
		"week": 12,
		"homeId": "2579",
		"homeTeam": "South Carolina",
		"homeAbbr": "SC",
		"awayId": "2747",
		"awayTeam": "Wofford",
		"awayAbbr": "WOF",
		"driveIndex": "2",
		"playIndex": "3",
		"offenseId": "2579",
		"offenseTeam": "South Carolina",
		"offenseAbbr": "SC",
		"defenseId": "2747",
		"defenseTeam": "Wofford",
		"defenseAbbr": "WOF",
		"homeScore": 0,
		"awayScore": 3,
		"isScore": false,
		"quarter": 1,
		"clock": "3:43",
		"type": "Pass Incompletion",
		"down": 2,
		"distance": 7,
		"yardLine": 45,
		"yardsGained": 0,
		"endYardLine": 45,
		"description": "Jake Bentley pass incomplete to Bryan Edwards, broken up by George Gbesee"
	},
	{
		"gameId": "400933927",
		"year": 2017,
		"week": 12,
		"homeId": "2579",
		"homeTeam": "South Carolina",
		"homeAbbr": "SC",
		"awayId": "2747",
		"awayTeam": "Wofford",
		"awayAbbr": "WOF",
		"driveIndex": "2",
		"playIndex": "4",
		"offenseId": "2579",
		"offenseTeam": "South Carolina",
		"offenseAbbr": "SC",
		"defenseId": "2747",
		"defenseTeam": "Wofford",
		"defenseAbbr": "WOF",
		"homeScore": 0,
		"awayScore": 3,
		"isScore": false,
		"quarter": 1,
		"clock": "3:43",
		"type": "Rush",
		"down": 3,
		"distance": 7,
		"yardLine": 45,
		"yardsGained": 6,
		"endYardLine": 51,
		"description": "Jake Bentley run for 6 yds to the Woffd 49"
	},
	{
		"gameId": "400933927",
		"year": 2017,
		"week": 12,
		"homeId": "2579",
		"homeTeam": "South Carolina",
		"homeAbbr": "SC",
		"awayId": "2747",
		"awayTeam": "Wofford",
		"awayAbbr": "WOF",
		"driveIndex": "2",
		"playIndex": "5",
		"offenseId": "2579",
		"offenseTeam": "South Carolina",
		"offenseAbbr": "SC",
		"defenseId": "2747",
		"defenseTeam": "Wofford",
		"defenseAbbr": "WOF",
		"homeScore": 0,
		"awayScore": 3,
		"isScore": false,
		"quarter": 1,
		"clock": "3:43",
		"type": "Pass Reception",
		"down": 4,
		"distance": 1,
		"yardLine": 51,
		"yardsGained": 4,
		"endYardLine": 55,
		"description": "Jake Bentley pass complete to Mon Denson for 4 yds to the Woffd 45 for a 1ST down"
	},
	{
		"gameId": "400933927",
		"year": 2017,
		"week": 12,
		"homeId": "2579",
		"homeTeam": "South Carolina",
		"homeAbbr": "SC",
		"awayId": "2747",
		"awayTeam": "Wofford",
		"awayAbbr": "WOF",
		"driveIndex": "2",
		"playIndex": "6",
		"offenseId": "2579",
		"offenseTeam": "South Carolina",
		"offenseAbbr": "SC",
		"defenseId": "2747",
		"defenseTeam": "Wofford",
		"defenseAbbr": "WOF",
		"homeScore": 0,
		"awayScore": 3,
		"isScore": false,
		"quarter": 1,
		"clock": "3:43",
		"type": "Sack",
		"down": 1,
		"distance": 10,
		"yardLine": 55,
		"yardsGained": -5,
		"endYardLine": 50,
		"description": "Jake Bentley sacked by Billy Hinton for a loss of 5 yards to the 50 yard line"
	},
	{
		"gameId": "400933927",
		"year": 2017,
		"week": 12,
		"homeId": "2579",
		"homeTeam": "South Carolina",
		"homeAbbr": "SC",
		"awayId": "2747",
		"awayTeam": "Wofford",
		"awayAbbr": "WOF",
		"driveIndex": "2",
		"playIndex": "7",
		"offenseId": "2579",
		"offenseTeam": "South Carolina",
		"offenseAbbr": "SC",
		"defenseId": "2747",
		"defenseTeam": "Wofford",
		"defenseAbbr": "WOF",
		"homeScore": 0,
		"awayScore": 3,
		"isScore": false,
		"quarter": 1,
		"clock": "3:43",
		"type": "Pass Incompletion",
		"down": 2,
		"distance": 15,
		"yardLine": 50,
		"yardsGained": 0,
		"endYardLine": 50,
		"description": "Jake Bentley pass incomplete to OrTre Smith"
	},
	{
		"gameId": "400933927",
		"year": 2017,
		"week": 12,
		"homeId": "2579",
		"homeTeam": "South Carolina",
		"homeAbbr": "SC",
		"awayId": "2747",
		"awayTeam": "Wofford",
		"awayAbbr": "WOF",
		"driveIndex": "2",
		"playIndex": "8",
		"offenseId": "2579",
		"offenseTeam": "South Carolina",
		"offenseAbbr": "SC",
		"defenseId": "2747",
		"defenseTeam": "Wofford",
		"defenseAbbr": "WOF",
		"homeScore": 0,
		"awayScore": 3,
		"isScore": false,
		"quarter": 1,
		"clock": "3:43",
		"type": "Pass Reception",
		"down": 3,
		"distance": 15,
		"yardLine": 50,
		"yardsGained": 13,
		"endYardLine": 63,
		"description": "Jake Bentley pass complete to Shi Smith for 13 yds to the Woffd 37"
	},
	{
		"gameId": "400933927",
		"year": 2017,
		"week": 12,
		"homeId": "2579",
		"homeTeam": "South Carolina",
		"homeAbbr": "SC",
		"awayId": "2747",
		"awayTeam": "Wofford",
		"awayAbbr": "WOF",
		"driveIndex": "2",
		"playIndex": "9",
		"offenseId": "2579",
		"offenseTeam": "South Carolina",
		"offenseAbbr": "SC",
		"defenseId": "2747",
		"defenseTeam": "Wofford",
		"defenseAbbr": "WOF",
		"homeScore": 0,
		"awayScore": 3,
		"isScore": false,
		"quarter": 1,
		"clock": "0:00",
		"type": "End Period",
		"down": 0,
		"distance": 15,
		"yardLine": 0,
		"yardsGained": 0,
		"endYardLine": 63,
		"description": "End of 1st Quarter"
	},
	{
		"gameId": "400933927",
		"year": 2017,
		"week": 12,
		"homeId": "2579",
		"homeTeam": "South Carolina",
		"homeAbbr": "SC",
		"awayId": "2747",
		"awayTeam": "Wofford",
		"awayAbbr": "WOF",
		"driveIndex": "2",
		"playIndex": "10",
		"offenseId": "2579",
		"offenseTeam": "South Carolina",
		"offenseAbbr": "SC",
		"defenseId": "2747",
		"defenseTeam": "Wofford",
		"defenseAbbr": "WOF",
		"homeScore": 0,
		"awayScore": 3,
		"isScore": false,
		"quarter": 2,
		"clock": "15:00",
		"type": "Pass Incompletion",
		"down": 4,
		"distance": 2,
		"yardLine": 63,
		"yardsGained": 0,
		"endYardLine": 63,
		"description": "Jake Bentley pass incomplete"
	},
	{
		"gameId": "400933927",
		"year": 2017,
		"week": 12,
		"homeId": "2579",
		"homeTeam": "South Carolina",
		"homeAbbr": "SC",
		"awayId": "2747",
		"awayTeam": "Wofford",
		"awayAbbr": "WOF",
		"driveIndex": "3",
		"playIndex": "0",
		"offenseId": "2747",
		"offenseTeam": "Wofford",
		"offenseAbbr": "WOF",
		"defenseId": "2579",
		"defenseTeam": "South Carolina",
		"defenseAbbr": "SC",
		"homeScore": 0,
		"awayScore": 3,
		"isScore": false,
		"quarter": 2,
		"clock": "14:54",
		"type": "Pass Interception Return",
		"down": 1,
		"distance": 10,
		"yardLine": 63,
		"yardsGained": 1,
		"endYardLine": 50,
		"description": "Brandon Goodson pass intercepted Skai Moore return for 1 yd to the 50 yard line"
	},
	{
		"gameId": "400933927",
		"year": 2017,
		"week": 12,
		"homeId": "2579",
		"homeTeam": "South Carolina",
		"homeAbbr": "SC",
		"awayId": "2747",
		"awayTeam": "Wofford",
		"awayAbbr": "WOF",
		"driveIndex": "4",
		"playIndex": "0",
		"offenseId": "2579",
		"offenseTeam": "South Carolina",
		"offenseAbbr": "SC",
		"defenseId": "2747",
		"defenseTeam": "Wofford",
		"defenseAbbr": "WOF",
		"homeScore": 0,
		"awayScore": 3,
		"isScore": false,
		"quarter": 2,
		"clock": "14:47",
		"type": "Rush",
		"down": 1,
		"distance": 10,
		"yardLine": 50,
		"yardsGained": 6,
		"endYardLine": 56,
		"description": "Ty'Son Williams run for 6 yds to the Woffd 44"
	},
	{
		"gameId": "400933927",
		"year": 2017,
		"week": 12,
		"homeId": "2579",
		"homeTeam": "South Carolina",
		"homeAbbr": "SC",
		"awayId": "2747",
		"awayTeam": "Wofford",
		"awayAbbr": "WOF",
		"driveIndex": "4",
		"playIndex": "1",
		"offenseId": "2579",
		"offenseTeam": "South Carolina",
		"offenseAbbr": "SC",
		"defenseId": "2747",
		"defenseTeam": "Wofford",
		"defenseAbbr": "WOF",
		"homeScore": 0,
		"awayScore": 3,
		"isScore": false,
		"quarter": 2,
		"clock": "14:47",
		"type": "Pass Reception",
		"down": 2,
		"distance": 4,
		"yardLine": 56,
		"yardsGained": 9,
		"endYardLine": 65,
		"description": "Jake Bentley pass complete to Bryan Edwards for 9 yds to the Woffd 35 for a 1ST down"
	},
	{
		"gameId": "400933927",
		"year": 2017,
		"week": 12,
		"homeId": "2579",
		"homeTeam": "South Carolina",
		"homeAbbr": "SC",
		"awayId": "2747",
		"awayTeam": "Wofford",
		"awayAbbr": "WOF",
		"driveIndex": "4",
		"playIndex": "2",
		"offenseId": "2579",
		"offenseTeam": "South Carolina",
		"offenseAbbr": "SC",
		"defenseId": "2747",
		"defenseTeam": "Wofford",
		"defenseAbbr": "WOF",
		"homeScore": 0,
		"awayScore": 3,
		"isScore": false,
		"quarter": 2,
		"clock": "14:47",
		"type": "Rush",
		"down": 1,
		"distance": 10,
		"yardLine": 65,
		"yardsGained": 4,
		"endYardLine": 69,
		"description": "Ty'Son Williams run for 4 yds to the Woffd 31"
	},
	{
		"gameId": "400933927",
		"year": 2017,
		"week": 12,
		"homeId": "2579",
		"homeTeam": "South Carolina",
		"homeAbbr": "SC",
		"awayId": "2747",
		"awayTeam": "Wofford",
		"awayAbbr": "WOF",
		"driveIndex": "4",
		"playIndex": "3",
		"offenseId": "2579",
		"offenseTeam": "South Carolina",
		"offenseAbbr": "SC",
		"defenseId": "2747",
		"defenseTeam": "Wofford",
		"defenseAbbr": "WOF",
		"homeScore": 0,
		"awayScore": 3,
		"isScore": false,
		"quarter": 2,
		"clock": "14:47",
		"type": "Rush",
		"down": 2,
		"distance": 6,
		"yardLine": 69,
		"yardsGained": 1,
		"endYardLine": 70,
		"description": "Hayden Hurst run for 1 yd to the Woffd 30"
	},
	{
		"gameId": "400933927",
		"year": 2017,
		"week": 12,
		"homeId": "2579",
		"homeTeam": "South Carolina",
		"homeAbbr": "SC",
		"awayId": "2747",
		"awayTeam": "Wofford",
		"awayAbbr": "WOF",
		"driveIndex": "4",
		"playIndex": "4",
		"offenseId": "2579",
		"offenseTeam": "South Carolina",
		"offenseAbbr": "SC",
		"defenseId": "2747",
		"defenseTeam": "Wofford",
		"defenseAbbr": "WOF",
		"homeScore": 0,
		"awayScore": 3,
		"isScore": false,
		"quarter": 2,
		"clock": "14:47",
		"type": "Rush",
		"down": 3,
		"distance": 5,
		"yardLine": 70,
		"yardsGained": 5,
		"endYardLine": 75,
		"description": "Jake Bentley run for 5 yds to the Woffd 25 for a 1ST down"
	},
	{
		"gameId": "400933927",
		"year": 2017,
		"week": 12,
		"homeId": "2579",
		"homeTeam": "South Carolina",
		"homeAbbr": "SC",
		"awayId": "2747",
		"awayTeam": "Wofford",
		"awayAbbr": "WOF",
		"driveIndex": "4",
		"playIndex": "5",
		"offenseId": "2579",
		"offenseTeam": "South Carolina",
		"offenseAbbr": "SC",
		"defenseId": "2747",
		"defenseTeam": "Wofford",
		"defenseAbbr": "WOF",
		"homeScore": 0,
		"awayScore": 3,
		"isScore": false,
		"quarter": 2,
		"clock": "14:47",
		"type": "Pass Reception",
		"down": 1,
		"distance": 10,
		"yardLine": 75,
		"yardsGained": 7,
		"endYardLine": 82,
		"description": "Jake Bentley pass complete to OrTre Smith for 7 yds to the Woffd 18"
	},
	{
		"gameId": "400933927",
		"year": 2017,
		"week": 12,
		"homeId": "2579",
		"homeTeam": "South Carolina",
		"homeAbbr": "SC",
		"awayId": "2747",
		"awayTeam": "Wofford",
		"awayAbbr": "WOF",
		"driveIndex": "4",
		"playIndex": "6",
		"offenseId": "2579",
		"offenseTeam": "South Carolina",
		"offenseAbbr": "SC",
		"defenseId": "2747",
		"defenseTeam": "Wofford",
		"defenseAbbr": "WOF",
		"homeScore": 0,
		"awayScore": 3,
		"isScore": false,
		"quarter": 2,
		"clock": "14:47",
		"type": "Rush",
		"down": 2,
		"distance": 3,
		"yardLine": 82,
		"yardsGained": 3,
		"endYardLine": 85,
		"description": "Mon Denson run for 3 yds to the Woffd 15 for a 1ST down"
	},
	{
		"gameId": "400933927",
		"year": 2017,
		"week": 12,
		"homeId": "2579",
		"homeTeam": "South Carolina",
		"homeAbbr": "SC",
		"awayId": "2747",
		"awayTeam": "Wofford",
		"awayAbbr": "WOF",
		"driveIndex": "4",
		"playIndex": "7",
		"offenseId": "2579",
		"offenseTeam": "South Carolina",
		"offenseAbbr": "SC",
		"defenseId": "2747",
		"defenseTeam": "Wofford",
		"defenseAbbr": "WOF",
		"homeScore": 0,
		"awayScore": 3,
		"isScore": false,
		"quarter": 2,
		"clock": "14:47",
		"type": "Pass Reception",
		"down": 1,
		"distance": 10,
		"yardLine": 85,
		"yardsGained": 9,
		"endYardLine": 94,
		"description": "Jake Bentley pass complete to Bryan Edwards for 9 yds to the Woffd 6"
	},
	{
		"gameId": "400933927",
		"year": 2017,
		"week": 12,
		"homeId": "2579",
		"homeTeam": "South Carolina",
		"homeAbbr": "SC",
		"awayId": "2747",
		"awayTeam": "Wofford",
		"awayAbbr": "WOF",
		"driveIndex": "4",
		"playIndex": "8",
		"offenseId": "2579",
		"offenseTeam": "South Carolina",
		"offenseAbbr": "SC",
		"defenseId": "2747",
		"defenseTeam": "Wofford",
		"defenseAbbr": "WOF",
		"homeScore": 0,
		"awayScore": 3,
		"isScore": false,
		"quarter": 2,
		"clock": "14:47",
		"type": "Rush",
		"down": 2,
		"distance": 1,
		"yardLine": 94,
		"yardsGained": -2,
		"endYardLine": 92,
		"description": "Mon Denson run for a loss of 2 yards to the Woffd 8"
	},
	{
		"gameId": "400933927",
		"year": 2017,
		"week": 12,
		"homeId": "2579",
		"homeTeam": "South Carolina",
		"homeAbbr": "SC",
		"awayId": "2747",
		"awayTeam": "Wofford",
		"awayAbbr": "WOF",
		"driveIndex": "4",
		"playIndex": "9",
		"offenseId": "2579",
		"offenseTeam": "South Carolina",
		"offenseAbbr": "SC",
		"defenseId": "2747",
		"defenseTeam": "Wofford",
		"defenseAbbr": "WOF",
		"homeScore": 0,
		"awayScore": 3,
		"isScore": false,
		"quarter": 2,
		"clock": "14:47",
		"type": "Rush",
		"down": 3,
		"distance": 3,
		"yardLine": 92,
		"yardsGained": 7,
		"endYardLine": 99,
		"description": "Jake Bentley run for 7 yds to the Woffd 1 for a 1ST down"
	},
	{
		"gameId": "400933927",
		"year": 2017,
		"week": 12,
		"homeId": "2579",
		"homeTeam": "South Carolina",
		"homeAbbr": "SC",
		"awayId": "2747",
		"awayTeam": "Wofford",
		"awayAbbr": "WOF",
		"driveIndex": "4",
		"playIndex": "10",
		"offenseId": "2579",
		"offenseTeam": "South Carolina",
		"offenseAbbr": "SC",
		"defenseId": "2747",
		"defenseTeam": "Wofford",
		"defenseAbbr": "WOF",
		"homeScore": 0,
		"awayScore": 3,
		"isScore": false,
		"quarter": 2,
		"clock": "14:47",
		"type": "Rush",
		"down": 1,
		"distance": 1,
		"yardLine": 99,
		"yardsGained": 0,
		"endYardLine": 99,
		"description": "Mon Denson run for no gain to the Woffd 1"
	},
	{
		"gameId": "400933927",
		"year": 2017,
		"week": 12,
		"homeId": "2579",
		"homeTeam": "South Carolina",
		"homeAbbr": "SC",
		"awayId": "2747",
		"awayTeam": "Wofford",
		"awayAbbr": "WOF",
		"driveIndex": "4",
		"playIndex": "11",
		"offenseId": "2579",
		"offenseTeam": "South Carolina",
		"offenseAbbr": "SC",
		"defenseId": "2747",
		"defenseTeam": "Wofford",
		"defenseAbbr": "WOF",
		"homeScore": 7,
		"awayScore": 3,
		"isScore": true,
		"quarter": 2,
		"clock": "7:37",
		"type": "Rushing Touchdown",
		"down": 2,
		"distance": 1,
		"yardLine": 99,
		"yardsGained": 1,
		"endYardLine": 100,
		"description": "Jake Bentley run for 1 yd for a TD, (Parker White KICK)"
	},
	{
		"gameId": "400933927",
		"year": 2017,
		"week": 12,
		"homeId": "2579",
		"homeTeam": "South Carolina",
		"homeAbbr": "SC",
		"awayId": "2747",
		"awayTeam": "Wofford",
		"awayAbbr": "WOF",
		"driveIndex": "5",
		"playIndex": "0",
		"offenseId": "2579",
		"offenseTeam": "South Carolina",
		"offenseAbbr": "SC",
		"defenseId": "2747",
		"defenseTeam": "Wofford",
		"defenseAbbr": "WOF",
		"homeScore": 7,
		"awayScore": 3,
		"isScore": false,
		"quarter": 2,
		"clock": "7:37",
		"type": "Kickoff",
		"down": 1,
		"distance": 0,
		"yardLine": 35,
		"yardsGained": 20,
		"endYardLine": 80,
		"description": "Parker White kickoff for 65 yds , Ellis Pace return for 20 yds to the Woffd 20"
	},
	{
		"gameId": "400933927",
		"year": 2017,
		"week": 12,
		"homeId": "2579",
		"homeTeam": "South Carolina",
		"homeAbbr": "SC",
		"awayId": "2747",
		"awayTeam": "Wofford",
		"awayAbbr": "WOF",
		"driveIndex": "5",
		"playIndex": "1",
		"offenseId": "2747",
		"offenseTeam": "Wofford",
		"offenseAbbr": "WOF",
		"defenseId": "2579",
		"defenseTeam": "South Carolina",
		"defenseAbbr": "SC",
		"homeScore": 7,
		"awayScore": 3,
		"isScore": false,
		"quarter": 2,
		"clock": "7:37",
		"type": "Rush",
		"down": 1,
		"distance": 10,
		"yardLine": 80,
		"yardsGained": 4,
		"endYardLine": 76,
		"description": "Lennox McAfee run for 4 yds to the Woffd 24"
	},
	{
		"gameId": "400933927",
		"year": 2017,
		"week": 12,
		"homeId": "2579",
		"homeTeam": "South Carolina",
		"homeAbbr": "SC",
		"awayId": "2747",
		"awayTeam": "Wofford",
		"awayAbbr": "WOF",
		"driveIndex": "5",
		"playIndex": "2",
		"offenseId": "2747",
		"offenseTeam": "Wofford",
		"offenseAbbr": "WOF",
		"defenseId": "2579",
		"defenseTeam": "South Carolina",
		"defenseAbbr": "SC",
		"homeScore": 7,
		"awayScore": 3,
		"isScore": false,
		"quarter": 2,
		"clock": "7:37",
		"type": "Rush",
		"down": 2,
		"distance": 6,
		"yardLine": 76,
		"yardsGained": 0,
		"endYardLine": 76,
		"description": "Andre Stoddard run for no gain to the Woffd 24"
	},
	{
		"gameId": "400933927",
		"year": 2017,
		"week": 12,
		"homeId": "2579",
		"homeTeam": "South Carolina",
		"homeAbbr": "SC",
		"awayId": "2747",
		"awayTeam": "Wofford",
		"awayAbbr": "WOF",
		"driveIndex": "5",
		"playIndex": "3",
		"offenseId": "2747",
		"offenseTeam": "Wofford",
		"offenseAbbr": "WOF",
		"defenseId": "2579",
		"defenseTeam": "South Carolina",
		"defenseAbbr": "SC",
		"homeScore": 7,
		"awayScore": 3,
		"isScore": false,
		"quarter": 2,
		"clock": "7:37",
		"type": "Pass Reception",
		"down": 3,
		"distance": 6,
		"yardLine": 76,
		"yardsGained": 14,
		"endYardLine": 62,
		"description": "Brandon Goodson pass complete to Lennox McAfee for 14 yds to the Woffd 38 for a 1ST down"
	},
	{
		"gameId": "400933927",
		"year": 2017,
		"week": 12,
		"homeId": "2579",
		"homeTeam": "South Carolina",
		"homeAbbr": "SC",
		"awayId": "2747",
		"awayTeam": "Wofford",
		"awayAbbr": "WOF",
		"driveIndex": "5",
		"playIndex": "4",
		"offenseId": "2747",
		"offenseTeam": "Wofford",
		"offenseAbbr": "WOF",
		"defenseId": "2579",
		"defenseTeam": "South Carolina",
		"defenseAbbr": "SC",
		"homeScore": 7,
		"awayScore": 3,
		"isScore": false,
		"quarter": 2,
		"clock": "7:37",
		"type": "Rush",
		"down": 1,
		"distance": 10,
		"yardLine": 62,
		"yardsGained": -1,
		"endYardLine": 63,
		"description": "Ellis Pace run for a loss of 1 yard to the Woffd 37"
	},
	{
		"gameId": "400933927",
		"year": 2017,
		"week": 12,
		"homeId": "2579",
		"homeTeam": "South Carolina",
		"homeAbbr": "SC",
		"awayId": "2747",
		"awayTeam": "Wofford",
		"awayAbbr": "WOF",
		"driveIndex": "5",
		"playIndex": "5",
		"offenseId": "2747",
		"offenseTeam": "Wofford",
		"offenseAbbr": "WOF",
		"defenseId": "2579",
		"defenseTeam": "South Carolina",
		"defenseAbbr": "SC",
		"homeScore": 7,
		"awayScore": 3,
		"isScore": false,
		"quarter": 2,
		"clock": "7:37",
		"type": "Penalty",
		"down": 2,
		"distance": 11,
		"yardLine": 63,
		"yardsGained": -6,
		"endYardLine": 69,
		"description": "WOFFORD Penalty, false start (-6 Yards) to the Woffd 31"
	},
	{
		"gameId": "400933927",
		"year": 2017,
		"week": 12,
		"homeId": "2579",
		"homeTeam": "South Carolina",
		"homeAbbr": "SC",
		"awayId": "2747",
		"awayTeam": "Wofford",
		"awayAbbr": "WOF",
		"driveIndex": "5",
		"playIndex": "6",
		"offenseId": "2747",
		"offenseTeam": "Wofford",
		"offenseAbbr": "WOF",
		"defenseId": "2579",
		"defenseTeam": "South Carolina",
		"defenseAbbr": "SC",
		"homeScore": 7,
		"awayScore": 3,
		"isScore": false,
		"quarter": 2,
		"clock": "7:37",
		"type": "Pass Incompletion",
		"down": 2,
		"distance": 17,
		"yardLine": 69,
		"yardsGained": 0,
		"endYardLine": 69,
		"description": "Brandon Goodson pass incomplete"
	},
	{
		"gameId": "400933927",
		"year": 2017,
		"week": 12,
		"homeId": "2579",
		"homeTeam": "South Carolina",
		"homeAbbr": "SC",
		"awayId": "2747",
		"awayTeam": "Wofford",
		"awayAbbr": "WOF",
		"driveIndex": "5",
		"playIndex": "7",
		"offenseId": "2747",
		"offenseTeam": "Wofford",
		"offenseAbbr": "WOF",
		"defenseId": "2579",
		"defenseTeam": "South Carolina",
		"defenseAbbr": "SC",
		"homeScore": 7,
		"awayScore": 3,
		"isScore": false,
		"quarter": 2,
		"clock": "7:37",
		"type": "Pass Incompletion",
		"down": 3,
		"distance": 17,
		"yardLine": 69,
		"yardsGained": 0,
		"endYardLine": 69,
		"description": "Brandon Goodson pass incomplete to Blake Morgan"
	},
	{
		"gameId": "400933927",
		"year": 2017,
		"week": 12,
		"homeId": "2579",
		"homeTeam": "South Carolina",
		"homeAbbr": "SC",
		"awayId": "2747",
		"awayTeam": "Wofford",
		"awayAbbr": "WOF",
		"driveIndex": "5",
		"playIndex": "8",
		"offenseId": "2747",
		"offenseTeam": "Wofford",
		"offenseAbbr": "WOF",
		"defenseId": "2579",
		"defenseTeam": "South Carolina",
		"defenseAbbr": "SC",
		"homeScore": 7,
		"awayScore": 3,
		"isScore": false,
		"quarter": 2,
		"clock": "7:37",
		"type": "Punt",
		"down": 4,
		"distance": 17,
		"yardLine": 69,
		"yardsGained": 0,
		"endYardLine": 28,
		"description": "Luke Carter punt for 41 yds, downed at the SCaro 28"
	},
	{
		"gameId": "400933927",
		"year": 2017,
		"week": 12,
		"homeId": "2579",
		"homeTeam": "South Carolina",
		"homeAbbr": "SC",
		"awayId": "2747",
		"awayTeam": "Wofford",
		"awayAbbr": "WOF",
		"driveIndex": "6",
		"playIndex": "0",
		"offenseId": "2579",
		"offenseTeam": "South Carolina",
		"offenseAbbr": "SC",
		"defenseId": "2747",
		"defenseTeam": "Wofford",
		"defenseAbbr": "WOF",
		"homeScore": 7,
		"awayScore": 3,
		"isScore": false,
		"quarter": 2,
		"clock": "4:30",
		"type": "Pass Reception",
		"down": 1,
		"distance": 10,
		"yardLine": 28,
		"yardsGained": 5,
		"endYardLine": 33,
		"description": "Jake Bentley pass complete to Shi Smith for 5 yds to the SCaro 33"
	},
	{
		"gameId": "400933927",
		"year": 2017,
		"week": 12,
		"homeId": "2579",
		"homeTeam": "South Carolina",
		"homeAbbr": "SC",
		"awayId": "2747",
		"awayTeam": "Wofford",
		"awayAbbr": "WOF",
		"driveIndex": "6",
		"playIndex": "1",
		"offenseId": "2579",
		"offenseTeam": "South Carolina",
		"offenseAbbr": "SC",
		"defenseId": "2747",
		"defenseTeam": "Wofford",
		"defenseAbbr": "WOF",
		"homeScore": 7,
		"awayScore": 3,
		"isScore": false,
		"quarter": 2,
		"clock": "4:30",
		"type": "Pass Reception",
		"down": 2,
		"distance": 5,
		"yardLine": 33,
		"yardsGained": 0,
		"endYardLine": 33,
		"description": "Jake Bentley pass complete to Hayden Hurst for no gain to the SCaro 33"
	},
	{
		"gameId": "400933927",
		"year": 2017,
		"week": 12,
		"homeId": "2579",
		"homeTeam": "South Carolina",
		"homeAbbr": "SC",
		"awayId": "2747",
		"awayTeam": "Wofford",
		"awayAbbr": "WOF",
		"driveIndex": "6",
		"playIndex": "2",
		"offenseId": "2579",
		"offenseTeam": "South Carolina",
		"offenseAbbr": "SC",
		"defenseId": "2747",
		"defenseTeam": "Wofford",
		"defenseAbbr": "WOF",
		"homeScore": 7,
		"awayScore": 3,
		"isScore": false,
		"quarter": 2,
		"clock": "4:30",
		"type": "Pass Reception",
		"down": 3,
		"distance": 5,
		"yardLine": 33,
		"yardsGained": 6,
		"endYardLine": 39,
		"description": "Jake Bentley pass complete to OrTre Smith for 6 yds to the SCaro 39 for a 1ST down"
	},
	{
		"gameId": "400933927",
		"year": 2017,
		"week": 12,
		"homeId": "2579",
		"homeTeam": "South Carolina",
		"homeAbbr": "SC",
		"awayId": "2747",
		"awayTeam": "Wofford",
		"awayAbbr": "WOF",
		"driveIndex": "6",
		"playIndex": "3",
		"offenseId": "2579",
		"offenseTeam": "South Carolina",
		"offenseAbbr": "SC",
		"defenseId": "2747",
		"defenseTeam": "Wofford",
		"defenseAbbr": "WOF",
		"homeScore": 7,
		"awayScore": 3,
		"isScore": false,
		"quarter": 2,
		"clock": "4:30",
		"type": "Rush",
		"down": 1,
		"distance": 10,
		"yardLine": 39,
		"yardsGained": 5,
		"endYardLine": 44,
		"description": "A.J. Turner run for 5 yds to the SCaro 44"
	},
	{
		"gameId": "400933927",
		"year": 2017,
		"week": 12,
		"homeId": "2579",
		"homeTeam": "South Carolina",
		"homeAbbr": "SC",
		"awayId": "2747",
		"awayTeam": "Wofford",
		"awayAbbr": "WOF",
		"driveIndex": "6",
		"playIndex": "4",
		"offenseId": "2579",
		"offenseTeam": "South Carolina",
		"offenseAbbr": "SC",
		"defenseId": "2747",
		"defenseTeam": "Wofford",
		"defenseAbbr": "WOF",
		"homeScore": 7,
		"awayScore": 3,
		"isScore": false,
		"quarter": 2,
		"clock": "4:30",
		"type": "Rush",
		"down": 2,
		"distance": 5,
		"yardLine": 44,
		"yardsGained": 6,
		"endYardLine": 50,
		"description": "Mon Denson run for 6 yds to the 50 yard line for a 1ST down"
	},
	{
		"gameId": "400933927",
		"year": 2017,
		"week": 12,
		"homeId": "2579",
		"homeTeam": "South Carolina",
		"homeAbbr": "SC",
		"awayId": "2747",
		"awayTeam": "Wofford",
		"awayAbbr": "WOF",
		"driveIndex": "6",
		"playIndex": "5",
		"offenseId": "2579",
		"offenseTeam": "South Carolina",
		"offenseAbbr": "SC",
		"defenseId": "2747",
		"defenseTeam": "Wofford",
		"defenseAbbr": "WOF",
		"homeScore": 7,
		"awayScore": 3,
		"isScore": false,
		"quarter": 2,
		"clock": "4:30",
		"type": "Pass Reception",
		"down": 1,
		"distance": 10,
		"yardLine": 50,
		"yardsGained": 4,
		"endYardLine": 54,
		"description": "Jake Bentley pass complete to Hayden Hurst for 4 yds to the Woffd 46"
	},
	{
		"gameId": "400933927",
		"year": 2017,
		"week": 12,
		"homeId": "2579",
		"homeTeam": "South Carolina",
		"homeAbbr": "SC",
		"awayId": "2747",
		"awayTeam": "Wofford",
		"awayAbbr": "WOF",
		"driveIndex": "6",
		"playIndex": "6",
		"offenseId": "2579",
		"offenseTeam": "South Carolina",
		"offenseAbbr": "SC",
		"defenseId": "2747",
		"defenseTeam": "Wofford",
		"defenseAbbr": "WOF",
		"homeScore": 7,
		"awayScore": 3,
		"isScore": false,
		"quarter": 2,
		"clock": "4:30",
		"type": "Pass Reception",
		"down": 2,
		"distance": 6,
		"yardLine": 54,
		"yardsGained": 5,
		"endYardLine": 59,
		"description": "Jake Bentley pass complete to OrTre Smith for 5 yds to the Woffd 41"
	},
	{
		"gameId": "400933927",
		"year": 2017,
		"week": 12,
		"homeId": "2579",
		"homeTeam": "South Carolina",
		"homeAbbr": "SC",
		"awayId": "2747",
		"awayTeam": "Wofford",
		"awayAbbr": "WOF",
		"driveIndex": "6",
		"playIndex": "7",
		"offenseId": "2579",
		"offenseTeam": "South Carolina",
		"offenseAbbr": "SC",
		"defenseId": "2747",
		"defenseTeam": "Wofford",
		"defenseAbbr": "WOF",
		"homeScore": 7,
		"awayScore": 3,
		"isScore": false,
		"quarter": 2,
		"clock": "1:16",
		"type": "Timeout",
		"down": 3,
		"distance": 1,
		"yardLine": 59,
		"yardsGained": 0,
		"endYardLine": 59,
		"description": "Timeout SOUTH CAROLINA, clock 01:16"
	},
	{
		"gameId": "400933927",
		"year": 2017,
		"week": 12,
		"homeId": "2579",
		"homeTeam": "South Carolina",
		"homeAbbr": "SC",
		"awayId": "2747",
		"awayTeam": "Wofford",
		"awayAbbr": "WOF",
		"driveIndex": "6",
		"playIndex": "8",
		"offenseId": "2579",
		"offenseTeam": "South Carolina",
		"offenseAbbr": "SC",
		"defenseId": "2747",
		"defenseTeam": "Wofford",
		"defenseAbbr": "WOF",
		"homeScore": 7,
		"awayScore": 3,
		"isScore": false,
		"quarter": 2,
		"clock": "1:16",
		"type": "Rush",
		"down": 3,
		"distance": 1,
		"yardLine": 59,
		"yardsGained": 3,
		"endYardLine": 62,
		"description": "A.J. Turner run for 3 yds to the Woffd 38 for a 1ST down"
	},
	{
		"gameId": "400933927",
		"year": 2017,
		"week": 12,
		"homeId": "2579",
		"homeTeam": "South Carolina",
		"homeAbbr": "SC",
		"awayId": "2747",
		"awayTeam": "Wofford",
		"awayAbbr": "WOF",
		"driveIndex": "6",
		"playIndex": "9",
		"offenseId": "2579",
		"offenseTeam": "South Carolina",
		"offenseAbbr": "SC",
		"defenseId": "2747",
		"defenseTeam": "Wofford",
		"defenseAbbr": "WOF",
		"homeScore": 7,
		"awayScore": 3,
		"isScore": false,
		"quarter": 2,
		"clock": "1:16",
		"type": "Penalty",
		"down": 1,
		"distance": 10,
		"yardLine": 62,
		"yardsGained": 15,
		"endYardLine": 77,
		"description": "Jake Bentley pass incomplete to Hayden Hurst, PENALTY WOF pass interference (Dominique Lemon) 15 yards to the WOF23, 1ST DOWN SC, NO PLAY."
	},
	{
		"gameId": "400933927",
		"year": 2017,
		"week": 12,
		"homeId": "2579",
		"homeTeam": "South Carolina",
		"homeAbbr": "SC",
		"awayId": "2747",
		"awayTeam": "Wofford",
		"awayAbbr": "WOF",
		"driveIndex": "6",
		"playIndex": "10",
		"offenseId": "2579",
		"offenseTeam": "South Carolina",
		"offenseAbbr": "SC",
		"defenseId": "2747",
		"defenseTeam": "Wofford",
		"defenseAbbr": "WOF",
		"homeScore": 14,
		"awayScore": 3,
		"isScore": true,
		"quarter": 2,
		"clock": "0:55",
		"type": "Passing Touchdown",
		"down": 1,
		"distance": 10,
		"yardLine": 77,
		"yardsGained": 23,
		"endYardLine": 100,
		"description": "Jake Bentley pass complete to Bryan Edwards for 23 yds for a TD (Parker White KICK)"
	},
	{
		"gameId": "400933927",
		"year": 2017,
		"week": 12,
		"homeId": "2579",
		"homeTeam": "South Carolina",
		"homeAbbr": "SC",
		"awayId": "2747",
		"awayTeam": "Wofford",
		"awayAbbr": "WOF",
		"driveIndex": "7",
		"playIndex": "0",
		"offenseId": "2579",
		"offenseTeam": "South Carolina",
		"offenseAbbr": "SC",
		"defenseId": "2747",
		"defenseTeam": "Wofford",
		"defenseAbbr": "WOF",
		"homeScore": 14,
		"awayScore": 3,
		"isScore": false,
		"quarter": 2,
		"clock": "0:55",
		"type": "Kickoff",
		"down": 1,
		"distance": 0,
		"yardLine": 35,
		"yardsGained": 10,
		"endYardLine": 88,
		"description": "Parker White kickoff for 63 yds , Ellis Pace return for 10 yds to the Woffd 12"
	},
	{
		"gameId": "400933927",
		"year": 2017,
		"week": 12,
		"homeId": "2579",
		"homeTeam": "South Carolina",
		"homeAbbr": "SC",
		"awayId": "2747",
		"awayTeam": "Wofford",
		"awayAbbr": "WOF",
		"driveIndex": "7",
		"playIndex": "1",
		"offenseId": "2747",
		"offenseTeam": "Wofford",
		"offenseAbbr": "WOF",
		"defenseId": "2579",
		"defenseTeam": "South Carolina",
		"defenseAbbr": "SC",
		"homeScore": 14,
		"awayScore": 3,
		"isScore": false,
		"quarter": 2,
		"clock": "0:55",
		"type": "Rush",
		"down": 1,
		"distance": 10,
		"yardLine": 88,
		"yardsGained": 1,
		"endYardLine": 87,
		"description": "Lennox McAfee run for 1 yd to the Woffd 13"
	},
	{
		"gameId": "400933927",
		"year": 2017,
		"week": 12,
		"homeId": "2579",
		"homeTeam": "South Carolina",
		"homeAbbr": "SC",
		"awayId": "2747",
		"awayTeam": "Wofford",
		"awayAbbr": "WOF",
		"driveIndex": "7",
		"playIndex": "2",
		"offenseId": "2747",
		"offenseTeam": "Wofford",
		"offenseAbbr": "WOF",
		"defenseId": "2579",
		"defenseTeam": "South Carolina",
		"defenseAbbr": "SC",
		"homeScore": 14,
		"awayScore": 3,
		"isScore": false,
		"quarter": 2,
		"clock": "0:55",
		"type": "Rush",
		"down": 2,
		"distance": 9,
		"yardLine": 87,
		"yardsGained": 4,
		"endYardLine": 83,
		"description": "Andre Stoddard run for 4 yds to the Woffd 17"
	},
	{
		"gameId": "400933927",
		"year": 2017,
		"week": 12,
		"homeId": "2579",
		"homeTeam": "South Carolina",
		"homeAbbr": "SC",
		"awayId": "2747",
		"awayTeam": "Wofford",
		"awayAbbr": "WOF",
		"driveIndex": "7",
		"playIndex": "3",
		"offenseId": "2747",
		"offenseTeam": "Wofford",
		"offenseAbbr": "WOF",
		"defenseId": "2579",
		"defenseTeam": "South Carolina",
		"defenseAbbr": "SC",
		"homeScore": 14,
		"awayScore": 3,
		"isScore": false,
		"quarter": 2,
		"clock": "0:00",
		"type": "End of Half",
		"down": 0,
		"distance": 9,
		"yardLine": 0,
		"yardsGained": 0,
		"endYardLine": 83,
		"description": "End of 2nd Quarter"
	},
	{
		"gameId": "400933927",
		"year": 2017,
		"week": 12,
		"homeId": "2579",
		"homeTeam": "South Carolina",
		"homeAbbr": "SC",
		"awayId": "2747",
		"awayTeam": "Wofford",
		"awayAbbr": "WOF",
		"driveIndex": "8",
		"playIndex": "0",
		"offenseId": "2579",
		"offenseTeam": "South Carolina",
		"offenseAbbr": "SC",
		"defenseId": "2747",
		"defenseTeam": "Wofford",
		"defenseAbbr": "WOF",
		"homeScore": 14,
		"awayScore": 3,
		"isScore": false,
		"quarter": 3,
		"clock": "15:00",
		"type": "Kickoff",
		"down": 3,
		"distance": 5,
		"yardLine": 35,
		"yardsGained": 0,
		"endYardLine": 75,
		"description": "Parker White kickoff for 65 yds for a touchback"
	},
	{
		"gameId": "400933927",
		"year": 2017,
		"week": 12,
		"homeId": "2579",
		"homeTeam": "South Carolina",
		"homeAbbr": "SC",
		"awayId": "2747",
		"awayTeam": "Wofford",
		"awayAbbr": "WOF",
		"driveIndex": "8",
		"playIndex": "1",
		"offenseId": "2747",
		"offenseTeam": "Wofford",
		"offenseAbbr": "WOF",
		"defenseId": "2579",
		"defenseTeam": "South Carolina",
		"defenseAbbr": "SC",
		"homeScore": 14,
		"awayScore": 3,
		"isScore": false,
		"quarter": 3,
		"clock": "15:00",
		"type": "Rush",
		"down": 1,
		"distance": 10,
		"yardLine": 75,
		"yardsGained": 23,
		"endYardLine": 52,
		"description": "Lennox McAfee run for 23 yds to the Woffd 48 for a 1ST down"
	},
	{
		"gameId": "400933927",
		"year": 2017,
		"week": 12,
		"homeId": "2579",
		"homeTeam": "South Carolina",
		"homeAbbr": "SC",
		"awayId": "2747",
		"awayTeam": "Wofford",
		"awayAbbr": "WOF",
		"driveIndex": "8",
		"playIndex": "2",
		"offenseId": "2747",
		"offenseTeam": "Wofford",
		"offenseAbbr": "WOF",
		"defenseId": "2579",
		"defenseTeam": "South Carolina",
		"defenseAbbr": "SC",
		"homeScore": 14,
		"awayScore": 3,
		"isScore": false,
		"quarter": 3,
		"clock": "15:00",
		"type": "Rush",
		"down": 1,
		"distance": 10,
		"yardLine": 52,
		"yardsGained": 16,
		"endYardLine": 36,
		"description": "Andre Stoddard run for 1 yd to the SCaro 49 for a 1ST down SOUTH CAROLINA Penalty, personal foul (Keir Thomas) to the SCaro 36 for a 1ST down"
	},
	{
		"gameId": "400933927",
		"year": 2017,
		"week": 12,
		"homeId": "2579",
		"homeTeam": "South Carolina",
		"homeAbbr": "SC",
		"awayId": "2747",
		"awayTeam": "Wofford",
		"awayAbbr": "WOF",
		"driveIndex": "8",
		"playIndex": "3",
		"offenseId": "2747",
		"offenseTeam": "Wofford",
		"offenseAbbr": "WOF",
		"defenseId": "2579",
		"defenseTeam": "South Carolina",
		"defenseAbbr": "SC",
		"homeScore": 14,
		"awayScore": 3,
		"isScore": false,
		"quarter": 3,
		"clock": "15:00",
		"type": "Rush",
		"down": 1,
		"distance": 10,
		"yardLine": 36,
		"yardsGained": 9,
		"endYardLine": 27,
		"description": "Andre Stoddard run for 9 yds to the SCaro 27"
	},
	{
		"gameId": "400933927",
		"year": 2017,
		"week": 12,
		"homeId": "2579",
		"homeTeam": "South Carolina",
		"homeAbbr": "SC",
		"awayId": "2747",
		"awayTeam": "Wofford",
		"awayAbbr": "WOF",
		"driveIndex": "8",
		"playIndex": "4",
		"offenseId": "2747",
		"offenseTeam": "Wofford",
		"offenseAbbr": "WOF",
		"defenseId": "2579",
		"defenseTeam": "South Carolina",
		"defenseAbbr": "SC",
		"homeScore": 14,
		"awayScore": 3,
		"isScore": false,
		"quarter": 3,
		"clock": "15:00",
		"type": "Rush",
		"down": 2,
		"distance": 1,
		"yardLine": 27,
		"yardsGained": 3,
		"endYardLine": 24,
		"description": "Lennox McAfee run for 3 yds to the SCaro 24 for a 1ST down"
	},
	{
		"gameId": "400933927",
		"year": 2017,
		"week": 12,
		"homeId": "2579",
		"homeTeam": "South Carolina",
		"homeAbbr": "SC",
		"awayId": "2747",
		"awayTeam": "Wofford",
		"awayAbbr": "WOF",
		"driveIndex": "8",
		"playIndex": "5",
		"offenseId": "2747",
		"offenseTeam": "Wofford",
		"offenseAbbr": "WOF",
		"defenseId": "2579",
		"defenseTeam": "South Carolina",
		"defenseAbbr": "SC",
		"homeScore": 14,
		"awayScore": 3,
		"isScore": false,
		"quarter": 3,
		"clock": "15:00",
		"type": "Rush",
		"down": 1,
		"distance": 10,
		"yardLine": 24,
		"yardsGained": 3,
		"endYardLine": 21,
		"description": "Lennox McAfee run for 3 yds to the SCaro 21"
	},
	{
		"gameId": "400933927",
		"year": 2017,
		"week": 12,
		"homeId": "2579",
		"homeTeam": "South Carolina",
		"homeAbbr": "SC",
		"awayId": "2747",
		"awayTeam": "Wofford",
		"awayAbbr": "WOF",
		"driveIndex": "8",
		"playIndex": "6",
		"offenseId": "2747",
		"offenseTeam": "Wofford",
		"offenseAbbr": "WOF",
		"defenseId": "2579",
		"defenseTeam": "South Carolina",
		"defenseAbbr": "SC",
		"homeScore": 14,
		"awayScore": 3,
		"isScore": false,
		"quarter": 3,
		"clock": "15:00",
		"type": "Rush",
		"down": 2,
		"distance": 7,
		"yardLine": 21,
		"yardsGained": 10,
		"endYardLine": 11,
		"description": "Blake Morgan run for 10 yds to the SCaro 11 for a 1ST down"
	},
	{
		"gameId": "400933927",
		"year": 2017,
		"week": 12,
		"homeId": "2579",
		"homeTeam": "South Carolina",
		"homeAbbr": "SC",
		"awayId": "2747",
		"awayTeam": "Wofford",
		"awayAbbr": "WOF",
		"driveIndex": "8",
		"playIndex": "7",
		"offenseId": "2747",
		"offenseTeam": "Wofford",
		"offenseAbbr": "WOF",
		"defenseId": "2579",
		"defenseTeam": "South Carolina",
		"defenseAbbr": "SC",
		"homeScore": 14,
		"awayScore": 3,
		"isScore": false,
		"quarter": 3,
		"clock": "15:00",
		"type": "Rush",
		"down": 1,
		"distance": 10,
		"yardLine": 11,
		"yardsGained": 7,
		"endYardLine": 4,
		"description": "Andre Stoddard run for 7 yds to the SCaro 4"
	},
	{
		"gameId": "400933927",
		"year": 2017,
		"week": 12,
		"homeId": "2579",
		"homeTeam": "South Carolina",
		"homeAbbr": "SC",
		"awayId": "2747",
		"awayTeam": "Wofford",
		"awayAbbr": "WOF",
		"driveIndex": "8",
		"playIndex": "8",
		"offenseId": "2747",
		"offenseTeam": "Wofford",
		"offenseAbbr": "WOF",
		"defenseId": "2579",
		"defenseTeam": "South Carolina",
		"defenseAbbr": "SC",
		"homeScore": 14,
		"awayScore": 3,
		"isScore": false,
		"quarter": 3,
		"clock": "15:00",
		"type": "Rush",
		"down": 2,
		"distance": 3,
		"yardLine": 4,
		"yardsGained": 0,
		"endYardLine": 4,
		"description": "Blake Morgan run for no gain to the SCaro 4"
	},
	{
		"gameId": "400933927",
		"year": 2017,
		"week": 12,
		"homeId": "2579",
		"homeTeam": "South Carolina",
		"homeAbbr": "SC",
		"awayId": "2747",
		"awayTeam": "Wofford",
		"awayAbbr": "WOF",
		"driveIndex": "8",
		"playIndex": "9",
		"offenseId": "2747",
		"offenseTeam": "Wofford",
		"offenseAbbr": "WOF",
		"defenseId": "2579",
		"defenseTeam": "South Carolina",
		"defenseAbbr": "SC",
		"homeScore": 14,
		"awayScore": 3,
		"isScore": false,
		"quarter": 3,
		"clock": "15:00",
		"type": "Rush",
		"down": 3,
		"distance": 3,
		"yardLine": 4,
		"yardsGained": 2,
		"endYardLine": 2,
		"description": "Andre Stoddard run for 2 yds to the SCaro 2"
	},
	{
		"gameId": "400933927",
		"year": 2017,
		"week": 12,
		"homeId": "2579",
		"homeTeam": "South Carolina",
		"homeAbbr": "SC",
		"awayId": "2747",
		"awayTeam": "Wofford",
		"awayAbbr": "WOF",
		"driveIndex": "8",
		"playIndex": "10",
		"offenseId": "2747",
		"offenseTeam": "Wofford",
		"offenseAbbr": "WOF",
		"defenseId": "2579",
		"defenseTeam": "South Carolina",
		"defenseAbbr": "SC",
		"homeScore": 14,
		"awayScore": 3,
		"isScore": false,
		"quarter": 3,
		"clock": "15:00",
		"type": "Penalty",
		"down": 4,
		"distance": 1,
		"yardLine": 2,
		"yardsGained": 1,
		"endYardLine": 1,
		"description": "Lennox McAfee rush for no gain to the SC2 (Javon Kinlaw), PENALTY SC offside 1 yards to the SC1, 1ST DOWN WOF, NO PLAY."
	},
	{
		"gameId": "400933927",
		"year": 2017,
		"week": 12,
		"homeId": "2579",
		"homeTeam": "South Carolina",
		"homeAbbr": "SC",
		"awayId": "2747",
		"awayTeam": "Wofford",
		"awayAbbr": "WOF",
		"driveIndex": "8",
		"playIndex": "11",
		"offenseId": "2747",
		"offenseTeam": "Wofford",
		"offenseAbbr": "WOF",
		"defenseId": "2579",
		"defenseTeam": "South Carolina",
		"defenseAbbr": "SC",
		"homeScore": 14,
		"awayScore": 10,
		"isScore": true,
		"quarter": 3,
		"clock": "9:23",
		"type": "Rushing Touchdown",
		"down": 1,
		"distance": 1,
		"yardLine": 1,
		"yardsGained": 1,
		"endYardLine": 0,
		"description": "Blake Morgan run for 1 yd for a TD (Luke Carter KICK)"
	},
	{
		"gameId": "400933927",
		"year": 2017,
		"week": 12,
		"homeId": "2579",
		"homeTeam": "South Carolina",
		"homeAbbr": "SC",
		"awayId": "2747",
		"awayTeam": "Wofford",
		"awayAbbr": "WOF",
		"driveIndex": "9",
		"playIndex": "0",
		"offenseId": "2747",
		"offenseTeam": "Wofford",
		"offenseAbbr": "WOF",
		"defenseId": "2579",
		"defenseTeam": "South Carolina",
		"defenseAbbr": "SC",
		"homeScore": 14,
		"awayScore": 10,
		"isScore": false,
		"quarter": 3,
		"clock": "9:23",
		"type": "Kickoff",
		"down": 1,
		"distance": 0,
		"yardLine": 65,
		"yardsGained": 25,
		"endYardLine": 30,
		"description": "Luke Carter kickoff for 60 yds , Shi Smith return for 25 yds to the SCaro 30"
	},
	{
		"gameId": "400933927",
		"year": 2017,
		"week": 12,
		"homeId": "2579",
		"homeTeam": "South Carolina",
		"homeAbbr": "SC",
		"awayId": "2747",
		"awayTeam": "Wofford",
		"awayAbbr": "WOF",
		"driveIndex": "9",
		"playIndex": "1",
		"offenseId": "2579",
		"offenseTeam": "South Carolina",
		"offenseAbbr": "SC",
		"defenseId": "2747",
		"defenseTeam": "Wofford",
		"defenseAbbr": "WOF",
		"homeScore": 14,
		"awayScore": 10,
		"isScore": false,
		"quarter": 3,
		"clock": "9:23",
		"type": "Rush",
		"down": 1,
		"distance": 10,
		"yardLine": 30,
		"yardsGained": 7,
		"endYardLine": 37,
		"description": "A.J. Turner run for 7 yds to the SCaro 37"
	},
	{
		"gameId": "400933927",
		"year": 2017,
		"week": 12,
		"homeId": "2579",
		"homeTeam": "South Carolina",
		"homeAbbr": "SC",
		"awayId": "2747",
		"awayTeam": "Wofford",
		"awayAbbr": "WOF",
		"driveIndex": "9",
		"playIndex": "2",
		"offenseId": "2579",
		"offenseTeam": "South Carolina",
		"offenseAbbr": "SC",
		"defenseId": "2747",
		"defenseTeam": "Wofford",
		"defenseAbbr": "WOF",
		"homeScore": 14,
		"awayScore": 10,
		"isScore": false,
		"quarter": 3,
		"clock": "9:23",
		"type": "Rush",
		"down": 2,
		"distance": 3,
		"yardLine": 37,
		"yardsGained": 8,
		"endYardLine": 45,
		"description": "A.J. Turner run for 8 yds to the SCaro 45 for a 1ST down"
	},
	{
		"gameId": "400933927",
		"year": 2017,
		"week": 12,
		"homeId": "2579",
		"homeTeam": "South Carolina",
		"homeAbbr": "SC",
		"awayId": "2747",
		"awayTeam": "Wofford",
		"awayAbbr": "WOF",
		"driveIndex": "9",
		"playIndex": "3",
		"offenseId": "2579",
		"offenseTeam": "South Carolina",
		"offenseAbbr": "SC",
		"defenseId": "2747",
		"defenseTeam": "Wofford",
		"defenseAbbr": "WOF",
		"homeScore": 14,
		"awayScore": 10,
		"isScore": false,
		"quarter": 3,
		"clock": "9:23",
		"type": "Pass Reception",
		"down": 1,
		"distance": 10,
		"yardLine": 45,
		"yardsGained": 12,
		"endYardLine": 57,
		"description": "Jake Bentley pass complete to OrTre Smith for 12 yds to the Woffd 43 for a 1ST down"
	},
	{
		"gameId": "400933927",
		"year": 2017,
		"week": 12,
		"homeId": "2579",
		"homeTeam": "South Carolina",
		"homeAbbr": "SC",
		"awayId": "2747",
		"awayTeam": "Wofford",
		"awayAbbr": "WOF",
		"driveIndex": "9",
		"playIndex": "4",
		"offenseId": "2579",
		"offenseTeam": "South Carolina",
		"offenseAbbr": "SC",
		"defenseId": "2747",
		"defenseTeam": "Wofford",
		"defenseAbbr": "WOF",
		"homeScore": 14,
		"awayScore": 10,
		"isScore": false,
		"quarter": 3,
		"clock": "9:23",
		"type": "Pass Reception",
		"down": 1,
		"distance": 10,
		"yardLine": 57,
		"yardsGained": 8,
		"endYardLine": 65,
		"description": "Jake Bentley pass complete to Bryan Edwards for 8 yds to the Woffd 35"
	},
	{
		"gameId": "400933927",
		"year": 2017,
		"week": 12,
		"homeId": "2579",
		"homeTeam": "South Carolina",
		"homeAbbr": "SC",
		"awayId": "2747",
		"awayTeam": "Wofford",
		"awayAbbr": "WOF",
		"driveIndex": "9",
		"playIndex": "5",
		"offenseId": "2579",
		"offenseTeam": "South Carolina",
		"offenseAbbr": "SC",
		"defenseId": "2747",
		"defenseTeam": "Wofford",
		"defenseAbbr": "WOF",
		"homeScore": 14,
		"awayScore": 10,
		"isScore": false,
		"quarter": 3,
		"clock": "9:23",
		"type": "Rush",
		"down": 2,
		"distance": 2,
		"yardLine": 65,
		"yardsGained": 30,
		"endYardLine": 95,
		"description": "A.J. Turner run for 30 yds to the Woffd 5 for a 1ST down"
	},
	{
		"gameId": "400933927",
		"year": 2017,
		"week": 12,
		"homeId": "2579",
		"homeTeam": "South Carolina",
		"homeAbbr": "SC",
		"awayId": "2747",
		"awayTeam": "Wofford",
		"awayAbbr": "WOF",
		"driveIndex": "9",
		"playIndex": "6",
		"offenseId": "2579",
		"offenseTeam": "South Carolina",
		"offenseAbbr": "SC",
		"defenseId": "2747",
		"defenseTeam": "Wofford",
		"defenseAbbr": "WOF",
		"homeScore": 14,
		"awayScore": 10,
		"isScore": false,
		"quarter": 3,
		"clock": "9:23",
		"type": "Rush",
		"down": 1,
		"distance": 5,
		"yardLine": 95,
		"yardsGained": 4,
		"endYardLine": 99,
		"description": "A.J. Turner run for 4 yds to the Woffd 1"
	},
	{
		"gameId": "400933927",
		"year": 2017,
		"week": 12,
		"homeId": "2579",
		"homeTeam": "South Carolina",
		"homeAbbr": "SC",
		"awayId": "2747",
		"awayTeam": "Wofford",
		"awayAbbr": "WOF",
		"driveIndex": "9",
		"playIndex": "7",
		"offenseId": "2579",
		"offenseTeam": "South Carolina",
		"offenseAbbr": "SC",
		"defenseId": "2747",
		"defenseTeam": "Wofford",
		"defenseAbbr": "WOF",
		"homeScore": 21,
		"awayScore": 10,
		"isScore": true,
		"quarter": 3,
		"clock": "6:21",
		"type": "Rushing Touchdown",
		"down": 2,
		"distance": 1,
		"yardLine": 99,
		"yardsGained": 1,
		"endYardLine": 100,
		"description": "Jake Bentley run for 1 yd for a TD (Parker White KICK)"
	},
	{
		"gameId": "400933927",
		"year": 2017,
		"week": 12,
		"homeId": "2579",
		"homeTeam": "South Carolina",
		"homeAbbr": "SC",
		"awayId": "2747",
		"awayTeam": "Wofford",
		"awayAbbr": "WOF",
		"driveIndex": "10",
		"playIndex": "0",
		"offenseId": "2579",
		"offenseTeam": "South Carolina",
		"offenseAbbr": "SC",
		"defenseId": "2747",
		"defenseTeam": "Wofford",
		"defenseAbbr": "WOF",
		"homeScore": 21,
		"awayScore": 10,
		"isScore": false,
		"quarter": 3,
		"clock": "6:21",
		"type": "Kickoff",
		"down": 1,
		"distance": 0,
		"yardLine": 35,
		"yardsGained": 0,
		"endYardLine": 75,
		"description": "Parker White kickoff for 65 yds for a touchback"
	},
	{
		"gameId": "400933927",
		"year": 2017,
		"week": 12,
		"homeId": "2579",
		"homeTeam": "South Carolina",
		"homeAbbr": "SC",
		"awayId": "2747",
		"awayTeam": "Wofford",
		"awayAbbr": "WOF",
		"driveIndex": "10",
		"playIndex": "1",
		"offenseId": "2747",
		"offenseTeam": "Wofford",
		"offenseAbbr": "WOF",
		"defenseId": "2579",
		"defenseTeam": "South Carolina",
		"defenseAbbr": "SC",
		"homeScore": 21,
		"awayScore": 10,
		"isScore": false,
		"quarter": 3,
		"clock": "6:21",
		"type": "Pass Reception",
		"down": 1,
		"distance": 10,
		"yardLine": 75,
		"yardsGained": 5,
		"endYardLine": 70,
		"description": "Brandon Goodson pass complete to Blake Morgan for 5 yds to the Woffd 30"
	},
	{
		"gameId": "400933927",
		"year": 2017,
		"week": 12,
		"homeId": "2579",
		"homeTeam": "South Carolina",
		"homeAbbr": "SC",
		"awayId": "2747",
		"awayTeam": "Wofford",
		"awayAbbr": "WOF",
		"driveIndex": "10",
		"playIndex": "2",
		"offenseId": "2747",
		"offenseTeam": "Wofford",
		"offenseAbbr": "WOF",
		"defenseId": "2579",
		"defenseTeam": "South Carolina",
		"defenseAbbr": "SC",
		"homeScore": 21,
		"awayScore": 10,
		"isScore": false,
		"quarter": 3,
		"clock": "5:43",
		"type": "Timeout",
		"down": 2,
		"distance": 5,
		"yardLine": 70,
		"yardsGained": 0,
		"endYardLine": 70,
		"description": "Timeout WOFFORD, clock 05:43"
	},
	{
		"gameId": "400933927",
		"year": 2017,
		"week": 12,
		"homeId": "2579",
		"homeTeam": "South Carolina",
		"homeAbbr": "SC",
		"awayId": "2747",
		"awayTeam": "Wofford",
		"awayAbbr": "WOF",
		"driveIndex": "10",
		"playIndex": "3",
		"offenseId": "2747",
		"offenseTeam": "Wofford",
		"offenseAbbr": "WOF",
		"defenseId": "2579",
		"defenseTeam": "South Carolina",
		"defenseAbbr": "SC",
		"homeScore": 21,
		"awayScore": 10,
		"isScore": false,
		"quarter": 3,
		"clock": "5:43",
		"type": "Rush",
		"down": 2,
		"distance": 5,
		"yardLine": 70,
		"yardsGained": 4,
		"endYardLine": 66,
		"description": "Lennox McAfee run for 4 yds to the Woffd 34"
	},
	{
		"gameId": "400933927",
		"year": 2017,
		"week": 12,
		"homeId": "2579",
		"homeTeam": "South Carolina",
		"homeAbbr": "SC",
		"awayId": "2747",
		"awayTeam": "Wofford",
		"awayAbbr": "WOF",
		"driveIndex": "10",
		"playIndex": "4",
		"offenseId": "2747",
		"offenseTeam": "Wofford",
		"offenseAbbr": "WOF",
		"defenseId": "2579",
		"defenseTeam": "South Carolina",
		"defenseAbbr": "SC",
		"homeScore": 21,
		"awayScore": 10,
		"isScore": false,
		"quarter": 3,
		"clock": "5:43",
		"type": "Rush",
		"down": 3,
		"distance": 1,
		"yardLine": 66,
		"yardsGained": 3,
		"endYardLine": 63,
		"description": "Andre Stoddard run for 3 yds to the Woffd 37 for a 1ST down"
	},
	{
		"gameId": "400933927",
		"year": 2017,
		"week": 12,
		"homeId": "2579",
		"homeTeam": "South Carolina",
		"homeAbbr": "SC",
		"awayId": "2747",
		"awayTeam": "Wofford",
		"awayAbbr": "WOF",
		"driveIndex": "10",
		"playIndex": "5",
		"offenseId": "2747",
		"offenseTeam": "Wofford",
		"offenseAbbr": "WOF",
		"defenseId": "2579",
		"defenseTeam": "South Carolina",
		"defenseAbbr": "SC",
		"homeScore": 21,
		"awayScore": 10,
		"isScore": false,
		"quarter": 3,
		"clock": "5:43",
		"type": "Rush",
		"down": 1,
		"distance": 10,
		"yardLine": 63,
		"yardsGained": 3,
		"endYardLine": 60,
		"description": "Lennox McAfee run for 3 yds to the Woffd 40"
	},
	{
		"gameId": "400933927",
		"year": 2017,
		"week": 12,
		"homeId": "2579",
		"homeTeam": "South Carolina",
		"homeAbbr": "SC",
		"awayId": "2747",
		"awayTeam": "Wofford",
		"awayAbbr": "WOF",
		"driveIndex": "10",
		"playIndex": "6",
		"offenseId": "2747",
		"offenseTeam": "Wofford",
		"offenseAbbr": "WOF",
		"defenseId": "2579",
		"defenseTeam": "South Carolina",
		"defenseAbbr": "SC",
		"homeScore": 21,
		"awayScore": 10,
		"isScore": false,
		"quarter": 3,
		"clock": "5:43",
		"type": "Rush",
		"down": 2,
		"distance": 7,
		"yardLine": 60,
		"yardsGained": 3,
		"endYardLine": 57,
		"description": "Jamison Chapman run for 3 yds to the Woffd 43"
	},
	{
		"gameId": "400933927",
		"year": 2017,
		"week": 12,
		"homeId": "2579",
		"homeTeam": "South Carolina",
		"homeAbbr": "SC",
		"awayId": "2747",
		"awayTeam": "Wofford",
		"awayAbbr": "WOF",
		"driveIndex": "10",
		"playIndex": "7",
		"offenseId": "2747",
		"offenseTeam": "Wofford",
		"offenseAbbr": "WOF",
		"defenseId": "2579",
		"defenseTeam": "South Carolina",
		"defenseAbbr": "SC",
		"homeScore": 21,
		"awayScore": 10,
		"isScore": false,
		"quarter": 3,
		"clock": "5:43",
		"type": "Rush",
		"down": 3,
		"distance": 4,
		"yardLine": 57,
		"yardsGained": 3,
		"endYardLine": 54,
		"description": "Blake Morgan run for 3 yds to the Woffd 46"
	},
	{
		"gameId": "400933927",
		"year": 2017,
		"week": 12,
		"homeId": "2579",
		"homeTeam": "South Carolina",
		"homeAbbr": "SC",
		"awayId": "2747",
		"awayTeam": "Wofford",
		"awayAbbr": "WOF",
		"driveIndex": "10",
		"playIndex": "8",
		"offenseId": "2747",
		"offenseTeam": "Wofford",
		"offenseAbbr": "WOF",
		"defenseId": "2579",
		"defenseTeam": "South Carolina",
		"defenseAbbr": "SC",
		"homeScore": 21,
		"awayScore": 10,
		"isScore": false,
		"quarter": 3,
		"clock": "5:43",
		"type": "Rush",
		"down": 4,
		"distance": 1,
		"yardLine": 54,
		"yardsGained": 0,
		"endYardLine": 54,
		"description": "Andre Stoddard run for no gain to the Woffd 46"
	},
	{
		"gameId": "400933927",
		"year": 2017,
		"week": 12,
		"homeId": "2579",
		"homeTeam": "South Carolina",
		"homeAbbr": "SC",
		"awayId": "2747",
		"awayTeam": "Wofford",
		"awayAbbr": "WOF",
		"driveIndex": "11",
		"playIndex": "0",
		"offenseId": "2579",
		"offenseTeam": "South Carolina",
		"offenseAbbr": "SC",
		"defenseId": "2747",
		"defenseTeam": "Wofford",
		"defenseAbbr": "WOF",
		"homeScore": 21,
		"awayScore": 10,
		"isScore": false,
		"quarter": 3,
		"clock": "2:56",
		"type": "Pass Reception",
		"down": 1,
		"distance": 10,
		"yardLine": 54,
		"yardsGained": 0,
		"endYardLine": 54,
		"description": "Jake Bentley pass complete to Bryan Edwards for no gain to the Woffd 46"
	},
	{
		"gameId": "400933927",
		"year": 2017,
		"week": 12,
		"homeId": "2579",
		"homeTeam": "South Carolina",
		"homeAbbr": "SC",
		"awayId": "2747",
		"awayTeam": "Wofford",
		"awayAbbr": "WOF",
		"driveIndex": "11",
		"playIndex": "1",
		"offenseId": "2579",
		"offenseTeam": "South Carolina",
		"offenseAbbr": "SC",
		"defenseId": "2747",
		"defenseTeam": "Wofford",
		"defenseAbbr": "WOF",
		"homeScore": 21,
		"awayScore": 10,
		"isScore": false,
		"quarter": 3,
		"clock": "2:56",
		"type": "Pass Incompletion",
		"down": 2,
		"distance": 10,
		"yardLine": 54,
		"yardsGained": 0,
		"endYardLine": 54,
		"description": "Jake Bentley pass incomplete to OrTre Smith"
	},
	{
		"gameId": "400933927",
		"year": 2017,
		"week": 12,
		"homeId": "2579",
		"homeTeam": "South Carolina",
		"homeAbbr": "SC",
		"awayId": "2747",
		"awayTeam": "Wofford",
		"awayAbbr": "WOF",
		"driveIndex": "11",
		"playIndex": "2",
		"offenseId": "2579",
		"offenseTeam": "South Carolina",
		"offenseAbbr": "SC",
		"defenseId": "2747",
		"defenseTeam": "Wofford",
		"defenseAbbr": "WOF",
		"homeScore": 21,
		"awayScore": 10,
		"isScore": false,
		"quarter": 3,
		"clock": "2:56",
		"type": "Pass Reception",
		"down": 3,
		"distance": 10,
		"yardLine": 54,
		"yardsGained": 9,
		"endYardLine": 63,
		"description": "Jake Bentley pass complete to Chavis Dawkins for 9 yds to the Woffd 37"
	},
	{
		"gameId": "400933927",
		"year": 2017,
		"week": 12,
		"homeId": "2579",
		"homeTeam": "South Carolina",
		"homeAbbr": "SC",
		"awayId": "2747",
		"awayTeam": "Wofford",
		"awayAbbr": "WOF",
		"driveIndex": "11",
		"playIndex": "3",
		"offenseId": "2579",
		"offenseTeam": "South Carolina",
		"offenseAbbr": "SC",
		"defenseId": "2747",
		"defenseTeam": "Wofford",
		"defenseAbbr": "WOF",
		"homeScore": 21,
		"awayScore": 10,
		"isScore": false,
		"quarter": 3,
		"clock": "2:56",
		"type": "Rush",
		"down": 4,
		"distance": 1,
		"yardLine": 63,
		"yardsGained": 2,
		"endYardLine": 65,
		"description": "Jake Bentley run for 2 yds to the Woffd 35 for a 1ST down"
	},
	{
		"gameId": "400933927",
		"year": 2017,
		"week": 12,
		"homeId": "2579",
		"homeTeam": "South Carolina",
		"homeAbbr": "SC",
		"awayId": "2747",
		"awayTeam": "Wofford",
		"awayAbbr": "WOF",
		"driveIndex": "11",
		"playIndex": "4",
		"offenseId": "2579",
		"offenseTeam": "South Carolina",
		"offenseAbbr": "SC",
		"defenseId": "2747",
		"defenseTeam": "Wofford",
		"defenseAbbr": "WOF",
		"homeScore": 21,
		"awayScore": 10,
		"isScore": false,
		"quarter": 3,
		"clock": "2:56",
		"type": "Rush",
		"down": 1,
		"distance": 10,
		"yardLine": 65,
		"yardsGained": 20,
		"endYardLine": 85,
		"description": "Ty'Son Williams run for 20 yds to the Woffd 15 for a 1ST down"
	},
	{
		"gameId": "400933927",
		"year": 2017,
		"week": 12,
		"homeId": "2579",
		"homeTeam": "South Carolina",
		"homeAbbr": "SC",
		"awayId": "2747",
		"awayTeam": "Wofford",
		"awayAbbr": "WOF",
		"driveIndex": "11",
		"playIndex": "5",
		"offenseId": "2579",
		"offenseTeam": "South Carolina",
		"offenseAbbr": "SC",
		"defenseId": "2747",
		"defenseTeam": "Wofford",
		"defenseAbbr": "WOF",
		"homeScore": 21,
		"awayScore": 10,
		"isScore": false,
		"quarter": 3,
		"clock": "2:56",
		"type": "Rush",
		"down": 1,
		"distance": 10,
		"yardLine": 85,
		"yardsGained": 1,
		"endYardLine": 86,
		"description": "Mon Denson run for 1 yd to the Woffd 14"
	},
	{
		"gameId": "400933927",
		"year": 2017,
		"week": 12,
		"homeId": "2579",
		"homeTeam": "South Carolina",
		"homeAbbr": "SC",
		"awayId": "2747",
		"awayTeam": "Wofford",
		"awayAbbr": "WOF",
		"driveIndex": "11",
		"playIndex": "6",
		"offenseId": "2579",
		"offenseTeam": "South Carolina",
		"offenseAbbr": "SC",
		"defenseId": "2747",
		"defenseTeam": "Wofford",
		"defenseAbbr": "WOF",
		"homeScore": 21,
		"awayScore": 10,
		"isScore": false,
		"quarter": 3,
		"clock": "0:00",
		"type": "End Period",
		"down": 0,
		"distance": 10,
		"yardLine": 0,
		"yardsGained": 0,
		"endYardLine": 86,
		"description": "End of 3rd Quarter"
	},
	{
		"gameId": "400933927",
		"year": 2017,
		"week": 12,
		"homeId": "2579",
		"homeTeam": "South Carolina",
		"homeAbbr": "SC",
		"awayId": "2747",
		"awayTeam": "Wofford",
		"awayAbbr": "WOF",
		"driveIndex": "11",
		"playIndex": "7",
		"offenseId": "2579",
		"offenseTeam": "South Carolina",
		"offenseAbbr": "SC",
		"defenseId": "2747",
		"defenseTeam": "Wofford",
		"defenseAbbr": "WOF",
		"homeScore": 21,
		"awayScore": 10,
		"isScore": false,
		"quarter": 4,
		"clock": "15:00",
		"type": "Rush",
		"down": 2,
		"distance": 9,
		"yardLine": 86,
		"yardsGained": 3,
		"endYardLine": 89,
		"description": "A.J. Turner run for 3 yds to the Woffd 11"
	},
	{
		"gameId": "400933927",
		"year": 2017,
		"week": 12,
		"homeId": "2579",
		"homeTeam": "South Carolina",
		"homeAbbr": "SC",
		"awayId": "2747",
		"awayTeam": "Wofford",
		"awayAbbr": "WOF",
		"driveIndex": "11",
		"playIndex": "8",
		"offenseId": "2579",
		"offenseTeam": "South Carolina",
		"offenseAbbr": "SC",
		"defenseId": "2747",
		"defenseTeam": "Wofford",
		"defenseAbbr": "WOF",
		"homeScore": 21,
		"awayScore": 10,
		"isScore": false,
		"quarter": 4,
		"clock": "15:00",
		"type": "Pass Reception",
		"down": 3,
		"distance": 6,
		"yardLine": 89,
		"yardsGained": 1,
		"endYardLine": 90,
		"description": "Jake Bentley pass complete to Bryan Edwards for 1 yd to the Woffd 10"
	},
	{
		"gameId": "400933927",
		"year": 2017,
		"week": 12,
		"homeId": "2579",
		"homeTeam": "South Carolina",
		"homeAbbr": "SC",
		"awayId": "2747",
		"awayTeam": "Wofford",
		"awayAbbr": "WOF",
		"driveIndex": "11",
		"playIndex": "9",
		"offenseId": "2579",
		"offenseTeam": "South Carolina",
		"offenseAbbr": "SC",
		"defenseId": "2747",
		"defenseTeam": "Wofford",
		"defenseAbbr": "WOF",
		"homeScore": 24,
		"awayScore": 10,
		"isScore": true,
		"quarter": 4,
		"clock": "13:43",
		"type": "Field Goal Good",
		"down": 4,
		"distance": 5,
		"yardLine": 90,
		"yardsGained": 27,
		"endYardLine": 35,
		"description": "Parker White 27 yd FG GOOD"
	},
	{
		"gameId": "400933927",
		"year": 2017,
		"week": 12,
		"homeId": "2579",
		"homeTeam": "South Carolina",
		"homeAbbr": "SC",
		"awayId": "2747",
		"awayTeam": "Wofford",
		"awayAbbr": "WOF",
		"driveIndex": "12",
		"playIndex": "0",
		"offenseId": "2579",
		"offenseTeam": "South Carolina",
		"offenseAbbr": "SC",
		"defenseId": "2747",
		"defenseTeam": "Wofford",
		"defenseAbbr": "WOF",
		"homeScore": 24,
		"awayScore": 10,
		"isScore": false,
		"quarter": 4,
		"clock": "13:43",
		"type": "Kickoff",
		"down": 1,
		"distance": 0,
		"yardLine": 35,
		"yardsGained": 0,
		"endYardLine": 75,
		"description": "Parker White kickoff for 65 yds for a touchback"
	},
	{
		"gameId": "400933927",
		"year": 2017,
		"week": 12,
		"homeId": "2579",
		"homeTeam": "South Carolina",
		"homeAbbr": "SC",
		"awayId": "2747",
		"awayTeam": "Wofford",
		"awayAbbr": "WOF",
		"driveIndex": "12",
		"playIndex": "1",
		"offenseId": "2747",
		"offenseTeam": "Wofford",
		"offenseAbbr": "WOF",
		"defenseId": "2579",
		"defenseTeam": "South Carolina",
		"defenseAbbr": "SC",
		"homeScore": 24,
		"awayScore": 10,
		"isScore": false,
		"quarter": 4,
		"clock": "13:43",
		"type": "Rush",
		"down": 1,
		"distance": 10,
		"yardLine": 75,
		"yardsGained": 2,
		"endYardLine": 73,
		"description": "Joe Newman run for 2 yds to the Woffd 27"
	},
	{
		"gameId": "400933927",
		"year": 2017,
		"week": 12,
		"homeId": "2579",
		"homeTeam": "South Carolina",
		"homeAbbr": "SC",
		"awayId": "2747",
		"awayTeam": "Wofford",
		"awayAbbr": "WOF",
		"driveIndex": "12",
		"playIndex": "2",
		"offenseId": "2747",
		"offenseTeam": "Wofford",
		"offenseAbbr": "WOF",
		"defenseId": "2579",
		"defenseTeam": "South Carolina",
		"defenseAbbr": "SC",
		"homeScore": 24,
		"awayScore": 10,
		"isScore": false,
		"quarter": 4,
		"clock": "13:43",
		"type": "Fumble Recovery (Opponent)",
		"down": 2,
		"distance": 8,
		"yardLine": 73,
		"yardsGained": 8,
		"endYardLine": 62,
		"description": "Joe Newman run for 8 yds to the Woffd 38 Joe Newman fumbled, forced by Dante Sawyer, recovered by SCaro T.J. Brunson"
	},
	{
		"gameId": "400933927",
		"year": 2017,
		"week": 12,
		"homeId": "2579",
		"homeTeam": "South Carolina",
		"homeAbbr": "SC",
		"awayId": "2747",
		"awayTeam": "Wofford",
		"awayAbbr": "WOF",
		"driveIndex": "13",
		"playIndex": "0",
		"offenseId": "2579",
		"offenseTeam": "South Carolina",
		"offenseAbbr": "SC",
		"defenseId": "2747",
		"defenseTeam": "Wofford",
		"defenseAbbr": "WOF",
		"homeScore": 24,
		"awayScore": 10,
		"isScore": false,
		"quarter": 4,
		"clock": "12:53",
		"type": "Rush",
		"down": 1,
		"distance": 10,
		"yardLine": 62,
		"yardsGained": 9,
		"endYardLine": 71,
		"description": "Ty'Son Williams run for 9 yds to the Woffd 29"
	},
	{
		"gameId": "400933927",
		"year": 2017,
		"week": 12,
		"homeId": "2579",
		"homeTeam": "South Carolina",
		"homeAbbr": "SC",
		"awayId": "2747",
		"awayTeam": "Wofford",
		"awayAbbr": "WOF",
		"driveIndex": "13",
		"playIndex": "1",
		"offenseId": "2579",
		"offenseTeam": "South Carolina",
		"offenseAbbr": "SC",
		"defenseId": "2747",
		"defenseTeam": "Wofford",
		"defenseAbbr": "WOF",
		"homeScore": 24,
		"awayScore": 10,
		"isScore": false,
		"quarter": 4,
		"clock": "12:53",
		"type": "Rush",
		"down": 2,
		"distance": 1,
		"yardLine": 71,
		"yardsGained": 7,
		"endYardLine": 78,
		"description": "Ty'Son Williams run for 7 yds to the Woffd 22 for a 1ST down"
	},
	{
		"gameId": "400933927",
		"year": 2017,
		"week": 12,
		"homeId": "2579",
		"homeTeam": "South Carolina",
		"homeAbbr": "SC",
		"awayId": "2747",
		"awayTeam": "Wofford",
		"awayAbbr": "WOF",
		"driveIndex": "13",
		"playIndex": "2",
		"offenseId": "2579",
		"offenseTeam": "South Carolina",
		"offenseAbbr": "SC",
		"defenseId": "2747",
		"defenseTeam": "Wofford",
		"defenseAbbr": "WOF",
		"homeScore": 24,
		"awayScore": 10,
		"isScore": false,
		"quarter": 4,
		"clock": "12:53",
		"type": "Rush",
		"down": 1,
		"distance": 10,
		"yardLine": 78,
		"yardsGained": 4,
		"endYardLine": 82,
		"description": "Ty'Son Williams run for 4 yds to the Woffd 18"
	},
	{
		"gameId": "400933927",
		"year": 2017,
		"week": 12,
		"homeId": "2579",
		"homeTeam": "South Carolina",
		"homeAbbr": "SC",
		"awayId": "2747",
		"awayTeam": "Wofford",
		"awayAbbr": "WOF",
		"driveIndex": "13",
		"playIndex": "3",
		"offenseId": "2579",
		"offenseTeam": "South Carolina",
		"offenseAbbr": "SC",
		"defenseId": "2747",
		"defenseTeam": "Wofford",
		"defenseAbbr": "WOF",
		"homeScore": 24,
		"awayScore": 10,
		"isScore": false,
		"quarter": 4,
		"clock": "12:53",
		"type": "Pass Reception",
		"down": 2,
		"distance": 6,
		"yardLine": 82,
		"yardsGained": 15,
		"endYardLine": 97,
		"description": "Jake Bentley pass complete to Jacob August for 15 yds to the Woffd 3 for a 1ST down"
	},
	{
		"gameId": "400933927",
		"year": 2017,
		"week": 12,
		"homeId": "2579",
		"homeTeam": "South Carolina",
		"homeAbbr": "SC",
		"awayId": "2747",
		"awayTeam": "Wofford",
		"awayAbbr": "WOF",
		"driveIndex": "13",
		"playIndex": "4",
		"offenseId": "2579",
		"offenseTeam": "South Carolina",
		"offenseAbbr": "SC",
		"defenseId": "2747",
		"defenseTeam": "Wofford",
		"defenseAbbr": "WOF",
		"homeScore": 24,
		"awayScore": 10,
		"isScore": false,
		"quarter": 4,
		"clock": "12:53",
		"type": "Rush",
		"down": 1,
		"distance": 3,
		"yardLine": 97,
		"yardsGained": 1,
		"endYardLine": 98,
		"description": "Bryan Edwards run for 1 yd to the Woffd 2"
	},
	{
		"gameId": "400933927",
		"year": 2017,
		"week": 12,
		"homeId": "2579",
		"homeTeam": "South Carolina",
		"homeAbbr": "SC",
		"awayId": "2747",
		"awayTeam": "Wofford",
		"awayAbbr": "WOF",
		"driveIndex": "13",
		"playIndex": "5",
		"offenseId": "2579",
		"offenseTeam": "South Carolina",
		"offenseAbbr": "SC",
		"defenseId": "2747",
		"defenseTeam": "Wofford",
		"defenseAbbr": "WOF",
		"homeScore": 31,
		"awayScore": 10,
		"isScore": true,
		"quarter": 4,
		"clock": "9:54",
		"type": "Rushing Touchdown",
		"down": 2,
		"distance": 2,
		"yardLine": 98,
		"yardsGained": 2,
		"endYardLine": 100,
		"description": "A.J. Turner run for 2 yds for a TD (Parker White KICK)"
	},
	{
		"gameId": "400933927",
		"year": 2017,
		"week": 12,
		"homeId": "2579",
		"homeTeam": "South Carolina",
		"homeAbbr": "SC",
		"awayId": "2747",
		"awayTeam": "Wofford",
		"awayAbbr": "WOF",
		"driveIndex": "14",
		"playIndex": "0",
		"offenseId": "2579",
		"offenseTeam": "South Carolina",
		"offenseAbbr": "SC",
		"defenseId": "2747",
		"defenseTeam": "Wofford",
		"defenseAbbr": "WOF",
		"homeScore": 31,
		"awayScore": 10,
		"isScore": false,
		"quarter": 4,
		"clock": "9:54",
		"type": "Kickoff",
		"down": 1,
		"distance": 0,
		"yardLine": 35,
		"yardsGained": 14,
		"endYardLine": 86,
		"description": "Parker White kickoff for 65 yds , Ostin McPherson return for 14 yds to the Woffd 14"
	},
	{
		"gameId": "400933927",
		"year": 2017,
		"week": 12,
		"homeId": "2579",
		"homeTeam": "South Carolina",
		"homeAbbr": "SC",
		"awayId": "2747",
		"awayTeam": "Wofford",
		"awayAbbr": "WOF",
		"driveIndex": "14",
		"playIndex": "1",
		"offenseId": "2747",
		"offenseTeam": "Wofford",
		"offenseAbbr": "WOF",
		"defenseId": "2579",
		"defenseTeam": "South Carolina",
		"defenseAbbr": "SC",
		"homeScore": 31,
		"awayScore": 10,
		"isScore": false,
		"quarter": 4,
		"clock": "9:54",
		"type": "Rush",
		"down": 1,
		"distance": 10,
		"yardLine": 86,
		"yardsGained": 5,
		"endYardLine": 81,
		"description": "Joe Newman run for 5 yds to the Woffd 19"
	},
	{
		"gameId": "400933927",
		"year": 2017,
		"week": 12,
		"homeId": "2579",
		"homeTeam": "South Carolina",
		"homeAbbr": "SC",
		"awayId": "2747",
		"awayTeam": "Wofford",
		"awayAbbr": "WOF",
		"driveIndex": "14",
		"playIndex": "2",
		"offenseId": "2747",
		"offenseTeam": "Wofford",
		"offenseAbbr": "WOF",
		"defenseId": "2579",
		"defenseTeam": "South Carolina",
		"defenseAbbr": "SC",
		"homeScore": 31,
		"awayScore": 10,
		"isScore": false,
		"quarter": 4,
		"clock": "9:54",
		"type": "Rush",
		"down": 2,
		"distance": 5,
		"yardLine": 81,
		"yardsGained": 4,
		"endYardLine": 77,
		"description": "Chase Nelson run for 4 yds to the Woffd 23"
	},
	{
		"gameId": "400933927",
		"year": 2017,
		"week": 12,
		"homeId": "2579",
		"homeTeam": "South Carolina",
		"homeAbbr": "SC",
		"awayId": "2747",
		"awayTeam": "Wofford",
		"awayAbbr": "WOF",
		"driveIndex": "14",
		"playIndex": "3",
		"offenseId": "2747",
		"offenseTeam": "Wofford",
		"offenseAbbr": "WOF",
		"defenseId": "2579",
		"defenseTeam": "South Carolina",
		"defenseAbbr": "SC",
		"homeScore": 31,
		"awayScore": 10,
		"isScore": false,
		"quarter": 4,
		"clock": "9:54",
		"type": "Pass Reception",
		"down": 3,
		"distance": 1,
		"yardLine": 77,
		"yardsGained": 27,
		"endYardLine": 50,
		"description": "Joe Newman pass complete to Lennox McAfee for 27 yds to the 50 yard line for a 1ST down"
	},
	{
		"gameId": "400933927",
		"year": 2017,
		"week": 12,
		"homeId": "2579",
		"homeTeam": "South Carolina",
		"homeAbbr": "SC",
		"awayId": "2747",
		"awayTeam": "Wofford",
		"awayAbbr": "WOF",
		"driveIndex": "14",
		"playIndex": "4",
		"offenseId": "2747",
		"offenseTeam": "Wofford",
		"offenseAbbr": "WOF",
		"defenseId": "2579",
		"defenseTeam": "South Carolina",
		"defenseAbbr": "SC",
		"homeScore": 31,
		"awayScore": 10,
		"isScore": false,
		"quarter": 4,
		"clock": "9:54",
		"type": "Fumble Recovery (Own)",
		"down": 1,
		"distance": 10,
		"yardLine": 50,
		"yardsGained": -2,
		"endYardLine": 61,
		"description": "TEAM run for a loss of 2 yards to the Woffd 39 TEAM fumbled, recovered by Woffd Andre Stoddard"
	},
	{
		"gameId": "400933927",
		"year": 2017,
		"week": 12,
		"homeId": "2579",
		"homeTeam": "South Carolina",
		"homeAbbr": "SC",
		"awayId": "2747",
		"awayTeam": "Wofford",
		"awayAbbr": "WOF",
		"driveIndex": "14",
		"playIndex": "5",
		"offenseId": "2747",
		"offenseTeam": "Wofford",
		"offenseAbbr": "WOF",
		"defenseId": "2579",
		"defenseTeam": "South Carolina",
		"defenseAbbr": "SC",
		"homeScore": 31,
		"awayScore": 10,
		"isScore": false,
		"quarter": 4,
		"clock": "9:54",
		"type": "Pass Reception",
		"down": 2,
		"distance": 21,
		"yardLine": 61,
		"yardsGained": 17,
		"endYardLine": 44,
		"description": "Joe Newman pass complete to R.J. Taylor for 17 yds to the SCaro 44"
	},
	{
		"gameId": "400933927",
		"year": 2017,
		"week": 12,
		"homeId": "2579",
		"homeTeam": "South Carolina",
		"homeAbbr": "SC",
		"awayId": "2747",
		"awayTeam": "Wofford",
		"awayAbbr": "WOF",
		"driveIndex": "14",
		"playIndex": "6",
		"offenseId": "2747",
		"offenseTeam": "Wofford",
		"offenseAbbr": "WOF",
		"defenseId": "2579",
		"defenseTeam": "South Carolina",
		"defenseAbbr": "SC",
		"homeScore": 31,
		"awayScore": 10,
		"isScore": false,
		"quarter": 4,
		"clock": "9:54",
		"type": "Rush",
		"down": 3,
		"distance": 4,
		"yardLine": 44,
		"yardsGained": 7,
		"endYardLine": 37,
		"description": "Joe Newman run for 7 yds to the SCaro 37 for a 1ST down"
	},
	{
		"gameId": "400933927",
		"year": 2017,
		"week": 12,
		"homeId": "2579",
		"homeTeam": "South Carolina",
		"homeAbbr": "SC",
		"awayId": "2747",
		"awayTeam": "Wofford",
		"awayAbbr": "WOF",
		"driveIndex": "14",
		"playIndex": "7",
		"offenseId": "2747",
		"offenseTeam": "Wofford",
		"offenseAbbr": "WOF",
		"defenseId": "2579",
		"defenseTeam": "South Carolina",
		"defenseAbbr": "SC",
		"homeScore": 31,
		"awayScore": 10,
		"isScore": false,
		"quarter": 4,
		"clock": "9:54",
		"type": "Sack",
		"down": 1,
		"distance": 10,
		"yardLine": 37,
		"yardsGained": -12,
		"endYardLine": 49,
		"description": "Joe Newman sacked by Brad Johnson for a loss of 12 yards to the SCaro 49 WOFFORD Penalty, intentional grounding (Joe Newman) to the SCaro 49"
	},
	{
		"gameId": "400933927",
		"year": 2017,
		"week": 12,
		"homeId": "2579",
		"homeTeam": "South Carolina",
		"homeAbbr": "SC",
		"awayId": "2747",
		"awayTeam": "Wofford",
		"awayAbbr": "WOF",
		"driveIndex": "14",
		"playIndex": "8",
		"offenseId": "2747",
		"offenseTeam": "Wofford",
		"offenseAbbr": "WOF",
		"defenseId": "2579",
		"defenseTeam": "South Carolina",
		"defenseAbbr": "SC",
		"homeScore": 31,
		"awayScore": 10,
		"isScore": false,
		"quarter": 4,
		"clock": "9:54",
		"type": "Rush",
		"down": 2,
		"distance": 22,
		"yardLine": 49,
		"yardsGained": 11,
		"endYardLine": 38,
		"description": "Joe Newman run for 11 yds to the SCaro 38"
	},
	{
		"gameId": "400933927",
		"year": 2017,
		"week": 12,
		"homeId": "2579",
		"homeTeam": "South Carolina",
		"homeAbbr": "SC",
		"awayId": "2747",
		"awayTeam": "Wofford",
		"awayAbbr": "WOF",
		"driveIndex": "14",
		"playIndex": "9",
		"offenseId": "2747",
		"offenseTeam": "Wofford",
		"offenseAbbr": "WOF",
		"defenseId": "2579",
		"defenseTeam": "South Carolina",
		"defenseAbbr": "SC",
		"homeScore": 31,
		"awayScore": 10,
		"isScore": false,
		"quarter": 4,
		"clock": "9:54",
		"type": "Pass Interception Return",
		"down": 3,
		"distance": 11,
		"yardLine": 38,
		"yardsGained": 8,
		"endYardLine": 35,
		"description": "Joe Newman pass intercepted Rashad Fenton return for 8 yds to the SCaro 35"
	},
	{
		"gameId": "400933927",
		"year": 2017,
		"week": 12,
		"homeId": "2579",
		"homeTeam": "South Carolina",
		"homeAbbr": "SC",
		"awayId": "2747",
		"awayTeam": "Wofford",
		"awayAbbr": "WOF",
		"driveIndex": "15",
		"playIndex": "0",
		"offenseId": "2579",
		"offenseTeam": "South Carolina",
		"offenseAbbr": "SC",
		"defenseId": "2747",
		"defenseTeam": "Wofford",
		"defenseAbbr": "WOF",
		"homeScore": 31,
		"awayScore": 10,
		"isScore": false,
		"quarter": 4,
		"clock": "4:49",
		"type": "Rush",
		"down": 1,
		"distance": 10,
		"yardLine": 35,
		"yardsGained": 5,
		"endYardLine": 40,
		"description": "A.J. Turner run for 5 yds to the SCaro 40"
	},
	{
		"gameId": "400933927",
		"year": 2017,
		"week": 12,
		"homeId": "2579",
		"homeTeam": "South Carolina",
		"homeAbbr": "SC",
		"awayId": "2747",
		"awayTeam": "Wofford",
		"awayAbbr": "WOF",
		"driveIndex": "15",
		"playIndex": "1",
		"offenseId": "2579",
		"offenseTeam": "South Carolina",
		"offenseAbbr": "SC",
		"defenseId": "2747",
		"defenseTeam": "Wofford",
		"defenseAbbr": "WOF",
		"homeScore": 31,
		"awayScore": 10,
		"isScore": false,
		"quarter": 4,
		"clock": "4:49",
		"type": "Rush",
		"down": 2,
		"distance": 5,
		"yardLine": 40,
		"yardsGained": 4,
		"endYardLine": 44,
		"description": "Ty'Son Williams run for 4 yds to the SCaro 44"
	},
	{
		"gameId": "400933927",
		"year": 2017,
		"week": 12,
		"homeId": "2579",
		"homeTeam": "South Carolina",
		"homeAbbr": "SC",
		"awayId": "2747",
		"awayTeam": "Wofford",
		"awayAbbr": "WOF",
		"driveIndex": "15",
		"playIndex": "2",
		"offenseId": "2579",
		"offenseTeam": "South Carolina",
		"offenseAbbr": "SC",
		"defenseId": "2747",
		"defenseTeam": "Wofford",
		"defenseAbbr": "WOF",
		"homeScore": 31,
		"awayScore": 10,
		"isScore": false,
		"quarter": 4,
		"clock": "4:49",
		"type": "Rush",
		"down": 3,
		"distance": 1,
		"yardLine": 44,
		"yardsGained": 4,
		"endYardLine": 48,
		"description": "Ty'Son Williams run for 4 yds to the SCaro 48 for a 1ST down"
	},
	{
		"gameId": "400933927",
		"year": 2017,
		"week": 12,
		"homeId": "2579",
		"homeTeam": "South Carolina",
		"homeAbbr": "SC",
		"awayId": "2747",
		"awayTeam": "Wofford",
		"awayAbbr": "WOF",
		"driveIndex": "15",
		"playIndex": "3",
		"offenseId": "2579",
		"offenseTeam": "South Carolina",
		"offenseAbbr": "SC",
		"defenseId": "2747",
		"defenseTeam": "Wofford",
		"defenseAbbr": "WOF",
		"homeScore": 31,
		"awayScore": 10,
		"isScore": false,
		"quarter": 4,
		"clock": "4:49",
		"type": "Rush",
		"down": 1,
		"distance": 10,
		"yardLine": 48,
		"yardsGained": 5,
		"endYardLine": 53,
		"description": "Caleb Kinlaw run for 5 yds to the Woffd 47"
	},
	{
		"gameId": "400933927",
		"year": 2017,
		"week": 12,
		"homeId": "2579",
		"homeTeam": "South Carolina",
		"homeAbbr": "SC",
		"awayId": "2747",
		"awayTeam": "Wofford",
		"awayAbbr": "WOF",
		"driveIndex": "15",
		"playIndex": "4",
		"offenseId": "2579",
		"offenseTeam": "South Carolina",
		"offenseAbbr": "SC",
		"defenseId": "2747",
		"defenseTeam": "Wofford",
		"defenseAbbr": "WOF",
		"homeScore": 31,
		"awayScore": 10,
		"isScore": false,
		"quarter": 4,
		"clock": "4:49",
		"type": "Rush",
		"down": 2,
		"distance": 5,
		"yardLine": 53,
		"yardsGained": 7,
		"endYardLine": 60,
		"description": "Caleb Kinlaw run for 7 yds to the Woffd 40 for a 1ST down"
	},
	{
		"gameId": "400933927",
		"year": 2017,
		"week": 12,
		"homeId": "2579",
		"homeTeam": "South Carolina",
		"homeAbbr": "SC",
		"awayId": "2747",
		"awayTeam": "Wofford",
		"awayAbbr": "WOF",
		"driveIndex": "15",
		"playIndex": "5",
		"offenseId": "2579",
		"offenseTeam": "South Carolina",
		"offenseAbbr": "SC",
		"defenseId": "2747",
		"defenseTeam": "Wofford",
		"defenseAbbr": "WOF",
		"homeScore": 31,
		"awayScore": 10,
		"isScore": false,
		"quarter": 4,
		"clock": "4:49",
		"type": "Rush",
		"down": 1,
		"distance": 10,
		"yardLine": 60,
		"yardsGained": 8,
		"endYardLine": 68,
		"description": "Caleb Kinlaw run for 8 yds to the Woffd 32"
	},
	{
		"gameId": "400933927",
		"year": 2017,
		"week": 12,
		"homeId": "2579",
		"homeTeam": "South Carolina",
		"homeAbbr": "SC",
		"awayId": "2747",
		"awayTeam": "Wofford",
		"awayAbbr": "WOF",
		"driveIndex": "15",
		"playIndex": "6",
		"offenseId": "2579",
		"offenseTeam": "South Carolina",
		"offenseAbbr": "SC",
		"defenseId": "2747",
		"defenseTeam": "Wofford",
		"defenseAbbr": "WOF",
		"homeScore": 31,
		"awayScore": 10,
		"isScore": false,
		"quarter": 4,
		"clock": "4:49",
		"type": "Rush",
		"down": 2,
		"distance": 2,
		"yardLine": 68,
		"yardsGained": 27,
		"endYardLine": 95,
		"description": "Caleb Kinlaw run for 27 yds to the Woffd 5 for a 1ST down"
	},
	{
		"gameId": "400933927",
		"year": 2017,
		"week": 12,
		"homeId": "2579",
		"homeTeam": "South Carolina",
		"homeAbbr": "SC",
		"awayId": "2747",
		"awayTeam": "Wofford",
		"awayAbbr": "WOF",
		"driveIndex": "15",
		"playIndex": "7",
		"offenseId": "2579",
		"offenseTeam": "South Carolina",
		"offenseAbbr": "SC",
		"defenseId": "2747",
		"defenseTeam": "Wofford",
		"defenseAbbr": "WOF",
		"homeScore": 31,
		"awayScore": 10,
		"isScore": false,
		"quarter": 4,
		"clock": "0:00",
		"type": "End of Game",
		"down": 0,
		"distance": 0,
		"yardLine": 0,
		"yardsGained": 0,
		"endYardLine": 95,
		"description": "End of 4th Quarter"
	}
]