[
	{
		"gameId": "400933925",
		"year": 2017,
		"week": 12,
		"homeId": "61",
		"homeTeam": "Georgia",
		"homeAbbr": "UGA",
		"awayId": "96",
		"awayTeam": "Kentucky",
		"awayAbbr": "UK",
		"driveIndex": "0",
		"playIndex": "0",
		"offenseId": "96",
		"offenseTeam": "Kentucky",
		"offenseAbbr": "UK",
		"defenseId": "61",
		"defenseTeam": "Georgia",
		"defenseAbbr": "UGA",
		"homeScore": 0,
		"awayScore": 0,
		"isScore": false,
		"quarter": 1,
		"clock": "15:00",
		"type": "Kickoff",
		"down": 1,
		"distance": 10,
		"yardLine": 65,
		"yardsGained": 26,
		"endYardLine": 26,
		"description": "Austin MacGinnis kickoff for 65 yds , Mecole Hardman return for 26 yds to the Geo 26"
	},
	{
		"gameId": "400933925",
		"year": 2017,
		"week": 12,
		"homeId": "61",
		"homeTeam": "Georgia",
		"homeAbbr": "UGA",
		"awayId": "96",
		"awayTeam": "Kentucky",
		"awayAbbr": "UK",
		"driveIndex": "0",
		"playIndex": "1",
		"offenseId": "61",
		"offenseTeam": "Georgia",
		"offenseAbbr": "UGA",
		"defenseId": "96",
		"defenseTeam": "Kentucky",
		"defenseAbbr": "UK",
		"homeScore": 0,
		"awayScore": 0,
		"isScore": false,
		"quarter": 1,
		"clock": "14:55",
		"type": "Rush",
		"down": 1,
		"distance": 10,
		"yardLine": 26,
		"yardsGained": 1,
		"endYardLine": 27,
		"description": "Nick Chubb run for 1 yd to the Geo 27"
	},
	{
		"gameId": "400933925",
		"year": 2017,
		"week": 12,
		"homeId": "61",
		"homeTeam": "Georgia",
		"homeAbbr": "UGA",
		"awayId": "96",
		"awayTeam": "Kentucky",
		"awayAbbr": "UK",
		"driveIndex": "0",
		"playIndex": "2",
		"offenseId": "61",
		"offenseTeam": "Georgia",
		"offenseAbbr": "UGA",
		"defenseId": "96",
		"defenseTeam": "Kentucky",
		"defenseAbbr": "UK",
		"homeScore": 0,
		"awayScore": 0,
		"isScore": false,
		"quarter": 1,
		"clock": "14:17",
		"type": "Pass Incompletion",
		"down": 2,
		"distance": 9,
		"yardLine": 27,
		"yardsGained": 0,
		"endYardLine": 27,
		"description": "Jake Fromm pass incomplete to D'Andre Swift"
	},
	{
		"gameId": "400933925",
		"year": 2017,
		"week": 12,
		"homeId": "61",
		"homeTeam": "Georgia",
		"homeAbbr": "UGA",
		"awayId": "96",
		"awayTeam": "Kentucky",
		"awayAbbr": "UK",
		"driveIndex": "0",
		"playIndex": "3",
		"offenseId": "61",
		"offenseTeam": "Georgia",
		"offenseAbbr": "UGA",
		"defenseId": "96",
		"defenseTeam": "Kentucky",
		"defenseAbbr": "UK",
		"homeScore": 0,
		"awayScore": 0,
		"isScore": false,
		"quarter": 1,
		"clock": "13:46",
		"type": "Pass Reception",
		"down": 3,
		"distance": 9,
		"yardLine": 27,
		"yardsGained": 9,
		"endYardLine": 36,
		"description": "Jake Fromm pass complete to Mecole Hardman for 9 yds to the Geo 36 for a 1ST down"
	},
	{
		"gameId": "400933925",
		"year": 2017,
		"week": 12,
		"homeId": "61",
		"homeTeam": "Georgia",
		"homeAbbr": "UGA",
		"awayId": "96",
		"awayTeam": "Kentucky",
		"awayAbbr": "UK",
		"driveIndex": "0",
		"playIndex": "4",
		"offenseId": "61",
		"offenseTeam": "Georgia",
		"offenseAbbr": "UGA",
		"defenseId": "96",
		"defenseTeam": "Kentucky",
		"defenseAbbr": "UK",
		"homeScore": 0,
		"awayScore": 0,
		"isScore": false,
		"quarter": 1,
		"clock": "13:22",
		"type": "Rush",
		"down": 1,
		"distance": 10,
		"yardLine": 36,
		"yardsGained": 3,
		"endYardLine": 39,
		"description": "Sony Michel run for 3 yds to the Geo 39"
	},
	{
		"gameId": "400933925",
		"year": 2017,
		"week": 12,
		"homeId": "61",
		"homeTeam": "Georgia",
		"homeAbbr": "UGA",
		"awayId": "96",
		"awayTeam": "Kentucky",
		"awayAbbr": "UK",
		"driveIndex": "0",
		"playIndex": "5",
		"offenseId": "61",
		"offenseTeam": "Georgia",
		"offenseAbbr": "UGA",
		"defenseId": "96",
		"defenseTeam": "Kentucky",
		"defenseAbbr": "UK",
		"homeScore": 0,
		"awayScore": 0,
		"isScore": false,
		"quarter": 1,
		"clock": "12:57",
		"type": "Penalty",
		"down": 2,
		"distance": 7,
		"yardLine": 39,
		"yardsGained": -5,
		"endYardLine": 34,
		"description": "GEORGIA Penalty, False Start (Andrew Thomas) to the Geo 34"
	},
	{
		"gameId": "400933925",
		"year": 2017,
		"week": 12,
		"homeId": "61",
		"homeTeam": "Georgia",
		"homeAbbr": "UGA",
		"awayId": "96",
		"awayTeam": "Kentucky",
		"awayAbbr": "UK",
		"driveIndex": "0",
		"playIndex": "6",
		"offenseId": "61",
		"offenseTeam": "Georgia",
		"offenseAbbr": "UGA",
		"defenseId": "96",
		"defenseTeam": "Kentucky",
		"defenseAbbr": "UK",
		"homeScore": 0,
		"awayScore": 0,
		"isScore": false,
		"quarter": 1,
		"clock": "12:41",
		"type": "Pass Reception",
		"down": 2,
		"distance": 12,
		"yardLine": 34,
		"yardsGained": 9,
		"endYardLine": 43,
		"description": "Jake Fromm pass complete to Javon Wims for 9 yds to the Geo 43"
	},
	{
		"gameId": "400933925",
		"year": 2017,
		"week": 12,
		"homeId": "61",
		"homeTeam": "Georgia",
		"homeAbbr": "UGA",
		"awayId": "96",
		"awayTeam": "Kentucky",
		"awayAbbr": "UK",
		"driveIndex": "0",
		"playIndex": "7",
		"offenseId": "61",
		"offenseTeam": "Georgia",
		"offenseAbbr": "UGA",
		"defenseId": "96",
		"defenseTeam": "Kentucky",
		"defenseAbbr": "UK",
		"homeScore": 0,
		"awayScore": 0,
		"isScore": false,
		"quarter": 1,
		"clock": "12:10",
		"type": "Pass Interception Return",
		"down": 3,
		"distance": 3,
		"yardLine": 43,
		"yardsGained": 14,
		"endYardLine": 32,
		"description": "Jake Fromm pass intercepted Josh Allen return for 14 yds to the Geo 32"
	},
	{
		"gameId": "400933925",
		"year": 2017,
		"week": 12,
		"homeId": "61",
		"homeTeam": "Georgia",
		"homeAbbr": "UGA",
		"awayId": "96",
		"awayTeam": "Kentucky",
		"awayAbbr": "UK",
		"driveIndex": "1",
		"playIndex": "0",
		"offenseId": "96",
		"offenseTeam": "Kentucky",
		"offenseAbbr": "UK",
		"defenseId": "61",
		"defenseTeam": "Georgia",
		"defenseAbbr": "UGA",
		"homeScore": 0,
		"awayScore": 0,
		"isScore": false,
		"quarter": 1,
		"clock": "11:53",
		"type": "Rush",
		"down": 1,
		"distance": 10,
		"yardLine": 32,
		"yardsGained": 5,
		"endYardLine": 27,
		"description": "Benny Snell Jr. run for 5 yds to the Geo 27"
	},
	{
		"gameId": "400933925",
		"year": 2017,
		"week": 12,
		"homeId": "61",
		"homeTeam": "Georgia",
		"homeAbbr": "UGA",
		"awayId": "96",
		"awayTeam": "Kentucky",
		"awayAbbr": "UK",
		"driveIndex": "1",
		"playIndex": "1",
		"offenseId": "96",
		"offenseTeam": "Kentucky",
		"offenseAbbr": "UK",
		"defenseId": "61",
		"defenseTeam": "Georgia",
		"defenseAbbr": "UGA",
		"homeScore": 0,
		"awayScore": 0,
		"isScore": false,
		"quarter": 1,
		"clock": "11:16",
		"type": "Rush",
		"down": 2,
		"distance": 5,
		"yardLine": 27,
		"yardsGained": 3,
		"endYardLine": 24,
		"description": "Benny Snell Jr. run for 3 yds to the Geo 24"
	},
	{
		"gameId": "400933925",
		"year": 2017,
		"week": 12,
		"homeId": "61",
		"homeTeam": "Georgia",
		"homeAbbr": "UGA",
		"awayId": "96",
		"awayTeam": "Kentucky",
		"awayAbbr": "UK",
		"driveIndex": "1",
		"playIndex": "2",
		"offenseId": "96",
		"offenseTeam": "Kentucky",
		"offenseAbbr": "UK",
		"defenseId": "61",
		"defenseTeam": "Georgia",
		"defenseAbbr": "UGA",
		"homeScore": 0,
		"awayScore": 0,
		"isScore": false,
		"quarter": 1,
		"clock": "10:35",
		"type": "Rush",
		"down": 3,
		"distance": 2,
		"yardLine": 24,
		"yardsGained": 4,
		"endYardLine": 20,
		"description": "Benny Snell Jr. run for 4 yds to the Geo 20 for a 1ST down"
	},
	{
		"gameId": "400933925",
		"year": 2017,
		"week": 12,
		"homeId": "61",
		"homeTeam": "Georgia",
		"homeAbbr": "UGA",
		"awayId": "96",
		"awayTeam": "Kentucky",
		"awayAbbr": "UK",
		"driveIndex": "1",
		"playIndex": "3",
		"offenseId": "96",
		"offenseTeam": "Kentucky",
		"offenseAbbr": "UK",
		"defenseId": "61",
		"defenseTeam": "Georgia",
		"defenseAbbr": "UGA",
		"homeScore": 0,
		"awayScore": 0,
		"isScore": false,
		"quarter": 1,
		"clock": "9:59",
		"type": "Pass Incompletion",
		"down": 1,
		"distance": 10,
		"yardLine": 20,
		"yardsGained": 0,
		"endYardLine": 20,
		"description": "Stephen Johnson pass incomplete"
	},
	{
		"gameId": "400933925",
		"year": 2017,
		"week": 12,
		"homeId": "61",
		"homeTeam": "Georgia",
		"homeAbbr": "UGA",
		"awayId": "96",
		"awayTeam": "Kentucky",
		"awayAbbr": "UK",
		"driveIndex": "1",
		"playIndex": "4",
		"offenseId": "96",
		"offenseTeam": "Kentucky",
		"offenseAbbr": "UK",
		"defenseId": "61",
		"defenseTeam": "Georgia",
		"defenseAbbr": "UGA",
		"homeScore": 0,
		"awayScore": 0,
		"isScore": false,
		"quarter": 1,
		"clock": "9:52",
		"type": "Pass Incompletion",
		"down": 2,
		"distance": 10,
		"yardLine": 20,
		"yardsGained": 0,
		"endYardLine": 20,
		"description": "Stephen Johnson pass incomplete to C.J. Conrad"
	},
	{
		"gameId": "400933925",
		"year": 2017,
		"week": 12,
		"homeId": "61",
		"homeTeam": "Georgia",
		"homeAbbr": "UGA",
		"awayId": "96",
		"awayTeam": "Kentucky",
		"awayAbbr": "UK",
		"driveIndex": "1",
		"playIndex": "5",
		"offenseId": "96",
		"offenseTeam": "Kentucky",
		"offenseAbbr": "UK",
		"defenseId": "61",
		"defenseTeam": "Georgia",
		"defenseAbbr": "UGA",
		"homeScore": 0,
		"awayScore": 0,
		"isScore": false,
		"quarter": 1,
		"clock": "9:46",
		"type": "Pass Incompletion",
		"down": 3,
		"distance": 10,
		"yardLine": 20,
		"yardsGained": 0,
		"endYardLine": 20,
		"description": "Stephen Johnson pass incomplete to Tavin Richardson"
	},
	{
		"gameId": "400933925",
		"year": 2017,
		"week": 12,
		"homeId": "61",
		"homeTeam": "Georgia",
		"homeAbbr": "UGA",
		"awayId": "96",
		"awayTeam": "Kentucky",
		"awayAbbr": "UK",
		"driveIndex": "1",
		"playIndex": "6",
		"offenseId": "96",
		"offenseTeam": "Kentucky",
		"offenseAbbr": "UK",
		"defenseId": "61",
		"defenseTeam": "Georgia",
		"defenseAbbr": "UGA",
		"homeScore": 0,
		"awayScore": 3,
		"isScore": true,
		"quarter": 1,
		"clock": "9:40",
		"type": "Field Goal Good",
		"down": 4,
		"distance": 10,
		"yardLine": 20,
		"yardsGained": 37,
		"endYardLine": 20,
		"description": "Austin MacGinnis 37 Yd Field Goal "
	},
	{
		"gameId": "400933925",
		"year": 2017,
		"week": 12,
		"homeId": "61",
		"homeTeam": "Georgia",
		"homeAbbr": "UGA",
		"awayId": "96",
		"awayTeam": "Kentucky",
		"awayAbbr": "UK",
		"driveIndex": "2",
		"playIndex": "0",
		"offenseId": "96",
		"offenseTeam": "Kentucky",
		"offenseAbbr": "UK",
		"defenseId": "61",
		"defenseTeam": "Georgia",
		"defenseAbbr": "UGA",
		"homeScore": 0,
		"awayScore": 3,
		"isScore": false,
		"quarter": 1,
		"clock": "9:40",
		"type": "Kickoff",
		"down": 4,
		"distance": 10,
		"yardLine": 65,
		"yardsGained": 0,
		"endYardLine": 25,
		"description": "Austin MacGinnis kickoff for 65 yds for a touchback"
	},
	{
		"gameId": "400933925",
		"year": 2017,
		"week": 12,
		"homeId": "61",
		"homeTeam": "Georgia",
		"homeAbbr": "UGA",
		"awayId": "96",
		"awayTeam": "Kentucky",
		"awayAbbr": "UK",
		"driveIndex": "2",
		"playIndex": "1",
		"offenseId": "61",
		"offenseTeam": "Georgia",
		"offenseAbbr": "UGA",
		"defenseId": "96",
		"defenseTeam": "Kentucky",
		"defenseAbbr": "UK",
		"homeScore": 0,
		"awayScore": 3,
		"isScore": false,
		"quarter": 1,
		"clock": "9:40",
		"type": "Rush",
		"down": 1,
		"distance": 10,
		"yardLine": 25,
		"yardsGained": 2,
		"endYardLine": 27,
		"description": "D'Andre Swift run for 2 yds to the Geo 27"
	},
	{
		"gameId": "400933925",
		"year": 2017,
		"week": 12,
		"homeId": "61",
		"homeTeam": "Georgia",
		"homeAbbr": "UGA",
		"awayId": "96",
		"awayTeam": "Kentucky",
		"awayAbbr": "UK",
		"driveIndex": "2",
		"playIndex": "2",
		"offenseId": "61",
		"offenseTeam": "Georgia",
		"offenseAbbr": "UGA",
		"defenseId": "96",
		"defenseTeam": "Kentucky",
		"defenseAbbr": "UK",
		"homeScore": 0,
		"awayScore": 3,
		"isScore": false,
		"quarter": 1,
		"clock": "8:59",
		"type": "Penalty",
		"down": 2,
		"distance": 8,
		"yardLine": 27,
		"yardsGained": -5,
		"endYardLine": 22,
		"description": "Chubb, Nick rush for 7 yards to the GEORGIA34, PENALTY GEORGIA illegal formation 5 yards to the GEORGIA22, NO PLAY."
	},
	{
		"gameId": "400933925",
		"year": 2017,
		"week": 12,
		"homeId": "61",
		"homeTeam": "Georgia",
		"homeAbbr": "UGA",
		"awayId": "96",
		"awayTeam": "Kentucky",
		"awayAbbr": "UK",
		"driveIndex": "2",
		"playIndex": "3",
		"offenseId": "61",
		"offenseTeam": "Georgia",
		"offenseAbbr": "UGA",
		"defenseId": "96",
		"defenseTeam": "Kentucky",
		"defenseAbbr": "UK",
		"homeScore": 0,
		"awayScore": 3,
		"isScore": false,
		"quarter": 1,
		"clock": "8:26",
		"type": "Sack",
		"down": 2,
		"distance": 13,
		"yardLine": 22,
		"yardsGained": -3,
		"endYardLine": 19,
		"description": "Jake Fromm sacked by T.J. Carter for a loss of 3 yards to the Geo 19"
	},
	{
		"gameId": "400933925",
		"year": 2017,
		"week": 12,
		"homeId": "61",
		"homeTeam": "Georgia",
		"homeAbbr": "UGA",
		"awayId": "96",
		"awayTeam": "Kentucky",
		"awayAbbr": "UK",
		"driveIndex": "2",
		"playIndex": "4",
		"offenseId": "61",
		"offenseTeam": "Georgia",
		"offenseAbbr": "UGA",
		"defenseId": "96",
		"defenseTeam": "Kentucky",
		"defenseAbbr": "UK",
		"homeScore": 0,
		"awayScore": 3,
		"isScore": false,
		"quarter": 1,
		"clock": "8:03",
		"type": "Pass Incompletion",
		"down": 3,
		"distance": 16,
		"yardLine": 19,
		"yardsGained": 0,
		"endYardLine": 19,
		"description": "Jake Fromm pass incomplete to Mecole Hardman"
	},
	{
		"gameId": "400933925",
		"year": 2017,
		"week": 12,
		"homeId": "61",
		"homeTeam": "Georgia",
		"homeAbbr": "UGA",
		"awayId": "96",
		"awayTeam": "Kentucky",
		"awayAbbr": "UK",
		"driveIndex": "2",
		"playIndex": "5",
		"offenseId": "61",
		"offenseTeam": "Georgia",
		"offenseAbbr": "UGA",
		"defenseId": "96",
		"defenseTeam": "Kentucky",
		"defenseAbbr": "UK",
		"homeScore": 0,
		"awayScore": 3,
		"isScore": false,
		"quarter": 1,
		"clock": "7:55",
		"type": "Penalty",
		"down": 4,
		"distance": 16,
		"yardLine": 19,
		"yardsGained": 15,
		"endYardLine": 34,
		"description": "KENTUCKY Penalty, Roughing the Kicker (Lonnie Johnson) to the Geo 34 for a 1ST down"
	},
	{
		"gameId": "400933925",
		"year": 2017,
		"week": 12,
		"homeId": "61",
		"homeTeam": "Georgia",
		"homeAbbr": "UGA",
		"awayId": "96",
		"awayTeam": "Kentucky",
		"awayAbbr": "UK",
		"driveIndex": "2",
		"playIndex": "6",
		"offenseId": "61",
		"offenseTeam": "Georgia",
		"offenseAbbr": "UGA",
		"defenseId": "96",
		"defenseTeam": "Kentucky",
		"defenseAbbr": "UK",
		"homeScore": 0,
		"awayScore": 3,
		"isScore": false,
		"quarter": 1,
		"clock": "7:49",
		"type": "Rush",
		"down": 1,
		"distance": 10,
		"yardLine": 34,
		"yardsGained": 5,
		"endYardLine": 39,
		"description": "Nick Chubb run for 5 yds to the Geo 39"
	},
	{
		"gameId": "400933925",
		"year": 2017,
		"week": 12,
		"homeId": "61",
		"homeTeam": "Georgia",
		"homeAbbr": "UGA",
		"awayId": "96",
		"awayTeam": "Kentucky",
		"awayAbbr": "UK",
		"driveIndex": "2",
		"playIndex": "7",
		"offenseId": "61",
		"offenseTeam": "Georgia",
		"offenseAbbr": "UGA",
		"defenseId": "96",
		"defenseTeam": "Kentucky",
		"defenseAbbr": "UK",
		"homeScore": 0,
		"awayScore": 3,
		"isScore": false,
		"quarter": 1,
		"clock": "7:26",
		"type": "Rush",
		"down": 2,
		"distance": 5,
		"yardLine": 39,
		"yardsGained": 2,
		"endYardLine": 41,
		"description": "Nick Chubb run for 2 yds to the Geo 41"
	},
	{
		"gameId": "400933925",
		"year": 2017,
		"week": 12,
		"homeId": "61",
		"homeTeam": "Georgia",
		"homeAbbr": "UGA",
		"awayId": "96",
		"awayTeam": "Kentucky",
		"awayAbbr": "UK",
		"driveIndex": "2",
		"playIndex": "8",
		"offenseId": "61",
		"offenseTeam": "Georgia",
		"offenseAbbr": "UGA",
		"defenseId": "96",
		"defenseTeam": "Kentucky",
		"defenseAbbr": "UK",
		"homeScore": 0,
		"awayScore": 3,
		"isScore": false,
		"quarter": 1,
		"clock": "6:56",
		"type": "Rush",
		"down": 3,
		"distance": 3,
		"yardLine": 41,
		"yardsGained": 21,
		"endYardLine": 62,
		"description": "Jake Fromm run for 21 yds to the Kent 38 for a 1ST down"
	},
	{
		"gameId": "400933925",
		"year": 2017,
		"week": 12,
		"homeId": "61",
		"homeTeam": "Georgia",
		"homeAbbr": "UGA",
		"awayId": "96",
		"awayTeam": "Kentucky",
		"awayAbbr": "UK",
		"driveIndex": "2",
		"playIndex": "9",
		"offenseId": "61",
		"offenseTeam": "Georgia",
		"offenseAbbr": "UGA",
		"defenseId": "96",
		"defenseTeam": "Kentucky",
		"defenseAbbr": "UK",
		"homeScore": 0,
		"awayScore": 3,
		"isScore": false,
		"quarter": 1,
		"clock": "6:25",
		"type": "Penalty",
		"down": 1,
		"distance": 10,
		"yardLine": 62,
		"yardsGained": -5,
		"endYardLine": 57,
		"description": "GEORGIA Penalty, False Start (Kendall Baker) to the Kent 43"
	},
	{
		"gameId": "400933925",
		"year": 2017,
		"week": 12,
		"homeId": "61",
		"homeTeam": "Georgia",
		"homeAbbr": "UGA",
		"awayId": "96",
		"awayTeam": "Kentucky",
		"awayAbbr": "UK",
		"driveIndex": "2",
		"playIndex": "10",
		"offenseId": "61",
		"offenseTeam": "Georgia",
		"offenseAbbr": "UGA",
		"defenseId": "96",
		"defenseTeam": "Kentucky",
		"defenseAbbr": "UK",
		"homeScore": 0,
		"awayScore": 3,
		"isScore": false,
		"quarter": 1,
		"clock": "5:57",
		"type": "Rush",
		"down": 1,
		"distance": 15,
		"yardLine": 57,
		"yardsGained": 12,
		"endYardLine": 69,
		"description": "Sony Michel run for 12 yds to the Kent 31"
	},
	{
		"gameId": "400933925",
		"year": 2017,
		"week": 12,
		"homeId": "61",
		"homeTeam": "Georgia",
		"homeAbbr": "UGA",
		"awayId": "96",
		"awayTeam": "Kentucky",
		"awayAbbr": "UK",
		"driveIndex": "2",
		"playIndex": "11",
		"offenseId": "61",
		"offenseTeam": "Georgia",
		"offenseAbbr": "UGA",
		"defenseId": "96",
		"defenseTeam": "Kentucky",
		"defenseAbbr": "UK",
		"homeScore": 0,
		"awayScore": 3,
		"isScore": false,
		"quarter": 1,
		"clock": "5:37",
		"type": "Rush",
		"down": 2,
		"distance": 3,
		"yardLine": 69,
		"yardsGained": 7,
		"endYardLine": 76,
		"description": "Sony Michel run for 7 yds to the Kent 24 for a 1ST down"
	},
	{
		"gameId": "400933925",
		"year": 2017,
		"week": 12,
		"homeId": "61",
		"homeTeam": "Georgia",
		"homeAbbr": "UGA",
		"awayId": "96",
		"awayTeam": "Kentucky",
		"awayAbbr": "UK",
		"driveIndex": "2",
		"playIndex": "12",
		"offenseId": "61",
		"offenseTeam": "Georgia",
		"offenseAbbr": "UGA",
		"defenseId": "96",
		"defenseTeam": "Kentucky",
		"defenseAbbr": "UK",
		"homeScore": 0,
		"awayScore": 3,
		"isScore": false,
		"quarter": 1,
		"clock": "5:12",
		"type": "Rush",
		"down": 1,
		"distance": 10,
		"yardLine": 76,
		"yardsGained": 2,
		"endYardLine": 78,
		"description": "D'Andre Swift run for 2 yds to the Kent 22"
	},
	{
		"gameId": "400933925",
		"year": 2017,
		"week": 12,
		"homeId": "61",
		"homeTeam": "Georgia",
		"homeAbbr": "UGA",
		"awayId": "96",
		"awayTeam": "Kentucky",
		"awayAbbr": "UK",
		"driveIndex": "2",
		"playIndex": "13",
		"offenseId": "61",
		"offenseTeam": "Georgia",
		"offenseAbbr": "UGA",
		"defenseId": "96",
		"defenseTeam": "Kentucky",
		"defenseAbbr": "UK",
		"homeScore": 0,
		"awayScore": 3,
		"isScore": false,
		"quarter": 1,
		"clock": "4:36",
		"type": "Pass Reception",
		"down": 2,
		"distance": 8,
		"yardLine": 78,
		"yardsGained": 8,
		"endYardLine": 86,
		"description": "Jake Fromm pass complete to Javon Wims for 8 yds to the Kent 14 for a 1ST down"
	},
	{
		"gameId": "400933925",
		"year": 2017,
		"week": 12,
		"homeId": "61",
		"homeTeam": "Georgia",
		"homeAbbr": "UGA",
		"awayId": "96",
		"awayTeam": "Kentucky",
		"awayAbbr": "UK",
		"driveIndex": "2",
		"playIndex": "14",
		"offenseId": "61",
		"offenseTeam": "Georgia",
		"offenseAbbr": "UGA",
		"defenseId": "96",
		"defenseTeam": "Kentucky",
		"defenseAbbr": "UK",
		"homeScore": 0,
		"awayScore": 3,
		"isScore": false,
		"quarter": 1,
		"clock": "3:36",
		"type": "Rush",
		"down": 1,
		"distance": 10,
		"yardLine": 86,
		"yardsGained": 6,
		"endYardLine": 92,
		"description": "Nick Chubb run for 6 yds to the Kent 8"
	},
	{
		"gameId": "400933925",
		"year": 2017,
		"week": 12,
		"homeId": "61",
		"homeTeam": "Georgia",
		"homeAbbr": "UGA",
		"awayId": "96",
		"awayTeam": "Kentucky",
		"awayAbbr": "UK",
		"driveIndex": "2",
		"playIndex": "15",
		"offenseId": "61",
		"offenseTeam": "Georgia",
		"offenseAbbr": "UGA",
		"defenseId": "96",
		"defenseTeam": "Kentucky",
		"defenseAbbr": "UK",
		"homeScore": 7,
		"awayScore": 3,
		"isScore": true,
		"quarter": 1,
		"clock": "3:19",
		"type": "Rushing Touchdown",
		"down": 2,
		"distance": 4,
		"yardLine": 92,
		"yardsGained": 8,
		"endYardLine": 100,
		"description": "Nick Chubb 8 Yd Run (Rodrigo Blankenship Kick)"
	},
	{
		"gameId": "400933925",
		"year": 2017,
		"week": 12,
		"homeId": "61",
		"homeTeam": "Georgia",
		"homeAbbr": "UGA",
		"awayId": "96",
		"awayTeam": "Kentucky",
		"awayAbbr": "UK",
		"driveIndex": "3",
		"playIndex": "0",
		"offenseId": "61",
		"offenseTeam": "Georgia",
		"offenseAbbr": "UGA",
		"defenseId": "96",
		"defenseTeam": "Kentucky",
		"defenseAbbr": "UK",
		"homeScore": 7,
		"awayScore": 3,
		"isScore": false,
		"quarter": 1,
		"clock": "3:19",
		"type": "Kickoff",
		"down": 2,
		"distance": 4,
		"yardLine": 35,
		"yardsGained": 20,
		"endYardLine": 80,
		"description": "Rodrigo Blankenship kickoff for 65 yds , Lynn Bowden Jr. return for 20 yds to the Kent 20"
	},
	{
		"gameId": "400933925",
		"year": 2017,
		"week": 12,
		"homeId": "61",
		"homeTeam": "Georgia",
		"homeAbbr": "UGA",
		"awayId": "96",
		"awayTeam": "Kentucky",
		"awayAbbr": "UK",
		"driveIndex": "3",
		"playIndex": "1",
		"offenseId": "96",
		"offenseTeam": "Kentucky",
		"offenseAbbr": "UK",
		"defenseId": "61",
		"defenseTeam": "Georgia",
		"defenseAbbr": "UGA",
		"homeScore": 7,
		"awayScore": 3,
		"isScore": false,
		"quarter": 1,
		"clock": "2:41",
		"type": "Pass Reception",
		"down": 2,
		"distance": 6,
		"yardLine": 76,
		"yardsGained": 45,
		"endYardLine": 31,
		"description": "Stephen Johnson pass complete to Blake Bone for 45 yds to the Geo 31 for a 1ST down"
	},
	{
		"gameId": "400933925",
		"year": 2017,
		"week": 12,
		"homeId": "61",
		"homeTeam": "Georgia",
		"homeAbbr": "UGA",
		"awayId": "96",
		"awayTeam": "Kentucky",
		"awayAbbr": "UK",
		"driveIndex": "3",
		"playIndex": "2",
		"offenseId": "96",
		"offenseTeam": "Kentucky",
		"offenseAbbr": "UK",
		"defenseId": "61",
		"defenseTeam": "Georgia",
		"defenseAbbr": "UGA",
		"homeScore": 7,
		"awayScore": 3,
		"isScore": false,
		"quarter": 1,
		"clock": "2:09",
		"type": "Rush",
		"down": 1,
		"distance": 10,
		"yardLine": 31,
		"yardsGained": 11,
		"endYardLine": 20,
		"description": "Benny Snell Jr. run for 11 yds to the Geo 20 for a 1ST down"
	},
	{
		"gameId": "400933925",
		"year": 2017,
		"week": 12,
		"homeId": "61",
		"homeTeam": "Georgia",
		"homeAbbr": "UGA",
		"awayId": "96",
		"awayTeam": "Kentucky",
		"awayAbbr": "UK",
		"driveIndex": "3",
		"playIndex": "3",
		"offenseId": "96",
		"offenseTeam": "Kentucky",
		"offenseAbbr": "UK",
		"defenseId": "61",
		"defenseTeam": "Georgia",
		"defenseAbbr": "UGA",
		"homeScore": 7,
		"awayScore": 3,
		"isScore": false,
		"quarter": 1,
		"clock": "1:36",
		"type": "Rush",
		"down": 1,
		"distance": 10,
		"yardLine": 20,
		"yardsGained": 0,
		"endYardLine": 20,
		"description": "Benny Snell Jr. run for no gain to the Geo 20"
	},
	{
		"gameId": "400933925",
		"year": 2017,
		"week": 12,
		"homeId": "61",
		"homeTeam": "Georgia",
		"homeAbbr": "UGA",
		"awayId": "96",
		"awayTeam": "Kentucky",
		"awayAbbr": "UK",
		"driveIndex": "3",
		"playIndex": "4",
		"offenseId": "96",
		"offenseTeam": "Kentucky",
		"offenseAbbr": "UK",
		"defenseId": "61",
		"defenseTeam": "Georgia",
		"defenseAbbr": "UGA",
		"homeScore": 7,
		"awayScore": 3,
		"isScore": false,
		"quarter": 1,
		"clock": "0:59",
		"type": "Pass Incompletion",
		"down": 2,
		"distance": 10,
		"yardLine": 20,
		"yardsGained": 0,
		"endYardLine": 20,
		"description": "Stephen Johnson pass incomplete to Justin Rigg"
	},
	{
		"gameId": "400933925",
		"year": 2017,
		"week": 12,
		"homeId": "61",
		"homeTeam": "Georgia",
		"homeAbbr": "UGA",
		"awayId": "96",
		"awayTeam": "Kentucky",
		"awayAbbr": "UK",
		"driveIndex": "3",
		"playIndex": "5",
		"offenseId": "96",
		"offenseTeam": "Kentucky",
		"offenseAbbr": "UK",
		"defenseId": "61",
		"defenseTeam": "Georgia",
		"defenseAbbr": "UGA",
		"homeScore": 7,
		"awayScore": 3,
		"isScore": false,
		"quarter": 1,
		"clock": "0:52",
		"type": "Pass Reception",
		"down": 3,
		"distance": 10,
		"yardLine": 20,
		"yardsGained": 3,
		"endYardLine": 17,
		"description": "Stephen Johnson pass complete to Lynn Bowden Jr. for 3 yds to the Geo 17"
	},
	{
		"gameId": "400933925",
		"year": 2017,
		"week": 12,
		"homeId": "61",
		"homeTeam": "Georgia",
		"homeAbbr": "UGA",
		"awayId": "96",
		"awayTeam": "Kentucky",
		"awayAbbr": "UK",
		"driveIndex": "3",
		"playIndex": "6",
		"offenseId": "96",
		"offenseTeam": "Kentucky",
		"offenseAbbr": "UK",
		"defenseId": "61",
		"defenseTeam": "Georgia",
		"defenseAbbr": "UGA",
		"homeScore": 7,
		"awayScore": 6,
		"isScore": true,
		"quarter": 1,
		"clock": "0:11",
		"type": "Field Goal Good",
		"down": 4,
		"distance": 7,
		"yardLine": 17,
		"yardsGained": 35,
		"endYardLine": 17,
		"description": "Austin MacGinnis 35 Yd Field Goal "
	},
	{
		"gameId": "400933925",
		"year": 2017,
		"week": 12,
		"homeId": "61",
		"homeTeam": "Georgia",
		"homeAbbr": "UGA",
		"awayId": "96",
		"awayTeam": "Kentucky",
		"awayAbbr": "UK",
		"driveIndex": "4",
		"playIndex": "0",
		"offenseId": "96",
		"offenseTeam": "Kentucky",
		"offenseAbbr": "UK",
		"defenseId": "61",
		"defenseTeam": "Georgia",
		"defenseAbbr": "UGA",
		"homeScore": 7,
		"awayScore": 6,
		"isScore": false,
		"quarter": 1,
		"clock": "0:11",
		"type": "Kickoff",
		"down": 4,
		"distance": 7,
		"yardLine": 65,
		"yardsGained": 0,
		"endYardLine": 25,
		"description": "Austin MacGinnis kickoff for 65 yds for a touchback"
	},
	{
		"gameId": "400933925",
		"year": 2017,
		"week": 12,
		"homeId": "61",
		"homeTeam": "Georgia",
		"homeAbbr": "UGA",
		"awayId": "96",
		"awayTeam": "Kentucky",
		"awayAbbr": "UK",
		"driveIndex": "4",
		"playIndex": "1",
		"offenseId": "61",
		"offenseTeam": "Georgia",
		"offenseAbbr": "UGA",
		"defenseId": "96",
		"defenseTeam": "Kentucky",
		"defenseAbbr": "UK",
		"homeScore": 7,
		"awayScore": 6,
		"isScore": false,
		"quarter": 1,
		"clock": "0:00",
		"type": "Rush",
		"down": 1,
		"distance": 10,
		"yardLine": 25,
		"yardsGained": 0,
		"endYardLine": 25,
		"description": "Nick Chubb run for no gain to the Geo 25"
	},
	{
		"gameId": "400933925",
		"year": 2017,
		"week": 12,
		"homeId": "61",
		"homeTeam": "Georgia",
		"homeAbbr": "UGA",
		"awayId": "96",
		"awayTeam": "Kentucky",
		"awayAbbr": "UK",
		"driveIndex": "4",
		"playIndex": "2",
		"offenseId": "61",
		"offenseTeam": "Georgia",
		"offenseAbbr": "UGA",
		"defenseId": "96",
		"defenseTeam": "Kentucky",
		"defenseAbbr": "UK",
		"homeScore": 7,
		"awayScore": 6,
		"isScore": false,
		"quarter": 1,
		"clock": "0:00",
		"type": "End Period",
		"down": 0,
		"distance": 10,
		"yardLine": 0,
		"yardsGained": 0,
		"endYardLine": 25,
		"description": "End of 1st Quarter"
	},
	{
		"gameId": "400933925",
		"year": 2017,
		"week": 12,
		"homeId": "61",
		"homeTeam": "Georgia",
		"homeAbbr": "UGA",
		"awayId": "96",
		"awayTeam": "Kentucky",
		"awayAbbr": "UK",
		"driveIndex": "4",
		"playIndex": "3",
		"offenseId": "61",
		"offenseTeam": "Georgia",
		"offenseAbbr": "UGA",
		"defenseId": "96",
		"defenseTeam": "Kentucky",
		"defenseAbbr": "UK",
		"homeScore": 7,
		"awayScore": 6,
		"isScore": false,
		"quarter": 2,
		"clock": "15:00",
		"type": "Pass Reception",
		"down": 2,
		"distance": 10,
		"yardLine": 25,
		"yardsGained": 8,
		"endYardLine": 33,
		"description": "Jake Fromm pass complete to Javon Wims for 8 yds to the Geo 33"
	},
	{
		"gameId": "400933925",
		"year": 2017,
		"week": 12,
		"homeId": "61",
		"homeTeam": "Georgia",
		"homeAbbr": "UGA",
		"awayId": "96",
		"awayTeam": "Kentucky",
		"awayAbbr": "UK",
		"driveIndex": "4",
		"playIndex": "4",
		"offenseId": "61",
		"offenseTeam": "Georgia",
		"offenseAbbr": "UGA",
		"defenseId": "96",
		"defenseTeam": "Kentucky",
		"defenseAbbr": "UK",
		"homeScore": 7,
		"awayScore": 6,
		"isScore": false,
		"quarter": 2,
		"clock": "14:34",
		"type": "Rush",
		"down": 3,
		"distance": 2,
		"yardLine": 33,
		"yardsGained": 1,
		"endYardLine": 34,
		"description": "Sony Michel run for 1 yd to the Geo 34"
	},
	{
		"gameId": "400933925",
		"year": 2017,
		"week": 12,
		"homeId": "61",
		"homeTeam": "Georgia",
		"homeAbbr": "UGA",
		"awayId": "96",
		"awayTeam": "Kentucky",
		"awayAbbr": "UK",
		"driveIndex": "4",
		"playIndex": "5",
		"offenseId": "61",
		"offenseTeam": "Georgia",
		"offenseAbbr": "UGA",
		"defenseId": "96",
		"defenseTeam": "Kentucky",
		"defenseAbbr": "UK",
		"homeScore": 7,
		"awayScore": 6,
		"isScore": false,
		"quarter": 2,
		"clock": "13:49",
		"type": "Punt",
		"down": 4,
		"distance": 1,
		"yardLine": 34,
		"yardsGained": 0,
		"endYardLine": 85,
		"description": "Cameron Nizialek punt for 51 yds, fair catch by Charles Walker at the Kent 15"
	},
	{
		"gameId": "400933925",
		"year": 2017,
		"week": 12,
		"homeId": "61",
		"homeTeam": "Georgia",
		"homeAbbr": "UGA",
		"awayId": "96",
		"awayTeam": "Kentucky",
		"awayAbbr": "UK",
		"driveIndex": "5",
		"playIndex": "0",
		"offenseId": "96",
		"offenseTeam": "Kentucky",
		"offenseAbbr": "UK",
		"defenseId": "61",
		"defenseTeam": "Georgia",
		"defenseAbbr": "UGA",
		"homeScore": 7,
		"awayScore": 6,
		"isScore": false,
		"quarter": 2,
		"clock": "13:49",
		"type": "Pass Reception",
		"down": 1,
		"distance": 10,
		"yardLine": 85,
		"yardsGained": 6,
		"endYardLine": 79,
		"description": "Stephen Johnson pass complete to Tavin Richardson for 6 yds to the Kent 21"
	},
	{
		"gameId": "400933925",
		"year": 2017,
		"week": 12,
		"homeId": "61",
		"homeTeam": "Georgia",
		"homeAbbr": "UGA",
		"awayId": "96",
		"awayTeam": "Kentucky",
		"awayAbbr": "UK",
		"driveIndex": "5",
		"playIndex": "1",
		"offenseId": "96",
		"offenseTeam": "Kentucky",
		"offenseAbbr": "UK",
		"defenseId": "61",
		"defenseTeam": "Georgia",
		"defenseAbbr": "UGA",
		"homeScore": 7,
		"awayScore": 6,
		"isScore": false,
		"quarter": 2,
		"clock": "13:27",
		"type": "Rush",
		"down": 2,
		"distance": 4,
		"yardLine": 79,
		"yardsGained": 5,
		"endYardLine": 74,
		"description": "Sihiem King run for 5 yds to the Kent 26 for a 1ST down"
	},
	{
		"gameId": "400933925",
		"year": 2017,
		"week": 12,
		"homeId": "61",
		"homeTeam": "Georgia",
		"homeAbbr": "UGA",
		"awayId": "96",
		"awayTeam": "Kentucky",
		"awayAbbr": "UK",
		"driveIndex": "5",
		"playIndex": "2",
		"offenseId": "96",
		"offenseTeam": "Kentucky",
		"offenseAbbr": "UK",
		"defenseId": "61",
		"defenseTeam": "Georgia",
		"defenseAbbr": "UGA",
		"homeScore": 7,
		"awayScore": 6,
		"isScore": false,
		"quarter": 2,
		"clock": "12:47",
		"type": "Rush",
		"down": 1,
		"distance": 10,
		"yardLine": 74,
		"yardsGained": 3,
		"endYardLine": 71,
		"description": "Sihiem King run for 3 yds to the Kent 29"
	},
	{
		"gameId": "400933925",
		"year": 2017,
		"week": 12,
		"homeId": "61",
		"homeTeam": "Georgia",
		"homeAbbr": "UGA",
		"awayId": "96",
		"awayTeam": "Kentucky",
		"awayAbbr": "UK",
		"driveIndex": "5",
		"playIndex": "3",
		"offenseId": "96",
		"offenseTeam": "Kentucky",
		"offenseAbbr": "UK",
		"defenseId": "61",
		"defenseTeam": "Georgia",
		"defenseAbbr": "UGA",
		"homeScore": 7,
		"awayScore": 6,
		"isScore": false,
		"quarter": 2,
		"clock": "11:56",
		"type": "Rush",
		"down": 2,
		"distance": 7,
		"yardLine": 71,
		"yardsGained": 10,
		"endYardLine": 61,
		"description": "Sihiem King run for 10 yds to the Kent 39 for a 1ST down"
	},
	{
		"gameId": "400933925",
		"year": 2017,
		"week": 12,
		"homeId": "61",
		"homeTeam": "Georgia",
		"homeAbbr": "UGA",
		"awayId": "96",
		"awayTeam": "Kentucky",
		"awayAbbr": "UK",
		"driveIndex": "5",
		"playIndex": "4",
		"offenseId": "96",
		"offenseTeam": "Kentucky",
		"offenseAbbr": "UK",
		"defenseId": "61",
		"defenseTeam": "Georgia",
		"defenseAbbr": "UGA",
		"homeScore": 7,
		"awayScore": 6,
		"isScore": false,
		"quarter": 2,
		"clock": "11:21",
		"type": "Rush",
		"down": 1,
		"distance": 10,
		"yardLine": 61,
		"yardsGained": 1,
		"endYardLine": 60,
		"description": "Sihiem King run for 1 yd to the Kent 40"
	},
	{
		"gameId": "400933925",
		"year": 2017,
		"week": 12,
		"homeId": "61",
		"homeTeam": "Georgia",
		"homeAbbr": "UGA",
		"awayId": "96",
		"awayTeam": "Kentucky",
		"awayAbbr": "UK",
		"driveIndex": "5",
		"playIndex": "5",
		"offenseId": "96",
		"offenseTeam": "Kentucky",
		"offenseAbbr": "UK",
		"defenseId": "61",
		"defenseTeam": "Georgia",
		"defenseAbbr": "UGA",
		"homeScore": 7,
		"awayScore": 6,
		"isScore": false,
		"quarter": 2,
		"clock": "10:46",
		"type": "Timeout",
		"down": 2,
		"distance": 9,
		"yardLine": 60,
		"yardsGained": 0,
		"endYardLine": 60,
		"description": "Timeout KENTUCKY, clock 10:46"
	},
	{
		"gameId": "400933925",
		"year": 2017,
		"week": 12,
		"homeId": "61",
		"homeTeam": "Georgia",
		"homeAbbr": "UGA",
		"awayId": "96",
		"awayTeam": "Kentucky",
		"awayAbbr": "UK",
		"driveIndex": "5",
		"playIndex": "6",
		"offenseId": "96",
		"offenseTeam": "Kentucky",
		"offenseAbbr": "UK",
		"defenseId": "61",
		"defenseTeam": "Georgia",
		"defenseAbbr": "UGA",
		"homeScore": 7,
		"awayScore": 6,
		"isScore": false,
		"quarter": 2,
		"clock": "10:39",
		"type": "Pass Reception",
		"down": 2,
		"distance": 9,
		"yardLine": 60,
		"yardsGained": 7,
		"endYardLine": 53,
		"description": "Stephen Johnson pass complete to Garrett Johnson for 7 yds to the Kent 47"
	},
	{
		"gameId": "400933925",
		"year": 2017,
		"week": 12,
		"homeId": "61",
		"homeTeam": "Georgia",
		"homeAbbr": "UGA",
		"awayId": "96",
		"awayTeam": "Kentucky",
		"awayAbbr": "UK",
		"driveIndex": "5",
		"playIndex": "7",
		"offenseId": "96",
		"offenseTeam": "Kentucky",
		"offenseAbbr": "UK",
		"defenseId": "61",
		"defenseTeam": "Georgia",
		"defenseAbbr": "UGA",
		"homeScore": 7,
		"awayScore": 6,
		"isScore": false,
		"quarter": 2,
		"clock": "10:09",
		"type": "Timeout",
		"down": 3,
		"distance": 2,
		"yardLine": 53,
		"yardsGained": 0,
		"endYardLine": 53,
		"description": "Timeout GEORGIA, clock 10:09"
	},
	{
		"gameId": "400933925",
		"year": 2017,
		"week": 12,
		"homeId": "61",
		"homeTeam": "Georgia",
		"homeAbbr": "UGA",
		"awayId": "96",
		"awayTeam": "Kentucky",
		"awayAbbr": "UK",
		"driveIndex": "5",
		"playIndex": "8",
		"offenseId": "96",
		"offenseTeam": "Kentucky",
		"offenseAbbr": "UK",
		"defenseId": "61",
		"defenseTeam": "Georgia",
		"defenseAbbr": "UGA",
		"homeScore": 7,
		"awayScore": 6,
		"isScore": false,
		"quarter": 2,
		"clock": "9:49",
		"type": "Rush",
		"down": 3,
		"distance": 2,
		"yardLine": 53,
		"yardsGained": 1,
		"endYardLine": 52,
		"description": "Benny Snell Jr. run for 1 yd to the Kent 48"
	},
	{
		"gameId": "400933925",
		"year": 2017,
		"week": 12,
		"homeId": "61",
		"homeTeam": "Georgia",
		"homeAbbr": "UGA",
		"awayId": "96",
		"awayTeam": "Kentucky",
		"awayAbbr": "UK",
		"driveIndex": "5",
		"playIndex": "9",
		"offenseId": "96",
		"offenseTeam": "Kentucky",
		"offenseAbbr": "UK",
		"defenseId": "61",
		"defenseTeam": "Georgia",
		"defenseAbbr": "UGA",
		"homeScore": 7,
		"awayScore": 6,
		"isScore": false,
		"quarter": 2,
		"clock": "9:26",
		"type": "Rush",
		"down": 4,
		"distance": 1,
		"yardLine": 52,
		"yardsGained": 4,
		"endYardLine": 48,
		"description": "Stephen Johnson run for 4 yds to the Geo 48 for a 1ST down"
	},
	{
		"gameId": "400933925",
		"year": 2017,
		"week": 12,
		"homeId": "61",
		"homeTeam": "Georgia",
		"homeAbbr": "UGA",
		"awayId": "96",
		"awayTeam": "Kentucky",
		"awayAbbr": "UK",
		"driveIndex": "5",
		"playIndex": "10",
		"offenseId": "96",
		"offenseTeam": "Kentucky",
		"offenseAbbr": "UK",
		"defenseId": "61",
		"defenseTeam": "Georgia",
		"defenseAbbr": "UGA",
		"homeScore": 7,
		"awayScore": 6,
		"isScore": false,
		"quarter": 2,
		"clock": "9:06",
		"type": "Rush",
		"down": 1,
		"distance": 10,
		"yardLine": 48,
		"yardsGained": 5,
		"endYardLine": 43,
		"description": "Benny Snell Jr. run for 5 yds to the Geo 43"
	},
	{
		"gameId": "400933925",
		"year": 2017,
		"week": 12,
		"homeId": "61",
		"homeTeam": "Georgia",
		"homeAbbr": "UGA",
		"awayId": "96",
		"awayTeam": "Kentucky",
		"awayAbbr": "UK",
		"driveIndex": "5",
		"playIndex": "11",
		"offenseId": "96",
		"offenseTeam": "Kentucky",
		"offenseAbbr": "UK",
		"defenseId": "61",
		"defenseTeam": "Georgia",
		"defenseAbbr": "UGA",
		"homeScore": 7,
		"awayScore": 6,
		"isScore": false,
		"quarter": 2,
		"clock": "8:24",
		"type": "Rush",
		"down": 2,
		"distance": 5,
		"yardLine": 43,
		"yardsGained": 0,
		"endYardLine": 43,
		"description": "Benny Snell Jr. run for no gain to the Geo 43"
	},
	{
		"gameId": "400933925",
		"year": 2017,
		"week": 12,
		"homeId": "61",
		"homeTeam": "Georgia",
		"homeAbbr": "UGA",
		"awayId": "96",
		"awayTeam": "Kentucky",
		"awayAbbr": "UK",
		"driveIndex": "5",
		"playIndex": "12",
		"offenseId": "96",
		"offenseTeam": "Kentucky",
		"offenseAbbr": "UK",
		"defenseId": "61",
		"defenseTeam": "Georgia",
		"defenseAbbr": "UGA",
		"homeScore": 7,
		"awayScore": 6,
		"isScore": false,
		"quarter": 2,
		"clock": "7:59",
		"type": "Pass Incompletion",
		"down": 3,
		"distance": 5,
		"yardLine": 43,
		"yardsGained": 0,
		"endYardLine": 43,
		"description": "Stephen Johnson pass incomplete to Charles Walker"
	},
	{
		"gameId": "400933925",
		"year": 2017,
		"week": 12,
		"homeId": "61",
		"homeTeam": "Georgia",
		"homeAbbr": "UGA",
		"awayId": "96",
		"awayTeam": "Kentucky",
		"awayAbbr": "UK",
		"driveIndex": "5",
		"playIndex": "13",
		"offenseId": "96",
		"offenseTeam": "Kentucky",
		"offenseAbbr": "UK",
		"defenseId": "61",
		"defenseTeam": "Georgia",
		"defenseAbbr": "UGA",
		"homeScore": 7,
		"awayScore": 6,
		"isScore": false,
		"quarter": 2,
		"clock": "7:38",
		"type": "Punt",
		"down": 4,
		"distance": 5,
		"yardLine": 43,
		"yardsGained": 0,
		"endYardLine": 20,
		"description": "Matt Panton punt for 43 yds for a touchback"
	},
	{
		"gameId": "400933925",
		"year": 2017,
		"week": 12,
		"homeId": "61",
		"homeTeam": "Georgia",
		"homeAbbr": "UGA",
		"awayId": "96",
		"awayTeam": "Kentucky",
		"awayAbbr": "UK",
		"driveIndex": "6",
		"playIndex": "0",
		"offenseId": "61",
		"offenseTeam": "Georgia",
		"offenseAbbr": "UGA",
		"defenseId": "96",
		"defenseTeam": "Kentucky",
		"defenseAbbr": "UK",
		"homeScore": 7,
		"awayScore": 6,
		"isScore": false,
		"quarter": 2,
		"clock": "7:38",
		"type": "Rush",
		"down": 1,
		"distance": 10,
		"yardLine": 20,
		"yardsGained": 2,
		"endYardLine": 22,
		"description": "Sony Michel run for 2 yds to the Geo 22"
	},
	{
		"gameId": "400933925",
		"year": 2017,
		"week": 12,
		"homeId": "61",
		"homeTeam": "Georgia",
		"homeAbbr": "UGA",
		"awayId": "96",
		"awayTeam": "Kentucky",
		"awayAbbr": "UK",
		"driveIndex": "6",
		"playIndex": "1",
		"offenseId": "61",
		"offenseTeam": "Georgia",
		"offenseAbbr": "UGA",
		"defenseId": "96",
		"defenseTeam": "Kentucky",
		"defenseAbbr": "UK",
		"homeScore": 7,
		"awayScore": 6,
		"isScore": false,
		"quarter": 2,
		"clock": "6:59",
		"type": "Pass Reception",
		"down": 2,
		"distance": 8,
		"yardLine": 22,
		"yardsGained": 20,
		"endYardLine": 42,
		"description": "Jake Fromm pass complete to Javon Wims for 20 yds to the Geo 42 for a 1ST down"
	},
	{
		"gameId": "400933925",
		"year": 2017,
		"week": 12,
		"homeId": "61",
		"homeTeam": "Georgia",
		"homeAbbr": "UGA",
		"awayId": "96",
		"awayTeam": "Kentucky",
		"awayAbbr": "UK",
		"driveIndex": "6",
		"playIndex": "2",
		"offenseId": "61",
		"offenseTeam": "Georgia",
		"offenseAbbr": "UGA",
		"defenseId": "96",
		"defenseTeam": "Kentucky",
		"defenseAbbr": "UK",
		"homeScore": 7,
		"awayScore": 6,
		"isScore": false,
		"quarter": 2,
		"clock": "6:24",
		"type": "Rush",
		"down": 1,
		"distance": 10,
		"yardLine": 42,
		"yardsGained": 6,
		"endYardLine": 48,
		"description": "Sony Michel run for 6 yds to the Geo 48"
	},
	{
		"gameId": "400933925",
		"year": 2017,
		"week": 12,
		"homeId": "61",
		"homeTeam": "Georgia",
		"homeAbbr": "UGA",
		"awayId": "96",
		"awayTeam": "Kentucky",
		"awayAbbr": "UK",
		"driveIndex": "6",
		"playIndex": "3",
		"offenseId": "61",
		"offenseTeam": "Georgia",
		"offenseAbbr": "UGA",
		"defenseId": "96",
		"defenseTeam": "Kentucky",
		"defenseAbbr": "UK",
		"homeScore": 7,
		"awayScore": 6,
		"isScore": false,
		"quarter": 2,
		"clock": "6:17",
		"type": "Rush",
		"down": 2,
		"distance": 4,
		"yardLine": 48,
		"yardsGained": 9,
		"endYardLine": 57,
		"description": "Nick Chubb run for 9 yds to the Kent 43 for a 1ST down"
	},
	{
		"gameId": "400933925",
		"year": 2017,
		"week": 12,
		"homeId": "61",
		"homeTeam": "Georgia",
		"homeAbbr": "UGA",
		"awayId": "96",
		"awayTeam": "Kentucky",
		"awayAbbr": "UK",
		"driveIndex": "6",
		"playIndex": "4",
		"offenseId": "61",
		"offenseTeam": "Georgia",
		"offenseAbbr": "UGA",
		"defenseId": "96",
		"defenseTeam": "Kentucky",
		"defenseAbbr": "UK",
		"homeScore": 7,
		"awayScore": 6,
		"isScore": false,
		"quarter": 2,
		"clock": "5:41",
		"type": "Pass Reception",
		"down": 1,
		"distance": 10,
		"yardLine": 57,
		"yardsGained": 16,
		"endYardLine": 73,
		"description": "Jake Fromm pass complete to Terry Godwin for 16 yds to the Kent 27 for a 1ST down"
	},
	{
		"gameId": "400933925",
		"year": 2017,
		"week": 12,
		"homeId": "61",
		"homeTeam": "Georgia",
		"homeAbbr": "UGA",
		"awayId": "96",
		"awayTeam": "Kentucky",
		"awayAbbr": "UK",
		"driveIndex": "6",
		"playIndex": "5",
		"offenseId": "61",
		"offenseTeam": "Georgia",
		"offenseAbbr": "UGA",
		"defenseId": "96",
		"defenseTeam": "Kentucky",
		"defenseAbbr": "UK",
		"homeScore": 14,
		"awayScore": 6,
		"isScore": true,
		"quarter": 2,
		"clock": "4:56",
		"type": "Passing Touchdown",
		"down": 1,
		"distance": 10,
		"yardLine": 73,
		"yardsGained": 27,
		"endYardLine": 100,
		"description": "Javon Wims 27 Yd pass from Jake Fromm (Rodrigo Blankenship Kick)"
	},
	{
		"gameId": "400933925",
		"year": 2017,
		"week": 12,
		"homeId": "61",
		"homeTeam": "Georgia",
		"homeAbbr": "UGA",
		"awayId": "96",
		"awayTeam": "Kentucky",
		"awayAbbr": "UK",
		"driveIndex": "7",
		"playIndex": "0",
		"offenseId": "61",
		"offenseTeam": "Georgia",
		"offenseAbbr": "UGA",
		"defenseId": "96",
		"defenseTeam": "Kentucky",
		"defenseAbbr": "UK",
		"homeScore": 14,
		"awayScore": 6,
		"isScore": false,
		"quarter": 2,
		"clock": "4:56",
		"type": "Kickoff",
		"down": 1,
		"distance": 10,
		"yardLine": 35,
		"yardsGained": 29,
		"endYardLine": 69,
		"description": "David Marvin kickoff for 63 yds , Lynn Bowden Jr. return for 29 yds to the Kent 31"
	},
	{
		"gameId": "400933925",
		"year": 2017,
		"week": 12,
		"homeId": "61",
		"homeTeam": "Georgia",
		"homeAbbr": "UGA",
		"awayId": "96",
		"awayTeam": "Kentucky",
		"awayAbbr": "UK",
		"driveIndex": "7",
		"playIndex": "1",
		"offenseId": "96",
		"offenseTeam": "Kentucky",
		"offenseAbbr": "UK",
		"defenseId": "61",
		"defenseTeam": "Georgia",
		"defenseAbbr": "UGA",
		"homeScore": 14,
		"awayScore": 6,
		"isScore": false,
		"quarter": 2,
		"clock": "4:44",
		"type": "Pass Incompletion",
		"down": 1,
		"distance": 10,
		"yardLine": 69,
		"yardsGained": 0,
		"endYardLine": 69,
		"description": "Stephen Johnson pass incomplete to Charles Walker"
	},
	{
		"gameId": "400933925",
		"year": 2017,
		"week": 12,
		"homeId": "61",
		"homeTeam": "Georgia",
		"homeAbbr": "UGA",
		"awayId": "96",
		"awayTeam": "Kentucky",
		"awayAbbr": "UK",
		"driveIndex": "7",
		"playIndex": "2",
		"offenseId": "96",
		"offenseTeam": "Kentucky",
		"offenseAbbr": "UK",
		"defenseId": "61",
		"defenseTeam": "Georgia",
		"defenseAbbr": "UGA",
		"homeScore": 14,
		"awayScore": 6,
		"isScore": false,
		"quarter": 2,
		"clock": "4:39",
		"type": "Pass Reception",
		"down": 2,
		"distance": 10,
		"yardLine": 69,
		"yardsGained": 0,
		"endYardLine": 69,
		"description": "Stephen Johnson pass complete to Lynn Bowden Jr. for no gain to the Kent 31"
	},
	{
		"gameId": "400933925",
		"year": 2017,
		"week": 12,
		"homeId": "61",
		"homeTeam": "Georgia",
		"homeAbbr": "UGA",
		"awayId": "96",
		"awayTeam": "Kentucky",
		"awayAbbr": "UK",
		"driveIndex": "7",
		"playIndex": "3",
		"offenseId": "96",
		"offenseTeam": "Kentucky",
		"offenseAbbr": "UK",
		"defenseId": "61",
		"defenseTeam": "Georgia",
		"defenseAbbr": "UGA",
		"homeScore": 14,
		"awayScore": 6,
		"isScore": false,
		"quarter": 2,
		"clock": "4:04",
		"type": "Sack",
		"down": 3,
		"distance": 10,
		"yardLine": 69,
		"yardsGained": -6,
		"endYardLine": 75,
		"description": "Stephen Johnson sacked by Roquan Smith for a loss of 6 yards to the Kent 25"
	},
	{
		"gameId": "400933925",
		"year": 2017,
		"week": 12,
		"homeId": "61",
		"homeTeam": "Georgia",
		"homeAbbr": "UGA",
		"awayId": "96",
		"awayTeam": "Kentucky",
		"awayAbbr": "UK",
		"driveIndex": "7",
		"playIndex": "4",
		"offenseId": "96",
		"offenseTeam": "Kentucky",
		"offenseAbbr": "UK",
		"defenseId": "61",
		"defenseTeam": "Georgia",
		"defenseAbbr": "UGA",
		"homeScore": 14,
		"awayScore": 6,
		"isScore": false,
		"quarter": 2,
		"clock": "3:18",
		"type": "Punt",
		"down": 4,
		"distance": 16,
		"yardLine": 75,
		"yardsGained": 20,
		"endYardLine": 49,
		"description": "Matt Panton punt for 46 yds , Mecole Hardman returns for 20 yds to the Geo 49"
	},
	{
		"gameId": "400933925",
		"year": 2017,
		"week": 12,
		"homeId": "61",
		"homeTeam": "Georgia",
		"homeAbbr": "UGA",
		"awayId": "96",
		"awayTeam": "Kentucky",
		"awayAbbr": "UK",
		"driveIndex": "8",
		"playIndex": "0",
		"offenseId": "61",
		"offenseTeam": "Georgia",
		"offenseAbbr": "UGA",
		"defenseId": "96",
		"defenseTeam": "Kentucky",
		"defenseAbbr": "UK",
		"homeScore": 14,
		"awayScore": 6,
		"isScore": false,
		"quarter": 2,
		"clock": "3:18",
		"type": "Pass Reception",
		"down": 1,
		"distance": 10,
		"yardLine": 49,
		"yardsGained": 11,
		"endYardLine": 60,
		"description": "Jake Fromm pass complete to Javon Wims for 11 yds to the Kent 40 for a 1ST down"
	},
	{
		"gameId": "400933925",
		"year": 2017,
		"week": 12,
		"homeId": "61",
		"homeTeam": "Georgia",
		"homeAbbr": "UGA",
		"awayId": "96",
		"awayTeam": "Kentucky",
		"awayAbbr": "UK",
		"driveIndex": "8",
		"playIndex": "1",
		"offenseId": "61",
		"offenseTeam": "Georgia",
		"offenseAbbr": "UGA",
		"defenseId": "96",
		"defenseTeam": "Kentucky",
		"defenseAbbr": "UK",
		"homeScore": 14,
		"awayScore": 6,
		"isScore": false,
		"quarter": 2,
		"clock": "2:39",
		"type": "Pass Incompletion",
		"down": 1,
		"distance": 10,
		"yardLine": 60,
		"yardsGained": 0,
		"endYardLine": 60,
		"description": "Jake Fromm pass incomplete to Javon Wims"
	},
	{
		"gameId": "400933925",
		"year": 2017,
		"week": 12,
		"homeId": "61",
		"homeTeam": "Georgia",
		"homeAbbr": "UGA",
		"awayId": "96",
		"awayTeam": "Kentucky",
		"awayAbbr": "UK",
		"driveIndex": "8",
		"playIndex": "2",
		"offenseId": "61",
		"offenseTeam": "Georgia",
		"offenseAbbr": "UGA",
		"defenseId": "96",
		"defenseTeam": "Kentucky",
		"defenseAbbr": "UK",
		"homeScore": 14,
		"awayScore": 6,
		"isScore": false,
		"quarter": 2,
		"clock": "2:34",
		"type": "Rush",
		"down": 2,
		"distance": 10,
		"yardLine": 60,
		"yardsGained": 3,
		"endYardLine": 63,
		"description": "D'Andre Swift run for 3 yds to the Kent 37"
	},
	{
		"gameId": "400933925",
		"year": 2017,
		"week": 12,
		"homeId": "61",
		"homeTeam": "Georgia",
		"homeAbbr": "UGA",
		"awayId": "96",
		"awayTeam": "Kentucky",
		"awayAbbr": "UK",
		"driveIndex": "8",
		"playIndex": "3",
		"offenseId": "61",
		"offenseTeam": "Georgia",
		"offenseAbbr": "UGA",
		"defenseId": "96",
		"defenseTeam": "Kentucky",
		"defenseAbbr": "UK",
		"homeScore": 14,
		"awayScore": 6,
		"isScore": false,
		"quarter": 2,
		"clock": "2:00",
		"type": "Timeout",
		"down": 3,
		"distance": 7,
		"yardLine": 63,
		"yardsGained": 0,
		"endYardLine": 63,
		"description": "Timeout KENTUCKY, clock 02:00"
	},
	{
		"gameId": "400933925",
		"year": 2017,
		"week": 12,
		"homeId": "61",
		"homeTeam": "Georgia",
		"homeAbbr": "UGA",
		"awayId": "96",
		"awayTeam": "Kentucky",
		"awayAbbr": "UK",
		"driveIndex": "8",
		"playIndex": "4",
		"offenseId": "61",
		"offenseTeam": "Georgia",
		"offenseAbbr": "UGA",
		"defenseId": "96",
		"defenseTeam": "Kentucky",
		"defenseAbbr": "UK",
		"homeScore": 21,
		"awayScore": 6,
		"isScore": true,
		"quarter": 2,
		"clock": "1:51",
		"type": "Rushing Touchdown",
		"down": 3,
		"distance": 7,
		"yardLine": 63,
		"yardsGained": 37,
		"endYardLine": 100,
		"description": "Sony Michel 37 Yd Run (Rodrigo Blankenship Kick)"
	},
	{
		"gameId": "400933925",
		"year": 2017,
		"week": 12,
		"homeId": "61",
		"homeTeam": "Georgia",
		"homeAbbr": "UGA",
		"awayId": "96",
		"awayTeam": "Kentucky",
		"awayAbbr": "UK",
		"driveIndex": "9",
		"playIndex": "0",
		"offenseId": "61",
		"offenseTeam": "Georgia",
		"offenseAbbr": "UGA",
		"defenseId": "96",
		"defenseTeam": "Kentucky",
		"defenseAbbr": "UK",
		"homeScore": 21,
		"awayScore": 6,
		"isScore": false,
		"quarter": 2,
		"clock": "1:51",
		"type": "Kickoff",
		"down": 3,
		"distance": 7,
		"yardLine": 35,
		"yardsGained": 0,
		"endYardLine": 75,
		"description": "Rodrigo Blankenship kickoff for 65 yds for a touchback"
	},
	{
		"gameId": "400933925",
		"year": 2017,
		"week": 12,
		"homeId": "61",
		"homeTeam": "Georgia",
		"homeAbbr": "UGA",
		"awayId": "96",
		"awayTeam": "Kentucky",
		"awayAbbr": "UK",
		"driveIndex": "9",
		"playIndex": "1",
		"offenseId": "96",
		"offenseTeam": "Kentucky",
		"offenseAbbr": "UK",
		"defenseId": "61",
		"defenseTeam": "Georgia",
		"defenseAbbr": "UGA",
		"homeScore": 21,
		"awayScore": 6,
		"isScore": false,
		"quarter": 2,
		"clock": "1:43",
		"type": "Rush",
		"down": 1,
		"distance": 10,
		"yardLine": 72,
		"yardsGained": 18,
		"endYardLine": 57,
		"description": "Stephen Johnson run for 3 yds to the Kent 28 for a 1ST down GEORGIA Penalty, Personal Foul (D'Andre Walker) to the Kent 43 for a 1ST down"
	},
	{
		"gameId": "400933925",
		"year": 2017,
		"week": 12,
		"homeId": "61",
		"homeTeam": "Georgia",
		"homeAbbr": "UGA",
		"awayId": "96",
		"awayTeam": "Kentucky",
		"awayAbbr": "UK",
		"driveIndex": "9",
		"playIndex": "2",
		"offenseId": "96",
		"offenseTeam": "Kentucky",
		"offenseAbbr": "UK",
		"defenseId": "61",
		"defenseTeam": "Georgia",
		"defenseAbbr": "UGA",
		"homeScore": 21,
		"awayScore": 6,
		"isScore": false,
		"quarter": 2,
		"clock": "1:36",
		"type": "Pass Reception",
		"down": 1,
		"distance": 10,
		"yardLine": 57,
		"yardsGained": 18,
		"endYardLine": 39,
		"description": "Stephen Johnson pass complete to Tavin Richardson for 18 yds to the Geo 39 for a 1ST down"
	},
	{
		"gameId": "400933925",
		"year": 2017,
		"week": 12,
		"homeId": "61",
		"homeTeam": "Georgia",
		"homeAbbr": "UGA",
		"awayId": "96",
		"awayTeam": "Kentucky",
		"awayAbbr": "UK",
		"driveIndex": "9",
		"playIndex": "3",
		"offenseId": "96",
		"offenseTeam": "Kentucky",
		"offenseAbbr": "UK",
		"defenseId": "61",
		"defenseTeam": "Georgia",
		"defenseAbbr": "UGA",
		"homeScore": 21,
		"awayScore": 6,
		"isScore": false,
		"quarter": 2,
		"clock": "1:07",
		"type": "Pass Reception",
		"down": 1,
		"distance": 10,
		"yardLine": 39,
		"yardsGained": 4,
		"endYardLine": 35,
		"description": "Stephen Johnson pass complete to Kayaune Ross for 4 yds to the Geo 35"
	},
	{
		"gameId": "400933925",
		"year": 2017,
		"week": 12,
		"homeId": "61",
		"homeTeam": "Georgia",
		"homeAbbr": "UGA",
		"awayId": "96",
		"awayTeam": "Kentucky",
		"awayAbbr": "UK",
		"driveIndex": "9",
		"playIndex": "4",
		"offenseId": "96",
		"offenseTeam": "Kentucky",
		"offenseAbbr": "UK",
		"defenseId": "61",
		"defenseTeam": "Georgia",
		"defenseAbbr": "UGA",
		"homeScore": 21,
		"awayScore": 6,
		"isScore": false,
		"quarter": 2,
		"clock": "0:46",
		"type": "Pass Reception",
		"down": 2,
		"distance": 6,
		"yardLine": 35,
		"yardsGained": 4,
		"endYardLine": 31,
		"description": "Stephen Johnson pass complete to Garrett Johnson for 4 yds to the Geo 31"
	},
	{
		"gameId": "400933925",
		"year": 2017,
		"week": 12,
		"homeId": "61",
		"homeTeam": "Georgia",
		"homeAbbr": "UGA",
		"awayId": "96",
		"awayTeam": "Kentucky",
		"awayAbbr": "UK",
		"driveIndex": "9",
		"playIndex": "5",
		"offenseId": "96",
		"offenseTeam": "Kentucky",
		"offenseAbbr": "UK",
		"defenseId": "61",
		"defenseTeam": "Georgia",
		"defenseAbbr": "UGA",
		"homeScore": 21,
		"awayScore": 6,
		"isScore": false,
		"quarter": 2,
		"clock": "0:38",
		"type": "Timeout",
		"down": 3,
		"distance": 2,
		"yardLine": 31,
		"yardsGained": 0,
		"endYardLine": 31,
		"description": "Timeout KENTUCKY, clock 00:38"
	},
	{
		"gameId": "400933925",
		"year": 2017,
		"week": 12,
		"homeId": "61",
		"homeTeam": "Georgia",
		"homeAbbr": "UGA",
		"awayId": "96",
		"awayTeam": "Kentucky",
		"awayAbbr": "UK",
		"driveIndex": "9",
		"playIndex": "6",
		"offenseId": "96",
		"offenseTeam": "Kentucky",
		"offenseAbbr": "UK",
		"defenseId": "61",
		"defenseTeam": "Georgia",
		"defenseAbbr": "UGA",
		"homeScore": 21,
		"awayScore": 6,
		"isScore": false,
		"quarter": 2,
		"clock": "0:38",
		"type": "Pass Incompletion",
		"down": 3,
		"distance": 2,
		"yardLine": 31,
		"yardsGained": 0,
		"endYardLine": 31,
		"description": "Stephen Johnson pass incomplete to Benny Snell Jr."
	},
	{
		"gameId": "400933925",
		"year": 2017,
		"week": 12,
		"homeId": "61",
		"homeTeam": "Georgia",
		"homeAbbr": "UGA",
		"awayId": "96",
		"awayTeam": "Kentucky",
		"awayAbbr": "UK",
		"driveIndex": "9",
		"playIndex": "7",
		"offenseId": "96",
		"offenseTeam": "Kentucky",
		"offenseAbbr": "UK",
		"defenseId": "61",
		"defenseTeam": "Georgia",
		"defenseAbbr": "UGA",
		"homeScore": 21,
		"awayScore": 6,
		"isScore": false,
		"quarter": 2,
		"clock": "0:25",
		"type": "Pass Incompletion",
		"down": 4,
		"distance": 2,
		"yardLine": 31,
		"yardsGained": 0,
		"endYardLine": 31,
		"description": "Stephen Johnson pass incomplete to Tavin Richardson"
	},
	{
		"gameId": "400933925",
		"year": 2017,
		"week": 12,
		"homeId": "61",
		"homeTeam": "Georgia",
		"homeAbbr": "UGA",
		"awayId": "96",
		"awayTeam": "Kentucky",
		"awayAbbr": "UK",
		"driveIndex": "10",
		"playIndex": "0",
		"offenseId": "61",
		"offenseTeam": "Georgia",
		"offenseAbbr": "UGA",
		"defenseId": "96",
		"defenseTeam": "Kentucky",
		"defenseAbbr": "UK",
		"homeScore": 21,
		"awayScore": 6,
		"isScore": false,
		"quarter": 2,
		"clock": "0:00",
		"type": "Rush",
		"down": 1,
		"distance": 10,
		"yardLine": 31,
		"yardsGained": -1,
		"endYardLine": 30,
		"description": "TEAM run for a loss of 1 yard to the Geo 30"
	},
	{
		"gameId": "400933925",
		"year": 2017,
		"week": 12,
		"homeId": "61",
		"homeTeam": "Georgia",
		"homeAbbr": "UGA",
		"awayId": "96",
		"awayTeam": "Kentucky",
		"awayAbbr": "UK",
		"driveIndex": "10",
		"playIndex": "1",
		"offenseId": "61",
		"offenseTeam": "Georgia",
		"offenseAbbr": "UGA",
		"defenseId": "96",
		"defenseTeam": "Kentucky",
		"defenseAbbr": "UK",
		"homeScore": 21,
		"awayScore": 6,
		"isScore": false,
		"quarter": 2,
		"clock": "0:00",
		"type": "End of Half",
		"down": 0,
		"distance": 10,
		"yardLine": 0,
		"yardsGained": 0,
		"endYardLine": 30,
		"description": "End of 2nd Quarter"
	},
	{
		"gameId": "400933925",
		"year": 2017,
		"week": 12,
		"homeId": "61",
		"homeTeam": "Georgia",
		"homeAbbr": "UGA",
		"awayId": "96",
		"awayTeam": "Kentucky",
		"awayAbbr": "UK",
		"driveIndex": "11",
		"playIndex": "0",
		"offenseId": "61",
		"offenseTeam": "Georgia",
		"offenseAbbr": "UGA",
		"defenseId": "96",
		"defenseTeam": "Kentucky",
		"defenseAbbr": "UK",
		"homeScore": 21,
		"awayScore": 6,
		"isScore": false,
		"quarter": 3,
		"clock": "15:00",
		"type": "Kickoff",
		"down": 1,
		"distance": 10,
		"yardLine": 35,
		"yardsGained": 0,
		"endYardLine": 75,
		"description": "Rodrigo Blankenship kickoff for 65 yds for a touchback"
	},
	{
		"gameId": "400933925",
		"year": 2017,
		"week": 12,
		"homeId": "61",
		"homeTeam": "Georgia",
		"homeAbbr": "UGA",
		"awayId": "96",
		"awayTeam": "Kentucky",
		"awayAbbr": "UK",
		"driveIndex": "11",
		"playIndex": "1",
		"offenseId": "96",
		"offenseTeam": "Kentucky",
		"offenseAbbr": "UK",
		"defenseId": "61",
		"defenseTeam": "Georgia",
		"defenseAbbr": "UGA",
		"homeScore": 21,
		"awayScore": 6,
		"isScore": false,
		"quarter": 3,
		"clock": "15:00",
		"type": "Rush",
		"down": 1,
		"distance": 10,
		"yardLine": 67,
		"yardsGained": 23,
		"endYardLine": 52,
		"description": "Benny Snell Jr. run for 8 yds to the Kent 33 for a 1ST down GEORGIA Penalty, Face Mask (15 yards) (Deandre Baker) to the Kent 48 for a 1ST down"
	},
	{
		"gameId": "400933925",
		"year": 2017,
		"week": 12,
		"homeId": "61",
		"homeTeam": "Georgia",
		"homeAbbr": "UGA",
		"awayId": "96",
		"awayTeam": "Kentucky",
		"awayAbbr": "UK",
		"driveIndex": "11",
		"playIndex": "2",
		"offenseId": "96",
		"offenseTeam": "Kentucky",
		"offenseAbbr": "UK",
		"defenseId": "61",
		"defenseTeam": "Georgia",
		"defenseAbbr": "UGA",
		"homeScore": 21,
		"awayScore": 6,
		"isScore": false,
		"quarter": 3,
		"clock": "14:29",
		"type": "Rush",
		"down": 1,
		"distance": 10,
		"yardLine": 52,
		"yardsGained": 5,
		"endYardLine": 47,
		"description": "Benny Snell Jr. run for 5 yds to the Geo 47"
	},
	{
		"gameId": "400933925",
		"year": 2017,
		"week": 12,
		"homeId": "61",
		"homeTeam": "Georgia",
		"homeAbbr": "UGA",
		"awayId": "96",
		"awayTeam": "Kentucky",
		"awayAbbr": "UK",
		"driveIndex": "11",
		"playIndex": "3",
		"offenseId": "96",
		"offenseTeam": "Kentucky",
		"offenseAbbr": "UK",
		"defenseId": "61",
		"defenseTeam": "Georgia",
		"defenseAbbr": "UGA",
		"homeScore": 21,
		"awayScore": 6,
		"isScore": false,
		"quarter": 3,
		"clock": "13:44",
		"type": "Rush",
		"down": 2,
		"distance": 5,
		"yardLine": 47,
		"yardsGained": 7,
		"endYardLine": 40,
		"description": "Stephen Johnson run for 7 yds to the Geo 40 for a 1ST down"
	},
	{
		"gameId": "400933925",
		"year": 2017,
		"week": 12,
		"homeId": "61",
		"homeTeam": "Georgia",
		"homeAbbr": "UGA",
		"awayId": "96",
		"awayTeam": "Kentucky",
		"awayAbbr": "UK",
		"driveIndex": "11",
		"playIndex": "4",
		"offenseId": "96",
		"offenseTeam": "Kentucky",
		"offenseAbbr": "UK",
		"defenseId": "61",
		"defenseTeam": "Georgia",
		"defenseAbbr": "UGA",
		"homeScore": 21,
		"awayScore": 6,
		"isScore": false,
		"quarter": 3,
		"clock": "13:26",
		"type": "Pass Reception",
		"down": 1,
		"distance": 10,
		"yardLine": 40,
		"yardsGained": 19,
		"endYardLine": 21,
		"description": "Stephen Johnson pass complete to Tavin Richardson for 19 yds to the Geo 21 for a 1ST down"
	},
	{
		"gameId": "400933925",
		"year": 2017,
		"week": 12,
		"homeId": "61",
		"homeTeam": "Georgia",
		"homeAbbr": "UGA",
		"awayId": "96",
		"awayTeam": "Kentucky",
		"awayAbbr": "UK",
		"driveIndex": "11",
		"playIndex": "5",
		"offenseId": "96",
		"offenseTeam": "Kentucky",
		"offenseAbbr": "UK",
		"defenseId": "61",
		"defenseTeam": "Georgia",
		"defenseAbbr": "UGA",
		"homeScore": 21,
		"awayScore": 6,
		"isScore": false,
		"quarter": 3,
		"clock": "12:59",
		"type": "Rush",
		"down": 1,
		"distance": 10,
		"yardLine": 21,
		"yardsGained": 1,
		"endYardLine": 20,
		"description": "Benny Snell Jr. run for 1 yd to the Geo 20"
	},
	{
		"gameId": "400933925",
		"year": 2017,
		"week": 12,
		"homeId": "61",
		"homeTeam": "Georgia",
		"homeAbbr": "UGA",
		"awayId": "96",
		"awayTeam": "Kentucky",
		"awayAbbr": "UK",
		"driveIndex": "11",
		"playIndex": "6",
		"offenseId": "96",
		"offenseTeam": "Kentucky",
		"offenseAbbr": "UK",
		"defenseId": "61",
		"defenseTeam": "Georgia",
		"defenseAbbr": "UGA",
		"homeScore": 21,
		"awayScore": 6,
		"isScore": false,
		"quarter": 3,
		"clock": "12:24",
		"type": "Pass Reception",
		"down": 2,
		"distance": 9,
		"yardLine": 20,
		"yardsGained": 7,
		"endYardLine": 13,
		"description": "Stephen Johnson pass complete to C.J. Conrad for 7 yds to the Geo 13"
	},
	{
		"gameId": "400933925",
		"year": 2017,
		"week": 12,
		"homeId": "61",
		"homeTeam": "Georgia",
		"homeAbbr": "UGA",
		"awayId": "96",
		"awayTeam": "Kentucky",
		"awayAbbr": "UK",
		"driveIndex": "11",
		"playIndex": "7",
		"offenseId": "96",
		"offenseTeam": "Kentucky",
		"offenseAbbr": "UK",
		"defenseId": "61",
		"defenseTeam": "Georgia",
		"defenseAbbr": "UGA",
		"homeScore": 21,
		"awayScore": 6,
		"isScore": false,
		"quarter": 3,
		"clock": "12:09",
		"type": "Rush",
		"down": 3,
		"distance": 2,
		"yardLine": 13,
		"yardsGained": 12,
		"endYardLine": 1,
		"description": "Benny Snell Jr. run for 12 yds to the Geo 1 for a 1ST down"
	},
	{
		"gameId": "400933925",
		"year": 2017,
		"week": 12,
		"homeId": "61",
		"homeTeam": "Georgia",
		"homeAbbr": "UGA",
		"awayId": "96",
		"awayTeam": "Kentucky",
		"awayAbbr": "UK",
		"driveIndex": "11",
		"playIndex": "8",
		"offenseId": "96",
		"offenseTeam": "Kentucky",
		"offenseAbbr": "UK",
		"defenseId": "61",
		"defenseTeam": "Georgia",
		"defenseAbbr": "UGA",
		"homeScore": 21,
		"awayScore": 13,
		"isScore": true,
		"quarter": 3,
		"clock": "11:29",
		"type": "Rushing Touchdown",
		"down": 1,
		"distance": 0,
		"yardLine": 1,
		"yardsGained": 1,
		"endYardLine": 0,
		"description": "Benny Snell Jr. 1 Yd Run (Austin MacGinnis Kick)"
	},
	{
		"gameId": "400933925",
		"year": 2017,
		"week": 12,
		"homeId": "61",
		"homeTeam": "Georgia",
		"homeAbbr": "UGA",
		"awayId": "96",
		"awayTeam": "Kentucky",
		"awayAbbr": "UK",
		"driveIndex": "12",
		"playIndex": "0",
		"offenseId": "96",
		"offenseTeam": "Kentucky",
		"offenseAbbr": "UK",
		"defenseId": "61",
		"defenseTeam": "Georgia",
		"defenseAbbr": "UGA",
		"homeScore": 21,
		"awayScore": 13,
		"isScore": false,
		"quarter": 3,
		"clock": "11:29",
		"type": "Kickoff",
		"down": 1,
		"distance": 10,
		"yardLine": 65,
		"yardsGained": 35,
		"endYardLine": 40,
		"description": "Austin MacGinnis kickoff for 60 yds , Mecole Hardman return for 35 yds to the Geo 40"
	},
	{
		"gameId": "400933925",
		"year": 2017,
		"week": 12,
		"homeId": "61",
		"homeTeam": "Georgia",
		"homeAbbr": "UGA",
		"awayId": "96",
		"awayTeam": "Kentucky",
		"awayAbbr": "UK",
		"driveIndex": "12",
		"playIndex": "1",
		"offenseId": "61",
		"offenseTeam": "Georgia",
		"offenseAbbr": "UGA",
		"defenseId": "96",
		"defenseTeam": "Kentucky",
		"defenseAbbr": "UK",
		"homeScore": 21,
		"awayScore": 13,
		"isScore": false,
		"quarter": 3,
		"clock": "11:22",
		"type": "Rush",
		"down": 1,
		"distance": 10,
		"yardLine": 40,
		"yardsGained": 21,
		"endYardLine": 61,
		"description": "Nick Chubb run for 21 yds to the Kent 39 for a 1ST down"
	},
	{
		"gameId": "400933925",
		"year": 2017,
		"week": 12,
		"homeId": "61",
		"homeTeam": "Georgia",
		"homeAbbr": "UGA",
		"awayId": "96",
		"awayTeam": "Kentucky",
		"awayAbbr": "UK",
		"driveIndex": "12",
		"playIndex": "2",
		"offenseId": "61",
		"offenseTeam": "Georgia",
		"offenseAbbr": "UGA",
		"defenseId": "96",
		"defenseTeam": "Kentucky",
		"defenseAbbr": "UK",
		"homeScore": 21,
		"awayScore": 13,
		"isScore": false,
		"quarter": 3,
		"clock": "10:44",
		"type": "Rush",
		"down": 1,
		"distance": 10,
		"yardLine": 61,
		"yardsGained": 14,
		"endYardLine": 75,
		"description": "D'Andre Swift run for 14 yds to the Kent 25 for a 1ST down"
	},
	{
		"gameId": "400933925",
		"year": 2017,
		"week": 12,
		"homeId": "61",
		"homeTeam": "Georgia",
		"homeAbbr": "UGA",
		"awayId": "96",
		"awayTeam": "Kentucky",
		"awayAbbr": "UK",
		"driveIndex": "12",
		"playIndex": "3",
		"offenseId": "61",
		"offenseTeam": "Georgia",
		"offenseAbbr": "UGA",
		"defenseId": "96",
		"defenseTeam": "Kentucky",
		"defenseAbbr": "UK",
		"homeScore": 21,
		"awayScore": 13,
		"isScore": false,
		"quarter": 3,
		"clock": "10:08",
		"type": "Rush",
		"down": 1,
		"distance": 10,
		"yardLine": 75,
		"yardsGained": 5,
		"endYardLine": 80,
		"description": "Nick Chubb run for 5 yds to the Kent 20"
	},
	{
		"gameId": "400933925",
		"year": 2017,
		"week": 12,
		"homeId": "61",
		"homeTeam": "Georgia",
		"homeAbbr": "UGA",
		"awayId": "96",
		"awayTeam": "Kentucky",
		"awayAbbr": "UK",
		"driveIndex": "12",
		"playIndex": "4",
		"offenseId": "61",
		"offenseTeam": "Georgia",
		"offenseAbbr": "UGA",
		"defenseId": "96",
		"defenseTeam": "Kentucky",
		"defenseAbbr": "UK",
		"homeScore": 21,
		"awayScore": 13,
		"isScore": false,
		"quarter": 3,
		"clock": "9:36",
		"type": "Rush",
		"down": 2,
		"distance": 5,
		"yardLine": 80,
		"yardsGained": 9,
		"endYardLine": 89,
		"description": "Nick Chubb run for 9 yds to the Kent 11 for a 1ST down"
	},
	{
		"gameId": "400933925",
		"year": 2017,
		"week": 12,
		"homeId": "61",
		"homeTeam": "Georgia",
		"homeAbbr": "UGA",
		"awayId": "96",
		"awayTeam": "Kentucky",
		"awayAbbr": "UK",
		"driveIndex": "12",
		"playIndex": "5",
		"offenseId": "61",
		"offenseTeam": "Georgia",
		"offenseAbbr": "UGA",
		"defenseId": "96",
		"defenseTeam": "Kentucky",
		"defenseAbbr": "UK",
		"homeScore": 21,
		"awayScore": 13,
		"isScore": false,
		"quarter": 3,
		"clock": "8:57",
		"type": "Rush",
		"down": 1,
		"distance": 10,
		"yardLine": 89,
		"yardsGained": 3,
		"endYardLine": 92,
		"description": "Sony Michel run for 3 yds to the Kent 8"
	},
	{
		"gameId": "400933925",
		"year": 2017,
		"week": 12,
		"homeId": "61",
		"homeTeam": "Georgia",
		"homeAbbr": "UGA",
		"awayId": "96",
		"awayTeam": "Kentucky",
		"awayAbbr": "UK",
		"driveIndex": "12",
		"playIndex": "6",
		"offenseId": "61",
		"offenseTeam": "Georgia",
		"offenseAbbr": "UGA",
		"defenseId": "96",
		"defenseTeam": "Kentucky",
		"defenseAbbr": "UK",
		"homeScore": 28,
		"awayScore": 13,
		"isScore": true,
		"quarter": 3,
		"clock": "8:16",
		"type": "Rushing Touchdown",
		"down": 2,
		"distance": 7,
		"yardLine": 92,
		"yardsGained": 8,
		"endYardLine": 100,
		"description": "Sony Michel 8 Yd Run (Rodrigo Blankenship Kick)"
	},
	{
		"gameId": "400933925",
		"year": 2017,
		"week": 12,
		"homeId": "61",
		"homeTeam": "Georgia",
		"homeAbbr": "UGA",
		"awayId": "96",
		"awayTeam": "Kentucky",
		"awayAbbr": "UK",
		"driveIndex": "13",
		"playIndex": "0",
		"offenseId": "61",
		"offenseTeam": "Georgia",
		"offenseAbbr": "UGA",
		"defenseId": "96",
		"defenseTeam": "Kentucky",
		"defenseAbbr": "UK",
		"homeScore": 28,
		"awayScore": 13,
		"isScore": false,
		"quarter": 3,
		"clock": "8:16",
		"type": "Kickoff",
		"down": 2,
		"distance": 7,
		"yardLine": 35,
		"yardsGained": 0,
		"endYardLine": 75,
		"description": "Rodrigo Blankenship kickoff for 65 yds for a touchback"
	},
	{
		"gameId": "400933925",
		"year": 2017,
		"week": 12,
		"homeId": "61",
		"homeTeam": "Georgia",
		"homeAbbr": "UGA",
		"awayId": "96",
		"awayTeam": "Kentucky",
		"awayAbbr": "UK",
		"driveIndex": "13",
		"playIndex": "1",
		"offenseId": "96",
		"offenseTeam": "Kentucky",
		"offenseAbbr": "UK",
		"defenseId": "61",
		"defenseTeam": "Georgia",
		"defenseAbbr": "UGA",
		"homeScore": 28,
		"awayScore": 13,
		"isScore": false,
		"quarter": 3,
		"clock": "8:16",
		"type": "Pass Reception",
		"down": 1,
		"distance": 10,
		"yardLine": 75,
		"yardsGained": 18,
		"endYardLine": 57,
		"description": "Stephen Johnson pass complete to Garrett Johnson for 18 yds to the Kent 43 for a 1ST down"
	},
	{
		"gameId": "400933925",
		"year": 2017,
		"week": 12,
		"homeId": "61",
		"homeTeam": "Georgia",
		"homeAbbr": "UGA",
		"awayId": "96",
		"awayTeam": "Kentucky",
		"awayAbbr": "UK",
		"driveIndex": "13",
		"playIndex": "2",
		"offenseId": "96",
		"offenseTeam": "Kentucky",
		"offenseAbbr": "UK",
		"defenseId": "61",
		"defenseTeam": "Georgia",
		"defenseAbbr": "UGA",
		"homeScore": 28,
		"awayScore": 13,
		"isScore": false,
		"quarter": 3,
		"clock": "7:42",
		"type": "Rush",
		"down": 1,
		"distance": 10,
		"yardLine": 57,
		"yardsGained": 3,
		"endYardLine": 54,
		"description": "Sihiem King run for 3 yds to the Kent 46"
	},
	{
		"gameId": "400933925",
		"year": 2017,
		"week": 12,
		"homeId": "61",
		"homeTeam": "Georgia",
		"homeAbbr": "UGA",
		"awayId": "96",
		"awayTeam": "Kentucky",
		"awayAbbr": "UK",
		"driveIndex": "13",
		"playIndex": "3",
		"offenseId": "96",
		"offenseTeam": "Kentucky",
		"offenseAbbr": "UK",
		"defenseId": "61",
		"defenseTeam": "Georgia",
		"defenseAbbr": "UGA",
		"homeScore": 28,
		"awayScore": 13,
		"isScore": false,
		"quarter": 3,
		"clock": "6:59",
		"type": "Rush",
		"down": 2,
		"distance": 7,
		"yardLine": 54,
		"yardsGained": 3,
		"endYardLine": 51,
		"description": "Sihiem King run for 3 yds to the Kent 49"
	},
	{
		"gameId": "400933925",
		"year": 2017,
		"week": 12,
		"homeId": "61",
		"homeTeam": "Georgia",
		"homeAbbr": "UGA",
		"awayId": "96",
		"awayTeam": "Kentucky",
		"awayAbbr": "UK",
		"driveIndex": "13",
		"playIndex": "4",
		"offenseId": "96",
		"offenseTeam": "Kentucky",
		"offenseAbbr": "UK",
		"defenseId": "61",
		"defenseTeam": "Georgia",
		"defenseAbbr": "UGA",
		"homeScore": 28,
		"awayScore": 13,
		"isScore": false,
		"quarter": 3,
		"clock": "6:23",
		"type": "Fumble Recovery (Own)",
		"down": 3,
		"distance": 4,
		"yardLine": 51,
		"yardsGained": -6,
		"endYardLine": 57,
		"description": "Stephen Johnson sacked by D'Andre Walker for a loss of 6 yards to the Kent 43 Stephen Johnson fumbled, forced by D'Andre Walker, recovered by Kent , return for 0 yards"
	},
	{
		"gameId": "400933925",
		"year": 2017,
		"week": 12,
		"homeId": "61",
		"homeTeam": "Georgia",
		"homeAbbr": "UGA",
		"awayId": "96",
		"awayTeam": "Kentucky",
		"awayAbbr": "UK",
		"driveIndex": "13",
		"playIndex": "5",
		"offenseId": "96",
		"offenseTeam": "Kentucky",
		"offenseAbbr": "UK",
		"defenseId": "61",
		"defenseTeam": "Georgia",
		"defenseAbbr": "UGA",
		"homeScore": 28,
		"awayScore": 13,
		"isScore": false,
		"quarter": 3,
		"clock": "5:36",
		"type": "Punt",
		"down": 4,
		"distance": 10,
		"yardLine": 57,
		"yardsGained": 0,
		"endYardLine": 14,
		"description": "Matt Panton punt for 43 yds, fair catch by Terry Godwin at the Geo 14"
	},
	{
		"gameId": "400933925",
		"year": 2017,
		"week": 12,
		"homeId": "61",
		"homeTeam": "Georgia",
		"homeAbbr": "UGA",
		"awayId": "96",
		"awayTeam": "Kentucky",
		"awayAbbr": "UK",
		"driveIndex": "14",
		"playIndex": "0",
		"offenseId": "61",
		"offenseTeam": "Georgia",
		"offenseAbbr": "UGA",
		"defenseId": "96",
		"defenseTeam": "Kentucky",
		"defenseAbbr": "UK",
		"homeScore": 28,
		"awayScore": 13,
		"isScore": false,
		"quarter": 3,
		"clock": "5:36",
		"type": "Rush",
		"down": 1,
		"distance": 10,
		"yardLine": 14,
		"yardsGained": 5,
		"endYardLine": 19,
		"description": "Nick Chubb run for 5 yds to the Geo 19"
	},
	{
		"gameId": "400933925",
		"year": 2017,
		"week": 12,
		"homeId": "61",
		"homeTeam": "Georgia",
		"homeAbbr": "UGA",
		"awayId": "96",
		"awayTeam": "Kentucky",
		"awayAbbr": "UK",
		"driveIndex": "14",
		"playIndex": "1",
		"offenseId": "61",
		"offenseTeam": "Georgia",
		"offenseAbbr": "UGA",
		"defenseId": "96",
		"defenseTeam": "Kentucky",
		"defenseAbbr": "UK",
		"homeScore": 28,
		"awayScore": 13,
		"isScore": false,
		"quarter": 3,
		"clock": "4:57",
		"type": "Rush",
		"down": 2,
		"distance": 5,
		"yardLine": 19,
		"yardsGained": 1,
		"endYardLine": 20,
		"description": "Sony Michel run for 1 yd to the Geo 20"
	},
	{
		"gameId": "400933925",
		"year": 2017,
		"week": 12,
		"homeId": "61",
		"homeTeam": "Georgia",
		"homeAbbr": "UGA",
		"awayId": "96",
		"awayTeam": "Kentucky",
		"awayAbbr": "UK",
		"driveIndex": "14",
		"playIndex": "2",
		"offenseId": "61",
		"offenseTeam": "Georgia",
		"offenseAbbr": "UGA",
		"defenseId": "96",
		"defenseTeam": "Kentucky",
		"defenseAbbr": "UK",
		"homeScore": 28,
		"awayScore": 13,
		"isScore": false,
		"quarter": 3,
		"clock": "4:19",
		"type": "Pass Incompletion",
		"down": 3,
		"distance": 4,
		"yardLine": 20,
		"yardsGained": 0,
		"endYardLine": 20,
		"description": "Jake Fromm pass incomplete to Javon Wims"
	},
	{
		"gameId": "400933925",
		"year": 2017,
		"week": 12,
		"homeId": "61",
		"homeTeam": "Georgia",
		"homeAbbr": "UGA",
		"awayId": "96",
		"awayTeam": "Kentucky",
		"awayAbbr": "UK",
		"driveIndex": "14",
		"playIndex": "3",
		"offenseId": "61",
		"offenseTeam": "Georgia",
		"offenseAbbr": "UGA",
		"defenseId": "96",
		"defenseTeam": "Kentucky",
		"defenseAbbr": "UK",
		"homeScore": 28,
		"awayScore": 13,
		"isScore": false,
		"quarter": 3,
		"clock": "4:07",
		"type": "Punt",
		"down": 4,
		"distance": 4,
		"yardLine": 20,
		"yardsGained": 0,
		"endYardLine": 65,
		"description": "Cameron Nizialek punt for 45 yds, fair catch by Charles Walker at the Kent 35"
	},
	{
		"gameId": "400933925",
		"year": 2017,
		"week": 12,
		"homeId": "61",
		"homeTeam": "Georgia",
		"homeAbbr": "UGA",
		"awayId": "96",
		"awayTeam": "Kentucky",
		"awayAbbr": "UK",
		"driveIndex": "15",
		"playIndex": "0",
		"offenseId": "96",
		"offenseTeam": "Kentucky",
		"offenseAbbr": "UK",
		"defenseId": "61",
		"defenseTeam": "Georgia",
		"defenseAbbr": "UGA",
		"homeScore": 28,
		"awayScore": 13,
		"isScore": false,
		"quarter": 3,
		"clock": "4:07",
		"type": "Rush",
		"down": 1,
		"distance": 10,
		"yardLine": 65,
		"yardsGained": 7,
		"endYardLine": 58,
		"description": "Benny Snell Jr. run for 7 yds to the Kent 42"
	},
	{
		"gameId": "400933925",
		"year": 2017,
		"week": 12,
		"homeId": "61",
		"homeTeam": "Georgia",
		"homeAbbr": "UGA",
		"awayId": "96",
		"awayTeam": "Kentucky",
		"awayAbbr": "UK",
		"driveIndex": "15",
		"playIndex": "1",
		"offenseId": "96",
		"offenseTeam": "Kentucky",
		"offenseAbbr": "UK",
		"defenseId": "61",
		"defenseTeam": "Georgia",
		"defenseAbbr": "UGA",
		"homeScore": 28,
		"awayScore": 13,
		"isScore": false,
		"quarter": 3,
		"clock": "3:33",
		"type": "Rush",
		"down": 2,
		"distance": 3,
		"yardLine": 58,
		"yardsGained": 4,
		"endYardLine": 54,
		"description": "Benny Snell Jr. run for 4 yds to the Kent 46 for a 1ST down"
	},
	{
		"gameId": "400933925",
		"year": 2017,
		"week": 12,
		"homeId": "61",
		"homeTeam": "Georgia",
		"homeAbbr": "UGA",
		"awayId": "96",
		"awayTeam": "Kentucky",
		"awayAbbr": "UK",
		"driveIndex": "15",
		"playIndex": "2",
		"offenseId": "96",
		"offenseTeam": "Kentucky",
		"offenseAbbr": "UK",
		"defenseId": "61",
		"defenseTeam": "Georgia",
		"defenseAbbr": "UGA",
		"homeScore": 28,
		"awayScore": 13,
		"isScore": false,
		"quarter": 3,
		"clock": "2:50",
		"type": "Pass Interception Return",
		"down": 1,
		"distance": 10,
		"yardLine": 54,
		"yardsGained": 0,
		"endYardLine": 12,
		"description": "Lynn Bowden Jr. pass intercepted Aaron Davis return for no gain to the Geo 12"
	},
	{
		"gameId": "400933925",
		"year": 2017,
		"week": 12,
		"homeId": "61",
		"homeTeam": "Georgia",
		"homeAbbr": "UGA",
		"awayId": "96",
		"awayTeam": "Kentucky",
		"awayAbbr": "UK",
		"driveIndex": "16",
		"playIndex": "0",
		"offenseId": "61",
		"offenseTeam": "Georgia",
		"offenseAbbr": "UGA",
		"defenseId": "96",
		"defenseTeam": "Kentucky",
		"defenseAbbr": "UK",
		"homeScore": 28,
		"awayScore": 13,
		"isScore": false,
		"quarter": 3,
		"clock": "2:50",
		"type": "Rush",
		"down": 1,
		"distance": 10,
		"yardLine": 12,
		"yardsGained": 9,
		"endYardLine": 21,
		"description": "Nick Chubb run for 9 yds to the Geo 21"
	},
	{
		"gameId": "400933925",
		"year": 2017,
		"week": 12,
		"homeId": "61",
		"homeTeam": "Georgia",
		"homeAbbr": "UGA",
		"awayId": "96",
		"awayTeam": "Kentucky",
		"awayAbbr": "UK",
		"driveIndex": "16",
		"playIndex": "1",
		"offenseId": "61",
		"offenseTeam": "Georgia",
		"offenseAbbr": "UGA",
		"defenseId": "96",
		"defenseTeam": "Kentucky",
		"defenseAbbr": "UK",
		"homeScore": 28,
		"awayScore": 13,
		"isScore": false,
		"quarter": 3,
		"clock": "2:09",
		"type": "Rush",
		"down": 2,
		"distance": 1,
		"yardLine": 21,
		"yardsGained": 4,
		"endYardLine": 25,
		"description": "Nick Chubb run for 4 yds to the Geo 25 for a 1ST down"
	},
	{
		"gameId": "400933925",
		"year": 2017,
		"week": 12,
		"homeId": "61",
		"homeTeam": "Georgia",
		"homeAbbr": "UGA",
		"awayId": "96",
		"awayTeam": "Kentucky",
		"awayAbbr": "UK",
		"driveIndex": "16",
		"playIndex": "2",
		"offenseId": "61",
		"offenseTeam": "Georgia",
		"offenseAbbr": "UGA",
		"defenseId": "96",
		"defenseTeam": "Kentucky",
		"defenseAbbr": "UK",
		"homeScore": 28,
		"awayScore": 13,
		"isScore": false,
		"quarter": 3,
		"clock": "1:28",
		"type": "Penalty",
		"down": 1,
		"distance": 10,
		"yardLine": 25,
		"yardsGained": -10,
		"endYardLine": 15,
		"description": "Fromm, Jake rush for 3 yards to the GEORGIA28, PENALTY GEORGIA holding (Thomas, Andrew) 10 yards to the GEORGIA15, NO PLAY."
	},
	{
		"gameId": "400933925",
		"year": 2017,
		"week": 12,
		"homeId": "61",
		"homeTeam": "Georgia",
		"homeAbbr": "UGA",
		"awayId": "96",
		"awayTeam": "Kentucky",
		"awayAbbr": "UK",
		"driveIndex": "16",
		"playIndex": "3",
		"offenseId": "61",
		"offenseTeam": "Georgia",
		"offenseAbbr": "UGA",
		"defenseId": "96",
		"defenseTeam": "Kentucky",
		"defenseAbbr": "UK",
		"homeScore": 28,
		"awayScore": 13,
		"isScore": false,
		"quarter": 3,
		"clock": "1:07",
		"type": "Rush",
		"down": 1,
		"distance": 20,
		"yardLine": 15,
		"yardsGained": 3,
		"endYardLine": 18,
		"description": "Sony Michel run for 3 yds to the Geo 18 GEORGIA Penalty, Offensive Holding ( Yards) declined"
	},
	{
		"gameId": "400933925",
		"year": 2017,
		"week": 12,
		"homeId": "61",
		"homeTeam": "Georgia",
		"homeAbbr": "UGA",
		"awayId": "96",
		"awayTeam": "Kentucky",
		"awayAbbr": "UK",
		"driveIndex": "16",
		"playIndex": "4",
		"offenseId": "61",
		"offenseTeam": "Georgia",
		"offenseAbbr": "UGA",
		"defenseId": "96",
		"defenseTeam": "Kentucky",
		"defenseAbbr": "UK",
		"homeScore": 28,
		"awayScore": 13,
		"isScore": false,
		"quarter": 3,
		"clock": "0:00",
		"type": "Rush",
		"down": 2,
		"distance": 17,
		"yardLine": 18,
		"yardsGained": 12,
		"endYardLine": 30,
		"description": "Nick Chubb run for 12 yds to the Geo 30"
	},
	{
		"gameId": "400933925",
		"year": 2017,
		"week": 12,
		"homeId": "61",
		"homeTeam": "Georgia",
		"homeAbbr": "UGA",
		"awayId": "96",
		"awayTeam": "Kentucky",
		"awayAbbr": "UK",
		"driveIndex": "16",
		"playIndex": "5",
		"offenseId": "61",
		"offenseTeam": "Georgia",
		"offenseAbbr": "UGA",
		"defenseId": "96",
		"defenseTeam": "Kentucky",
		"defenseAbbr": "UK",
		"homeScore": 28,
		"awayScore": 13,
		"isScore": false,
		"quarter": 3,
		"clock": "0:00",
		"type": "End Period",
		"down": 0,
		"distance": 17,
		"yardLine": 0,
		"yardsGained": 0,
		"endYardLine": 30,
		"description": "End of 3rd Quarter"
	},
	{
		"gameId": "400933925",
		"year": 2017,
		"week": 12,
		"homeId": "61",
		"homeTeam": "Georgia",
		"homeAbbr": "UGA",
		"awayId": "96",
		"awayTeam": "Kentucky",
		"awayAbbr": "UK",
		"driveIndex": "16",
		"playIndex": "6",
		"offenseId": "61",
		"offenseTeam": "Georgia",
		"offenseAbbr": "UGA",
		"defenseId": "96",
		"defenseTeam": "Kentucky",
		"defenseAbbr": "UK",
		"homeScore": 28,
		"awayScore": 13,
		"isScore": false,
		"quarter": 4,
		"clock": "15:00",
		"type": "Pass Reception",
		"down": 3,
		"distance": 5,
		"yardLine": 30,
		"yardsGained": 15,
		"endYardLine": 45,
		"description": "Jake Fromm pass complete to Mecole Hardman for 15 yds to the Geo 45 for a 1ST down"
	},
	{
		"gameId": "400933925",
		"year": 2017,
		"week": 12,
		"homeId": "61",
		"homeTeam": "Georgia",
		"homeAbbr": "UGA",
		"awayId": "96",
		"awayTeam": "Kentucky",
		"awayAbbr": "UK",
		"driveIndex": "16",
		"playIndex": "7",
		"offenseId": "61",
		"offenseTeam": "Georgia",
		"offenseAbbr": "UGA",
		"defenseId": "96",
		"defenseTeam": "Kentucky",
		"defenseAbbr": "UK",
		"homeScore": 35,
		"awayScore": 13,
		"isScore": true,
		"quarter": 4,
		"clock": "14:17",
		"type": "Rushing Touchdown",
		"down": 1,
		"distance": 10,
		"yardLine": 45,
		"yardsGained": 55,
		"endYardLine": 100,
		"description": "Nick Chubb 55 Yd Run (Rodrigo Blankenship Kick)"
	},
	{
		"gameId": "400933925",
		"year": 2017,
		"week": 12,
		"homeId": "61",
		"homeTeam": "Georgia",
		"homeAbbr": "UGA",
		"awayId": "96",
		"awayTeam": "Kentucky",
		"awayAbbr": "UK",
		"driveIndex": "17",
		"playIndex": "0",
		"offenseId": "61",
		"offenseTeam": "Georgia",
		"offenseAbbr": "UGA",
		"defenseId": "96",
		"defenseTeam": "Kentucky",
		"defenseAbbr": "UK",
		"homeScore": 35,
		"awayScore": 13,
		"isScore": false,
		"quarter": 4,
		"clock": "14:17",
		"type": "Kickoff",
		"down": 1,
		"distance": 10,
		"yardLine": 35,
		"yardsGained": 20,
		"endYardLine": 79,
		"description": "Rodrigo Blankenship kickoff for 64 yds , Lynn Bowden Jr. return for 20 yds to the Kent 21"
	},
	{
		"gameId": "400933925",
		"year": 2017,
		"week": 12,
		"homeId": "61",
		"homeTeam": "Georgia",
		"homeAbbr": "UGA",
		"awayId": "96",
		"awayTeam": "Kentucky",
		"awayAbbr": "UK",
		"driveIndex": "17",
		"playIndex": "1",
		"offenseId": "96",
		"offenseTeam": "Kentucky",
		"offenseAbbr": "UK",
		"defenseId": "61",
		"defenseTeam": "Georgia",
		"defenseAbbr": "UGA",
		"homeScore": 35,
		"awayScore": 13,
		"isScore": false,
		"quarter": 4,
		"clock": "14:09",
		"type": "Rush",
		"down": 1,
		"distance": 10,
		"yardLine": 79,
		"yardsGained": 1,
		"endYardLine": 78,
		"description": "Benny Snell Jr. run for 1 yd to the Kent 22"
	},
	{
		"gameId": "400933925",
		"year": 2017,
		"week": 12,
		"homeId": "61",
		"homeTeam": "Georgia",
		"homeAbbr": "UGA",
		"awayId": "96",
		"awayTeam": "Kentucky",
		"awayAbbr": "UK",
		"driveIndex": "17",
		"playIndex": "2",
		"offenseId": "96",
		"offenseTeam": "Kentucky",
		"offenseAbbr": "UK",
		"defenseId": "61",
		"defenseTeam": "Georgia",
		"defenseAbbr": "UGA",
		"homeScore": 35,
		"awayScore": 13,
		"isScore": false,
		"quarter": 4,
		"clock": "13:36",
		"type": "Pass Incompletion",
		"down": 2,
		"distance": 9,
		"yardLine": 78,
		"yardsGained": 0,
		"endYardLine": 78,
		"description": "Stephen Johnson pass incomplete to Benny Snell Jr."
	},
	{
		"gameId": "400933925",
		"year": 2017,
		"week": 12,
		"homeId": "61",
		"homeTeam": "Georgia",
		"homeAbbr": "UGA",
		"awayId": "96",
		"awayTeam": "Kentucky",
		"awayAbbr": "UK",
		"driveIndex": "17",
		"playIndex": "3",
		"offenseId": "96",
		"offenseTeam": "Kentucky",
		"offenseAbbr": "UK",
		"defenseId": "61",
		"defenseTeam": "Georgia",
		"defenseAbbr": "UGA",
		"homeScore": 35,
		"awayScore": 13,
		"isScore": false,
		"quarter": 4,
		"clock": "13:21",
		"type": "Rush",
		"down": 3,
		"distance": 9,
		"yardLine": 78,
		"yardsGained": 1,
		"endYardLine": 77,
		"description": "Stephen Johnson run for 1 yd to the Kent 23"
	},
	{
		"gameId": "400933925",
		"year": 2017,
		"week": 12,
		"homeId": "61",
		"homeTeam": "Georgia",
		"homeAbbr": "UGA",
		"awayId": "96",
		"awayTeam": "Kentucky",
		"awayAbbr": "UK",
		"driveIndex": "17",
		"playIndex": "4",
		"offenseId": "96",
		"offenseTeam": "Kentucky",
		"offenseAbbr": "UK",
		"defenseId": "61",
		"defenseTeam": "Georgia",
		"defenseAbbr": "UGA",
		"homeScore": 35,
		"awayScore": 13,
		"isScore": false,
		"quarter": 4,
		"clock": "12:43",
		"type": "Punt",
		"down": 4,
		"distance": 8,
		"yardLine": 77,
		"yardsGained": 0,
		"endYardLine": 40,
		"description": "Matt Panton punt for 37 yds, downed at the Geo 40"
	},
	{
		"gameId": "400933925",
		"year": 2017,
		"week": 12,
		"homeId": "61",
		"homeTeam": "Georgia",
		"homeAbbr": "UGA",
		"awayId": "96",
		"awayTeam": "Kentucky",
		"awayAbbr": "UK",
		"driveIndex": "18",
		"playIndex": "0",
		"offenseId": "61",
		"offenseTeam": "Georgia",
		"offenseAbbr": "UGA",
		"defenseId": "96",
		"defenseTeam": "Kentucky",
		"defenseAbbr": "UK",
		"homeScore": 35,
		"awayScore": 13,
		"isScore": false,
		"quarter": 4,
		"clock": "12:43",
		"type": "Rush",
		"down": 1,
		"distance": 10,
		"yardLine": 40,
		"yardsGained": 17,
		"endYardLine": 57,
		"description": "D'Andre Swift run for 17 yds to the Kent 43 for a 1ST down"
	},
	{
		"gameId": "400933925",
		"year": 2017,
		"week": 12,
		"homeId": "61",
		"homeTeam": "Georgia",
		"homeAbbr": "UGA",
		"awayId": "96",
		"awayTeam": "Kentucky",
		"awayAbbr": "UK",
		"driveIndex": "18",
		"playIndex": "1",
		"offenseId": "61",
		"offenseTeam": "Georgia",
		"offenseAbbr": "UGA",
		"defenseId": "96",
		"defenseTeam": "Kentucky",
		"defenseAbbr": "UK",
		"homeScore": 35,
		"awayScore": 13,
		"isScore": false,
		"quarter": 4,
		"clock": "12:16",
		"type": "Rush",
		"down": 1,
		"distance": 10,
		"yardLine": 57,
		"yardsGained": 25,
		"endYardLine": 82,
		"description": "D'Andre Swift run for 25 yds to the Kent 18 for a 1ST down"
	},
	{
		"gameId": "400933925",
		"year": 2017,
		"week": 12,
		"homeId": "61",
		"homeTeam": "Georgia",
		"homeAbbr": "UGA",
		"awayId": "96",
		"awayTeam": "Kentucky",
		"awayAbbr": "UK",
		"driveIndex": "18",
		"playIndex": "2",
		"offenseId": "61",
		"offenseTeam": "Georgia",
		"offenseAbbr": "UGA",
		"defenseId": "96",
		"defenseTeam": "Kentucky",
		"defenseAbbr": "UK",
		"homeScore": 35,
		"awayScore": 13,
		"isScore": false,
		"quarter": 4,
		"clock": "11:29",
		"type": "Rush",
		"down": 1,
		"distance": 10,
		"yardLine": 82,
		"yardsGained": 14,
		"endYardLine": 96,
		"description": "Brian Herrien run for 14 yds to the Kent 4 for a 1ST down"
	},
	{
		"gameId": "400933925",
		"year": 2017,
		"week": 12,
		"homeId": "61",
		"homeTeam": "Georgia",
		"homeAbbr": "UGA",
		"awayId": "96",
		"awayTeam": "Kentucky",
		"awayAbbr": "UK",
		"driveIndex": "18",
		"playIndex": "3",
		"offenseId": "61",
		"offenseTeam": "Georgia",
		"offenseAbbr": "UGA",
		"defenseId": "96",
		"defenseTeam": "Kentucky",
		"defenseAbbr": "UK",
		"homeScore": 42,
		"awayScore": 13,
		"isScore": true,
		"quarter": 4,
		"clock": "10:59",
		"type": "Rushing Touchdown",
		"down": 1,
		"distance": 0,
		"yardLine": 96,
		"yardsGained": 4,
		"endYardLine": 100,
		"description": "Sony Michel 4 Yd Run (Rodrigo Blankenship Kick)"
	},
	{
		"gameId": "400933925",
		"year": 2017,
		"week": 12,
		"homeId": "61",
		"homeTeam": "Georgia",
		"homeAbbr": "UGA",
		"awayId": "96",
		"awayTeam": "Kentucky",
		"awayAbbr": "UK",
		"driveIndex": "19",
		"playIndex": "0",
		"offenseId": "61",
		"offenseTeam": "Georgia",
		"offenseAbbr": "UGA",
		"defenseId": "96",
		"defenseTeam": "Kentucky",
		"defenseAbbr": "UK",
		"homeScore": 42,
		"awayScore": 13,
		"isScore": false,
		"quarter": 4,
		"clock": "10:59",
		"type": "Kickoff",
		"down": 1,
		"distance": 10,
		"yardLine": 35,
		"yardsGained": 0,
		"endYardLine": 75,
		"description": "Rodrigo Blankenship kickoff for 65 yds for a touchback"
	},
	{
		"gameId": "400933925",
		"year": 2017,
		"week": 12,
		"homeId": "61",
		"homeTeam": "Georgia",
		"homeAbbr": "UGA",
		"awayId": "96",
		"awayTeam": "Kentucky",
		"awayAbbr": "UK",
		"driveIndex": "19",
		"playIndex": "1",
		"offenseId": "96",
		"offenseTeam": "Kentucky",
		"offenseAbbr": "UK",
		"defenseId": "61",
		"defenseTeam": "Georgia",
		"defenseAbbr": "UGA",
		"homeScore": 42,
		"awayScore": 13,
		"isScore": false,
		"quarter": 4,
		"clock": "10:59",
		"type": "Rush",
		"down": 1,
		"distance": 10,
		"yardLine": 75,
		"yardsGained": 4,
		"endYardLine": 71,
		"description": "Benny Snell Jr. run for 4 yds to the Kent 29"
	},
	{
		"gameId": "400933925",
		"year": 2017,
		"week": 12,
		"homeId": "61",
		"homeTeam": "Georgia",
		"homeAbbr": "UGA",
		"awayId": "96",
		"awayTeam": "Kentucky",
		"awayAbbr": "UK",
		"driveIndex": "19",
		"playIndex": "2",
		"offenseId": "96",
		"offenseTeam": "Kentucky",
		"offenseAbbr": "UK",
		"defenseId": "61",
		"defenseTeam": "Georgia",
		"defenseAbbr": "UGA",
		"homeScore": 42,
		"awayScore": 13,
		"isScore": false,
		"quarter": 4,
		"clock": "10:21",
		"type": "Rush",
		"down": 2,
		"distance": 6,
		"yardLine": 71,
		"yardsGained": 5,
		"endYardLine": 66,
		"description": "Benny Snell Jr. run for 5 yds to the Kent 34"
	},
	{
		"gameId": "400933925",
		"year": 2017,
		"week": 12,
		"homeId": "61",
		"homeTeam": "Georgia",
		"homeAbbr": "UGA",
		"awayId": "96",
		"awayTeam": "Kentucky",
		"awayAbbr": "UK",
		"driveIndex": "19",
		"playIndex": "3",
		"offenseId": "96",
		"offenseTeam": "Kentucky",
		"offenseAbbr": "UK",
		"defenseId": "61",
		"defenseTeam": "Georgia",
		"defenseAbbr": "UGA",
		"homeScore": 42,
		"awayScore": 13,
		"isScore": false,
		"quarter": 4,
		"clock": "9:46",
		"type": "Rush",
		"down": 3,
		"distance": 1,
		"yardLine": 64,
		"yardsGained": -13,
		"endYardLine": 79,
		"description": "Stephen Johnson run for 2 yds to the Kent 36 KENTUCKY Penalty, Unsportsmanlike Conduct (Stephen Johnson) to the Kent 21"
	},
	{
		"gameId": "400933925",
		"year": 2017,
		"week": 12,
		"homeId": "61",
		"homeTeam": "Georgia",
		"homeAbbr": "UGA",
		"awayId": "96",
		"awayTeam": "Kentucky",
		"awayAbbr": "UK",
		"driveIndex": "19",
		"playIndex": "4",
		"offenseId": "96",
		"offenseTeam": "Kentucky",
		"offenseAbbr": "UK",
		"defenseId": "61",
		"defenseTeam": "Georgia",
		"defenseAbbr": "UGA",
		"homeScore": 42,
		"awayScore": 13,
		"isScore": false,
		"quarter": 4,
		"clock": "9:15",
		"type": "Rush",
		"down": 1,
		"distance": 10,
		"yardLine": 79,
		"yardsGained": 12,
		"endYardLine": 67,
		"description": "Benny Snell Jr. run for 12 yds to the Kent 33 for a 1ST down"
	},
	{
		"gameId": "400933925",
		"year": 2017,
		"week": 12,
		"homeId": "61",
		"homeTeam": "Georgia",
		"homeAbbr": "UGA",
		"awayId": "96",
		"awayTeam": "Kentucky",
		"awayAbbr": "UK",
		"driveIndex": "19",
		"playIndex": "5",
		"offenseId": "96",
		"offenseTeam": "Kentucky",
		"offenseAbbr": "UK",
		"defenseId": "61",
		"defenseTeam": "Georgia",
		"defenseAbbr": "UGA",
		"homeScore": 42,
		"awayScore": 13,
		"isScore": false,
		"quarter": 4,
		"clock": "8:39",
		"type": "Penalty",
		"down": 1,
		"distance": 10,
		"yardLine": 67,
		"yardsGained": 4,
		"endYardLine": 63,
		"description": "GEORGIA Penalty, Substitution Infraction (4 Yards) to the Kent 37"
	},
	{
		"gameId": "400933925",
		"year": 2017,
		"week": 12,
		"homeId": "61",
		"homeTeam": "Georgia",
		"homeAbbr": "UGA",
		"awayId": "96",
		"awayTeam": "Kentucky",
		"awayAbbr": "UK",
		"driveIndex": "19",
		"playIndex": "6",
		"offenseId": "96",
		"offenseTeam": "Kentucky",
		"offenseAbbr": "UK",
		"defenseId": "61",
		"defenseTeam": "Georgia",
		"defenseAbbr": "UGA",
		"homeScore": 42,
		"awayScore": 13,
		"isScore": false,
		"quarter": 4,
		"clock": "8:01",
		"type": "Rush",
		"down": 1,
		"distance": 6,
		"yardLine": 63,
		"yardsGained": 0,
		"endYardLine": 63,
		"description": "Benny Snell Jr. run for no gain to the Kent 37"
	},
	{
		"gameId": "400933925",
		"year": 2017,
		"week": 12,
		"homeId": "61",
		"homeTeam": "Georgia",
		"homeAbbr": "UGA",
		"awayId": "96",
		"awayTeam": "Kentucky",
		"awayAbbr": "UK",
		"driveIndex": "19",
		"playIndex": "7",
		"offenseId": "96",
		"offenseTeam": "Kentucky",
		"offenseAbbr": "UK",
		"defenseId": "61",
		"defenseTeam": "Georgia",
		"defenseAbbr": "UGA",
		"homeScore": 42,
		"awayScore": 13,
		"isScore": false,
		"quarter": 4,
		"clock": "7:34",
		"type": "Rush",
		"down": 2,
		"distance": 6,
		"yardLine": 63,
		"yardsGained": 1,
		"endYardLine": 62,
		"description": "Benny Snell Jr. run for 1 yd to the Kent 38"
	},
	{
		"gameId": "400933925",
		"year": 2017,
		"week": 12,
		"homeId": "61",
		"homeTeam": "Georgia",
		"homeAbbr": "UGA",
		"awayId": "96",
		"awayTeam": "Kentucky",
		"awayAbbr": "UK",
		"driveIndex": "19",
		"playIndex": "8",
		"offenseId": "96",
		"offenseTeam": "Kentucky",
		"offenseAbbr": "UK",
		"defenseId": "61",
		"defenseTeam": "Georgia",
		"defenseAbbr": "UGA",
		"homeScore": 42,
		"awayScore": 13,
		"isScore": false,
		"quarter": 4,
		"clock": "7:07",
		"type": "Pass Reception",
		"down": 3,
		"distance": 5,
		"yardLine": 62,
		"yardsGained": 7,
		"endYardLine": 55,
		"description": "Stephen Johnson pass complete to Garrett Johnson for 7 yds to the Kent 45 for a 1ST down"
	},
	{
		"gameId": "400933925",
		"year": 2017,
		"week": 12,
		"homeId": "61",
		"homeTeam": "Georgia",
		"homeAbbr": "UGA",
		"awayId": "96",
		"awayTeam": "Kentucky",
		"awayAbbr": "UK",
		"driveIndex": "19",
		"playIndex": "9",
		"offenseId": "96",
		"offenseTeam": "Kentucky",
		"offenseAbbr": "UK",
		"defenseId": "61",
		"defenseTeam": "Georgia",
		"defenseAbbr": "UGA",
		"homeScore": 42,
		"awayScore": 13,
		"isScore": false,
		"quarter": 4,
		"clock": "6:36",
		"type": "Rush",
		"down": 1,
		"distance": 10,
		"yardLine": 55,
		"yardsGained": 1,
		"endYardLine": 54,
		"description": "Sihiem King run for 1 yd to the Kent 46"
	},
	{
		"gameId": "400933925",
		"year": 2017,
		"week": 12,
		"homeId": "61",
		"homeTeam": "Georgia",
		"homeAbbr": "UGA",
		"awayId": "96",
		"awayTeam": "Kentucky",
		"awayAbbr": "UK",
		"driveIndex": "19",
		"playIndex": "10",
		"offenseId": "96",
		"offenseTeam": "Kentucky",
		"offenseAbbr": "UK",
		"defenseId": "61",
		"defenseTeam": "Georgia",
		"defenseAbbr": "UGA",
		"homeScore": 42,
		"awayScore": 13,
		"isScore": false,
		"quarter": 4,
		"clock": "6:03",
		"type": "Pass Incompletion",
		"down": 2,
		"distance": 9,
		"yardLine": 54,
		"yardsGained": 0,
		"endYardLine": 54,
		"description": "Stephen Johnson pass incomplete to Josh Ali"
	},
	{
		"gameId": "400933925",
		"year": 2017,
		"week": 12,
		"homeId": "61",
		"homeTeam": "Georgia",
		"homeAbbr": "UGA",
		"awayId": "96",
		"awayTeam": "Kentucky",
		"awayAbbr": "UK",
		"driveIndex": "19",
		"playIndex": "11",
		"offenseId": "96",
		"offenseTeam": "Kentucky",
		"offenseAbbr": "UK",
		"defenseId": "61",
		"defenseTeam": "Georgia",
		"defenseAbbr": "UGA",
		"homeScore": 42,
		"awayScore": 13,
		"isScore": false,
		"quarter": 4,
		"clock": "5:56",
		"type": "Sack",
		"down": 3,
		"distance": 9,
		"yardLine": 54,
		"yardsGained": -1,
		"endYardLine": 55,
		"description": "Stephen Johnson sacked by Tyler Clark for a loss of 1 yard to the Kent 45"
	},
	{
		"gameId": "400933925",
		"year": 2017,
		"week": 12,
		"homeId": "61",
		"homeTeam": "Georgia",
		"homeAbbr": "UGA",
		"awayId": "96",
		"awayTeam": "Kentucky",
		"awayAbbr": "UK",
		"driveIndex": "19",
		"playIndex": "12",
		"offenseId": "96",
		"offenseTeam": "Kentucky",
		"offenseAbbr": "UK",
		"defenseId": "61",
		"defenseTeam": "Georgia",
		"defenseAbbr": "UGA",
		"homeScore": 42,
		"awayScore": 13,
		"isScore": false,
		"quarter": 4,
		"clock": "5:14",
		"type": "Punt",
		"down": 4,
		"distance": 10,
		"yardLine": 55,
		"yardsGained": 0,
		"endYardLine": 13,
		"description": "Matt Panton punt for 42 yds, fair catch by Ahkil Crumpton at the Geo 13"
	},
	{
		"gameId": "400933925",
		"year": 2017,
		"week": 12,
		"homeId": "61",
		"homeTeam": "Georgia",
		"homeAbbr": "UGA",
		"awayId": "96",
		"awayTeam": "Kentucky",
		"awayAbbr": "UK",
		"driveIndex": "20",
		"playIndex": "0",
		"offenseId": "61",
		"offenseTeam": "Georgia",
		"offenseAbbr": "UGA",
		"defenseId": "96",
		"defenseTeam": "Kentucky",
		"defenseAbbr": "UK",
		"homeScore": 42,
		"awayScore": 13,
		"isScore": false,
		"quarter": 4,
		"clock": "5:14",
		"type": "Rush",
		"down": 1,
		"distance": 10,
		"yardLine": 13,
		"yardsGained": 3,
		"endYardLine": 16,
		"description": "D'Andre Swift run for 3 yds to the Geo 16"
	},
	{
		"gameId": "400933925",
		"year": 2017,
		"week": 12,
		"homeId": "61",
		"homeTeam": "Georgia",
		"homeAbbr": "UGA",
		"awayId": "96",
		"awayTeam": "Kentucky",
		"awayAbbr": "UK",
		"driveIndex": "20",
		"playIndex": "1",
		"offenseId": "61",
		"offenseTeam": "Georgia",
		"offenseAbbr": "UGA",
		"defenseId": "96",
		"defenseTeam": "Kentucky",
		"defenseAbbr": "UK",
		"homeScore": 42,
		"awayScore": 13,
		"isScore": false,
		"quarter": 4,
		"clock": "4:53",
		"type": "Rush",
		"down": 2,
		"distance": 7,
		"yardLine": 16,
		"yardsGained": 7,
		"endYardLine": 23,
		"description": "Elijah Holyfield run for 7 yds to the Geo 23 for a 1ST down"
	},
	{
		"gameId": "400933925",
		"year": 2017,
		"week": 12,
		"homeId": "61",
		"homeTeam": "Georgia",
		"homeAbbr": "UGA",
		"awayId": "96",
		"awayTeam": "Kentucky",
		"awayAbbr": "UK",
		"driveIndex": "20",
		"playIndex": "2",
		"offenseId": "61",
		"offenseTeam": "Georgia",
		"offenseAbbr": "UGA",
		"defenseId": "96",
		"defenseTeam": "Kentucky",
		"defenseAbbr": "UK",
		"homeScore": 42,
		"awayScore": 13,
		"isScore": false,
		"quarter": 4,
		"clock": "3:34",
		"type": "Rush",
		"down": 1,
		"distance": 10,
		"yardLine": 23,
		"yardsGained": 9,
		"endYardLine": 32,
		"description": "Elijah Holyfield run for 9 yds to the Geo 32"
	},
	{
		"gameId": "400933925",
		"year": 2017,
		"week": 12,
		"homeId": "61",
		"homeTeam": "Georgia",
		"homeAbbr": "UGA",
		"awayId": "96",
		"awayTeam": "Kentucky",
		"awayAbbr": "UK",
		"driveIndex": "20",
		"playIndex": "3",
		"offenseId": "61",
		"offenseTeam": "Georgia",
		"offenseAbbr": "UGA",
		"defenseId": "96",
		"defenseTeam": "Kentucky",
		"defenseAbbr": "UK",
		"homeScore": 42,
		"awayScore": 13,
		"isScore": false,
		"quarter": 4,
		"clock": "2:59",
		"type": "Rush",
		"down": 2,
		"distance": 1,
		"yardLine": 32,
		"yardsGained": 4,
		"endYardLine": 36,
		"description": "Brian Herrien run for 4 yds to the Geo 36 for a 1ST down"
	},
	{
		"gameId": "400933925",
		"year": 2017,
		"week": 12,
		"homeId": "61",
		"homeTeam": "Georgia",
		"homeAbbr": "UGA",
		"awayId": "96",
		"awayTeam": "Kentucky",
		"awayAbbr": "UK",
		"driveIndex": "20",
		"playIndex": "4",
		"offenseId": "61",
		"offenseTeam": "Georgia",
		"offenseAbbr": "UGA",
		"defenseId": "96",
		"defenseTeam": "Kentucky",
		"defenseAbbr": "UK",
		"homeScore": 42,
		"awayScore": 13,
		"isScore": false,
		"quarter": 4,
		"clock": "2:14",
		"type": "Rush",
		"down": 1,
		"distance": 10,
		"yardLine": 36,
		"yardsGained": 30,
		"endYardLine": 66,
		"description": "Brian Herrien run for 30 yds to the Kent 34 for a 1ST down"
	},
	{
		"gameId": "400933925",
		"year": 2017,
		"week": 12,
		"homeId": "61",
		"homeTeam": "Georgia",
		"homeAbbr": "UGA",
		"awayId": "96",
		"awayTeam": "Kentucky",
		"awayAbbr": "UK",
		"driveIndex": "20",
		"playIndex": "5",
		"offenseId": "61",
		"offenseTeam": "Georgia",
		"offenseAbbr": "UGA",
		"defenseId": "96",
		"defenseTeam": "Kentucky",
		"defenseAbbr": "UK",
		"homeScore": 42,
		"awayScore": 13,
		"isScore": false,
		"quarter": 4,
		"clock": "1:16",
		"type": "Rush",
		"down": 1,
		"distance": 10,
		"yardLine": 66,
		"yardsGained": -2,
		"endYardLine": 64,
		"description": "TEAM run for a loss of 2 yards to the Kent 36"
	},
	{
		"gameId": "400933925",
		"year": 2017,
		"week": 12,
		"homeId": "61",
		"homeTeam": "Georgia",
		"homeAbbr": "UGA",
		"awayId": "96",
		"awayTeam": "Kentucky",
		"awayAbbr": "UK",
		"driveIndex": "20",
		"playIndex": "6",
		"offenseId": "61",
		"offenseTeam": "Georgia",
		"offenseAbbr": "UGA",
		"defenseId": "96",
		"defenseTeam": "Kentucky",
		"defenseAbbr": "UK",
		"homeScore": 42,
		"awayScore": 13,
		"isScore": false,
		"quarter": 4,
		"clock": "0:00",
		"type": "Rush",
		"down": 2,
		"distance": 12,
		"yardLine": 64,
		"yardsGained": -2,
		"endYardLine": 62,
		"description": "TEAM run for a loss of 2 yards to the Kent 38"
	},
	{
		"gameId": "400933925",
		"year": 2017,
		"week": 12,
		"homeId": "61",
		"homeTeam": "Georgia",
		"homeAbbr": "UGA",
		"awayId": "96",
		"awayTeam": "Kentucky",
		"awayAbbr": "UK",
		"driveIndex": "20",
		"playIndex": "7",
		"offenseId": "61",
		"offenseTeam": "Georgia",
		"offenseAbbr": "UGA",
		"defenseId": "96",
		"defenseTeam": "Kentucky",
		"defenseAbbr": "UK",
		"homeScore": 42,
		"awayScore": 13,
		"isScore": false,
		"quarter": 4,
		"clock": "0:00",
		"type": "End of Game",
		"down": 0,
		"distance": 12,
		"yardLine": 0,
		"yardsGained": 0,
		"endYardLine": 62,
		"description": "End of 4th Quarter"
	}
]