[
	{
		"gameId": "400935421",
		"year": 2017,
		"week": 13,
		"homeId": "135",
		"homeTeam": "Minnesota",
		"homeAbbr": "MINN",
		"awayId": "275",
		"awayTeam": "Wisconsin",
		"awayAbbr": "WIS",
		"driveIndex": "0",
		"playIndex": "0",
		"offenseId": "135",
		"offenseTeam": "Minnesota",
		"offenseAbbr": "MINN",
		"defenseId": "275",
		"defenseTeam": "Wisconsin",
		"defenseAbbr": "WIS",
		"homeScore": 0,
		"awayScore": 0,
		"isScore": false,
		"quarter": 1,
		"clock": "15:00",
		"type": "Kickoff",
		"down": 1,
		"distance": 10,
		"yardLine": 35,
		"yardsGained": 24,
		"endYardLine": 75,
		"description": "Ryan Santoso kickoff for 64 yds , Derrick Tindal return for 24 yds to the Wisc 25"
	},
	{
		"gameId": "400935421",
		"year": 2017,
		"week": 13,
		"homeId": "135",
		"homeTeam": "Minnesota",
		"homeAbbr": "MINN",
		"awayId": "275",
		"awayTeam": "Wisconsin",
		"awayAbbr": "WIS",
		"driveIndex": "0",
		"playIndex": "1",
		"offenseId": "275",
		"offenseTeam": "Wisconsin",
		"offenseAbbr": "WIS",
		"defenseId": "135",
		"defenseTeam": "Minnesota",
		"defenseAbbr": "MINN",
		"homeScore": 0,
		"awayScore": 0,
		"isScore": false,
		"quarter": 1,
		"clock": "14:44",
		"type": "Rush",
		"down": 1,
		"distance": 10,
		"yardLine": 75,
		"yardsGained": 13,
		"endYardLine": 62,
		"description": "Jonathan Taylor run for 13 yds to the Wisc 38 for a 1ST down"
	},
	{
		"gameId": "400935421",
		"year": 2017,
		"week": 13,
		"homeId": "135",
		"homeTeam": "Minnesota",
		"homeAbbr": "MINN",
		"awayId": "275",
		"awayTeam": "Wisconsin",
		"awayAbbr": "WIS",
		"driveIndex": "0",
		"playIndex": "2",
		"offenseId": "275",
		"offenseTeam": "Wisconsin",
		"offenseAbbr": "WIS",
		"defenseId": "135",
		"defenseTeam": "Minnesota",
		"defenseAbbr": "MINN",
		"homeScore": 0,
		"awayScore": 0,
		"isScore": false,
		"quarter": 1,
		"clock": "14:14",
		"type": "Rush",
		"down": 1,
		"distance": 10,
		"yardLine": 62,
		"yardsGained": 6,
		"endYardLine": 56,
		"description": "Jonathan Taylor run for 6 yds to the Wisc 44"
	},
	{
		"gameId": "400935421",
		"year": 2017,
		"week": 13,
		"homeId": "135",
		"homeTeam": "Minnesota",
		"homeAbbr": "MINN",
		"awayId": "275",
		"awayTeam": "Wisconsin",
		"awayAbbr": "WIS",
		"driveIndex": "0",
		"playIndex": "3",
		"offenseId": "275",
		"offenseTeam": "Wisconsin",
		"offenseAbbr": "WIS",
		"defenseId": "135",
		"defenseTeam": "Minnesota",
		"defenseAbbr": "MINN",
		"homeScore": 0,
		"awayScore": 0,
		"isScore": false,
		"quarter": 1,
		"clock": "13:35",
		"type": "Rush",
		"down": 2,
		"distance": 4,
		"yardLine": 56,
		"yardsGained": -1,
		"endYardLine": 57,
		"description": "Jonathan Taylor run for a loss of 1 yard to the Wisc 43"
	},
	{
		"gameId": "400935421",
		"year": 2017,
		"week": 13,
		"homeId": "135",
		"homeTeam": "Minnesota",
		"homeAbbr": "MINN",
		"awayId": "275",
		"awayTeam": "Wisconsin",
		"awayAbbr": "WIS",
		"driveIndex": "0",
		"playIndex": "4",
		"offenseId": "275",
		"offenseTeam": "Wisconsin",
		"offenseAbbr": "WIS",
		"defenseId": "135",
		"defenseTeam": "Minnesota",
		"defenseAbbr": "MINN",
		"homeScore": 0,
		"awayScore": 0,
		"isScore": false,
		"quarter": 1,
		"clock": "12:37",
		"type": "Pass Reception",
		"down": 3,
		"distance": 5,
		"yardLine": 57,
		"yardsGained": 10,
		"endYardLine": 47,
		"description": "Alex Hornibrook pass complete to Danny Davis III for 10 yds to the Minn 47 for a 1ST down"
	},
	{
		"gameId": "400935421",
		"year": 2017,
		"week": 13,
		"homeId": "135",
		"homeTeam": "Minnesota",
		"homeAbbr": "MINN",
		"awayId": "275",
		"awayTeam": "Wisconsin",
		"awayAbbr": "WIS",
		"driveIndex": "0",
		"playIndex": "5",
		"offenseId": "275",
		"offenseTeam": "Wisconsin",
		"offenseAbbr": "WIS",
		"defenseId": "135",
		"defenseTeam": "Minnesota",
		"defenseAbbr": "MINN",
		"homeScore": 0,
		"awayScore": 0,
		"isScore": false,
		"quarter": 1,
		"clock": "12:23",
		"type": "Rush",
		"down": 1,
		"distance": 10,
		"yardLine": 47,
		"yardsGained": 2,
		"endYardLine": 45,
		"description": "Jonathan Taylor run for 2 yds to the Minn 45"
	},
	{
		"gameId": "400935421",
		"year": 2017,
		"week": 13,
		"homeId": "135",
		"homeTeam": "Minnesota",
		"homeAbbr": "MINN",
		"awayId": "275",
		"awayTeam": "Wisconsin",
		"awayAbbr": "WIS",
		"driveIndex": "0",
		"playIndex": "6",
		"offenseId": "275",
		"offenseTeam": "Wisconsin",
		"offenseAbbr": "WIS",
		"defenseId": "135",
		"defenseTeam": "Minnesota",
		"defenseAbbr": "MINN",
		"homeScore": 0,
		"awayScore": 0,
		"isScore": false,
		"quarter": 1,
		"clock": "11:49",
		"type": "Rush",
		"down": 2,
		"distance": 8,
		"yardLine": 45,
		"yardsGained": 0,
		"endYardLine": 45,
		"description": "Jonathan Taylor run for no gain to the Minn 45"
	},
	{
		"gameId": "400935421",
		"year": 2017,
		"week": 13,
		"homeId": "135",
		"homeTeam": "Minnesota",
		"homeAbbr": "MINN",
		"awayId": "275",
		"awayTeam": "Wisconsin",
		"awayAbbr": "WIS",
		"driveIndex": "0",
		"playIndex": "7",
		"offenseId": "275",
		"offenseTeam": "Wisconsin",
		"offenseAbbr": "WIS",
		"defenseId": "135",
		"defenseTeam": "Minnesota",
		"defenseAbbr": "MINN",
		"homeScore": 0,
		"awayScore": 0,
		"isScore": false,
		"quarter": 1,
		"clock": "11:06",
		"type": "Pass Incompletion",
		"down": 3,
		"distance": 8,
		"yardLine": 45,
		"yardsGained": 0,
		"endYardLine": 45,
		"description": "Alex Hornibrook pass incomplete to Kendric Pryor"
	},
	{
		"gameId": "400935421",
		"year": 2017,
		"week": 13,
		"homeId": "135",
		"homeTeam": "Minnesota",
		"homeAbbr": "MINN",
		"awayId": "275",
		"awayTeam": "Wisconsin",
		"awayAbbr": "WIS",
		"driveIndex": "0",
		"playIndex": "8",
		"offenseId": "275",
		"offenseTeam": "Wisconsin",
		"offenseAbbr": "WIS",
		"defenseId": "135",
		"defenseTeam": "Minnesota",
		"defenseAbbr": "MINN",
		"homeScore": 0,
		"awayScore": 0,
		"isScore": false,
		"quarter": 1,
		"clock": "10:57",
		"type": "Punt",
		"down": 4,
		"distance": 8,
		"yardLine": 45,
		"yardsGained": 0,
		"endYardLine": 15,
		"description": "Anthony Lotti punt for 30 yds, downed at the Minn 15"
	},
	{
		"gameId": "400935421",
		"year": 2017,
		"week": 13,
		"homeId": "135",
		"homeTeam": "Minnesota",
		"homeAbbr": "MINN",
		"awayId": "275",
		"awayTeam": "Wisconsin",
		"awayAbbr": "WIS",
		"driveIndex": "1",
		"playIndex": "0",
		"offenseId": "135",
		"offenseTeam": "Minnesota",
		"offenseAbbr": "MINN",
		"defenseId": "275",
		"defenseTeam": "Wisconsin",
		"defenseAbbr": "WIS",
		"homeScore": 0,
		"awayScore": 0,
		"isScore": false,
		"quarter": 1,
		"clock": "10:49",
		"type": "Rush",
		"down": 1,
		"distance": 10,
		"yardLine": 15,
		"yardsGained": 2,
		"endYardLine": 17,
		"description": "Rodney Smith run for 2 yds to the Minn 17"
	},
	{
		"gameId": "400935421",
		"year": 2017,
		"week": 13,
		"homeId": "135",
		"homeTeam": "Minnesota",
		"homeAbbr": "MINN",
		"awayId": "275",
		"awayTeam": "Wisconsin",
		"awayAbbr": "WIS",
		"driveIndex": "1",
		"playIndex": "1",
		"offenseId": "135",
		"offenseTeam": "Minnesota",
		"offenseAbbr": "MINN",
		"defenseId": "275",
		"defenseTeam": "Wisconsin",
		"defenseAbbr": "WIS",
		"homeScore": 0,
		"awayScore": 0,
		"isScore": false,
		"quarter": 1,
		"clock": "10:15",
		"type": "Pass Incompletion",
		"down": 2,
		"distance": 8,
		"yardLine": 17,
		"yardsGained": 0,
		"endYardLine": 17,
		"description": "Demry Croft pass incomplete to Nate Wozniak"
	},
	{
		"gameId": "400935421",
		"year": 2017,
		"week": 13,
		"homeId": "135",
		"homeTeam": "Minnesota",
		"homeAbbr": "MINN",
		"awayId": "275",
		"awayTeam": "Wisconsin",
		"awayAbbr": "WIS",
		"driveIndex": "1",
		"playIndex": "2",
		"offenseId": "135",
		"offenseTeam": "Minnesota",
		"offenseAbbr": "MINN",
		"defenseId": "275",
		"defenseTeam": "Wisconsin",
		"defenseAbbr": "WIS",
		"homeScore": 0,
		"awayScore": 0,
		"isScore": false,
		"quarter": 1,
		"clock": "10:05",
		"type": "Rush",
		"down": 3,
		"distance": 8,
		"yardLine": 17,
		"yardsGained": 6,
		"endYardLine": 23,
		"description": "Rodney Smith run for 6 yds to the Minn 23"
	},
	{
		"gameId": "400935421",
		"year": 2017,
		"week": 13,
		"homeId": "135",
		"homeTeam": "Minnesota",
		"homeAbbr": "MINN",
		"awayId": "275",
		"awayTeam": "Wisconsin",
		"awayAbbr": "WIS",
		"driveIndex": "1",
		"playIndex": "3",
		"offenseId": "135",
		"offenseTeam": "Minnesota",
		"offenseAbbr": "MINN",
		"defenseId": "275",
		"defenseTeam": "Wisconsin",
		"defenseAbbr": "WIS",
		"homeScore": 0,
		"awayScore": 0,
		"isScore": false,
		"quarter": 1,
		"clock": "9:36",
		"type": "Punt",
		"down": 4,
		"distance": 2,
		"yardLine": 23,
		"yardsGained": 0,
		"endYardLine": 60,
		"description": "Ryan Santoso punt for 37 yds, fair catch by Nick Nelson at the Wisc 40"
	},
	{
		"gameId": "400935421",
		"year": 2017,
		"week": 13,
		"homeId": "135",
		"homeTeam": "Minnesota",
		"homeAbbr": "MINN",
		"awayId": "275",
		"awayTeam": "Wisconsin",
		"awayAbbr": "WIS",
		"driveIndex": "2",
		"playIndex": "0",
		"offenseId": "275",
		"offenseTeam": "Wisconsin",
		"offenseAbbr": "WIS",
		"defenseId": "135",
		"defenseTeam": "Minnesota",
		"defenseAbbr": "MINN",
		"homeScore": 0,
		"awayScore": 0,
		"isScore": false,
		"quarter": 1,
		"clock": "9:27",
		"type": "Rush",
		"down": 1,
		"distance": 10,
		"yardLine": 60,
		"yardsGained": 4,
		"endYardLine": 56,
		"description": "Jonathan Taylor run for 4 yds to the Wisc 44"
	},
	{
		"gameId": "400935421",
		"year": 2017,
		"week": 13,
		"homeId": "135",
		"homeTeam": "Minnesota",
		"homeAbbr": "MINN",
		"awayId": "275",
		"awayTeam": "Wisconsin",
		"awayAbbr": "WIS",
		"driveIndex": "2",
		"playIndex": "1",
		"offenseId": "275",
		"offenseTeam": "Wisconsin",
		"offenseAbbr": "WIS",
		"defenseId": "135",
		"defenseTeam": "Minnesota",
		"defenseAbbr": "MINN",
		"homeScore": 0,
		"awayScore": 0,
		"isScore": false,
		"quarter": 1,
		"clock": "8:46",
		"type": "Pass Reception",
		"down": 2,
		"distance": 6,
		"yardLine": 56,
		"yardsGained": 4,
		"endYardLine": 52,
		"description": "Alex Hornibrook pass complete to Austin Ramesh for 4 yds to the Wisc 48"
	},
	{
		"gameId": "400935421",
		"year": 2017,
		"week": 13,
		"homeId": "135",
		"homeTeam": "Minnesota",
		"homeAbbr": "MINN",
		"awayId": "275",
		"awayTeam": "Wisconsin",
		"awayAbbr": "WIS",
		"driveIndex": "2",
		"playIndex": "2",
		"offenseId": "275",
		"offenseTeam": "Wisconsin",
		"offenseAbbr": "WIS",
		"defenseId": "135",
		"defenseTeam": "Minnesota",
		"defenseAbbr": "MINN",
		"homeScore": 0,
		"awayScore": 0,
		"isScore": false,
		"quarter": 1,
		"clock": "8:14",
		"type": "Pass Incompletion",
		"down": 3,
		"distance": 2,
		"yardLine": 52,
		"yardsGained": 0,
		"endYardLine": 52,
		"description": "Alex Hornibrook pass incomplete to Kendric Pryor"
	},
	{
		"gameId": "400935421",
		"year": 2017,
		"week": 13,
		"homeId": "135",
		"homeTeam": "Minnesota",
		"homeAbbr": "MINN",
		"awayId": "275",
		"awayTeam": "Wisconsin",
		"awayAbbr": "WIS",
		"driveIndex": "2",
		"playIndex": "3",
		"offenseId": "275",
		"offenseTeam": "Wisconsin",
		"offenseAbbr": "WIS",
		"defenseId": "135",
		"defenseTeam": "Minnesota",
		"defenseAbbr": "MINN",
		"homeScore": 0,
		"awayScore": 0,
		"isScore": false,
		"quarter": 1,
		"clock": "8:04",
		"type": "Punt",
		"down": 4,
		"distance": 2,
		"yardLine": 52,
		"yardsGained": 19,
		"endYardLine": 33,
		"description": "Anthony Lotti punt for 34 yds, downed at the MINNESOTA 18 for a 1ST down WISCONSIN Penalty, Kick Catching Interference (Derrick Tindal) to the Minn 33 for a 1ST down"
	},
	{
		"gameId": "400935421",
		"year": 2017,
		"week": 13,
		"homeId": "135",
		"homeTeam": "Minnesota",
		"homeAbbr": "MINN",
		"awayId": "275",
		"awayTeam": "Wisconsin",
		"awayAbbr": "WIS",
		"driveIndex": "3",
		"playIndex": "0",
		"offenseId": "135",
		"offenseTeam": "Minnesota",
		"offenseAbbr": "MINN",
		"defenseId": "275",
		"defenseTeam": "Wisconsin",
		"defenseAbbr": "WIS",
		"homeScore": 0,
		"awayScore": 0,
		"isScore": false,
		"quarter": 1,
		"clock": "7:54",
		"type": "Rush",
		"down": 1,
		"distance": 10,
		"yardLine": 33,
		"yardsGained": 3,
		"endYardLine": 36,
		"description": "Rodney Smith run for 3 yds to the Minn 36"
	},
	{
		"gameId": "400935421",
		"year": 2017,
		"week": 13,
		"homeId": "135",
		"homeTeam": "Minnesota",
		"homeAbbr": "MINN",
		"awayId": "275",
		"awayTeam": "Wisconsin",
		"awayAbbr": "WIS",
		"driveIndex": "3",
		"playIndex": "1",
		"offenseId": "135",
		"offenseTeam": "Minnesota",
		"offenseAbbr": "MINN",
		"defenseId": "275",
		"defenseTeam": "Wisconsin",
		"defenseAbbr": "WIS",
		"homeScore": 0,
		"awayScore": 0,
		"isScore": false,
		"quarter": 1,
		"clock": "7:19",
		"type": "Rush",
		"down": 2,
		"distance": 7,
		"yardLine": 36,
		"yardsGained": 1,
		"endYardLine": 37,
		"description": "Rodney Smith run for 1 yd to the Minn 37"
	},
	{
		"gameId": "400935421",
		"year": 2017,
		"week": 13,
		"homeId": "135",
		"homeTeam": "Minnesota",
		"homeAbbr": "MINN",
		"awayId": "275",
		"awayTeam": "Wisconsin",
		"awayAbbr": "WIS",
		"driveIndex": "3",
		"playIndex": "2",
		"offenseId": "135",
		"offenseTeam": "Minnesota",
		"offenseAbbr": "MINN",
		"defenseId": "275",
		"defenseTeam": "Wisconsin",
		"defenseAbbr": "WIS",
		"homeScore": 0,
		"awayScore": 0,
		"isScore": false,
		"quarter": 1,
		"clock": "6:42",
		"type": "Rush",
		"down": 3,
		"distance": 6,
		"yardLine": 37,
		"yardsGained": 0,
		"endYardLine": 37,
		"description": "Demry Croft run for no gain to the Minn 37"
	},
	{
		"gameId": "400935421",
		"year": 2017,
		"week": 13,
		"homeId": "135",
		"homeTeam": "Minnesota",
		"homeAbbr": "MINN",
		"awayId": "275",
		"awayTeam": "Wisconsin",
		"awayAbbr": "WIS",
		"driveIndex": "3",
		"playIndex": "3",
		"offenseId": "135",
		"offenseTeam": "Minnesota",
		"offenseAbbr": "MINN",
		"defenseId": "275",
		"defenseTeam": "Wisconsin",
		"defenseAbbr": "WIS",
		"homeScore": 0,
		"awayScore": 0,
		"isScore": false,
		"quarter": 1,
		"clock": "6:33",
		"type": "Punt",
		"down": 4,
		"distance": 6,
		"yardLine": 37,
		"yardsGained": 0,
		"endYardLine": 73,
		"description": "Ryan Santoso punt for 36 yds, punt out-of-bounds at the Wisc 27"
	},
	{
		"gameId": "400935421",
		"year": 2017,
		"week": 13,
		"homeId": "135",
		"homeTeam": "Minnesota",
		"homeAbbr": "MINN",
		"awayId": "275",
		"awayTeam": "Wisconsin",
		"awayAbbr": "WIS",
		"driveIndex": "4",
		"playIndex": "0",
		"offenseId": "275",
		"offenseTeam": "Wisconsin",
		"offenseAbbr": "WIS",
		"defenseId": "135",
		"defenseTeam": "Minnesota",
		"defenseAbbr": "MINN",
		"homeScore": 0,
		"awayScore": 0,
		"isScore": false,
		"quarter": 1,
		"clock": "6:25",
		"type": "Pass Reception",
		"down": 1,
		"distance": 10,
		"yardLine": 73,
		"yardsGained": 11,
		"endYardLine": 62,
		"description": "Alex Hornibrook pass complete to Kendric Pryor for 11 yds to the Wisc 38 for a 1ST down"
	},
	{
		"gameId": "400935421",
		"year": 2017,
		"week": 13,
		"homeId": "135",
		"homeTeam": "Minnesota",
		"homeAbbr": "MINN",
		"awayId": "275",
		"awayTeam": "Wisconsin",
		"awayAbbr": "WIS",
		"driveIndex": "4",
		"playIndex": "1",
		"offenseId": "275",
		"offenseTeam": "Wisconsin",
		"offenseAbbr": "WIS",
		"defenseId": "135",
		"defenseTeam": "Minnesota",
		"defenseAbbr": "MINN",
		"homeScore": 0,
		"awayScore": 0,
		"isScore": false,
		"quarter": 1,
		"clock": "5:45",
		"type": "Rush",
		"down": 1,
		"distance": 10,
		"yardLine": 62,
		"yardsGained": 2,
		"endYardLine": 60,
		"description": "Bradrick Shaw run for 2 yds to the Wisc 40"
	},
	{
		"gameId": "400935421",
		"year": 2017,
		"week": 13,
		"homeId": "135",
		"homeTeam": "Minnesota",
		"homeAbbr": "MINN",
		"awayId": "275",
		"awayTeam": "Wisconsin",
		"awayAbbr": "WIS",
		"driveIndex": "4",
		"playIndex": "2",
		"offenseId": "275",
		"offenseTeam": "Wisconsin",
		"offenseAbbr": "WIS",
		"defenseId": "135",
		"defenseTeam": "Minnesota",
		"defenseAbbr": "MINN",
		"homeScore": 0,
		"awayScore": 0,
		"isScore": false,
		"quarter": 1,
		"clock": "5:13",
		"type": "Pass Reception",
		"down": 2,
		"distance": 8,
		"yardLine": 60,
		"yardsGained": 8,
		"endYardLine": 52,
		"description": "Alex Hornibrook pass complete to A.J. Taylor for 8 yds to the Wisc 48 for a 1ST down"
	},
	{
		"gameId": "400935421",
		"year": 2017,
		"week": 13,
		"homeId": "135",
		"homeTeam": "Minnesota",
		"homeAbbr": "MINN",
		"awayId": "275",
		"awayTeam": "Wisconsin",
		"awayAbbr": "WIS",
		"driveIndex": "4",
		"playIndex": "3",
		"offenseId": "275",
		"offenseTeam": "Wisconsin",
		"offenseAbbr": "WIS",
		"defenseId": "135",
		"defenseTeam": "Minnesota",
		"defenseAbbr": "MINN",
		"homeScore": 0,
		"awayScore": 0,
		"isScore": false,
		"quarter": 1,
		"clock": "4:45",
		"type": "Rush",
		"down": 1,
		"distance": 10,
		"yardLine": 52,
		"yardsGained": 2,
		"endYardLine": 50,
		"description": "Rachid Ibrahim run for 2 yds to the 50 yard line"
	},
	{
		"gameId": "400935421",
		"year": 2017,
		"week": 13,
		"homeId": "135",
		"homeTeam": "Minnesota",
		"homeAbbr": "MINN",
		"awayId": "275",
		"awayTeam": "Wisconsin",
		"awayAbbr": "WIS",
		"driveIndex": "4",
		"playIndex": "4",
		"offenseId": "275",
		"offenseTeam": "Wisconsin",
		"offenseAbbr": "WIS",
		"defenseId": "135",
		"defenseTeam": "Minnesota",
		"defenseAbbr": "MINN",
		"homeScore": 0,
		"awayScore": 0,
		"isScore": false,
		"quarter": 1,
		"clock": "4:11",
		"type": "Pass Incompletion",
		"down": 2,
		"distance": 8,
		"yardLine": 50,
		"yardsGained": 0,
		"endYardLine": 50,
		"description": "Alex Hornibrook pass incomplete to Zander Neuville"
	},
	{
		"gameId": "400935421",
		"year": 2017,
		"week": 13,
		"homeId": "135",
		"homeTeam": "Minnesota",
		"homeAbbr": "MINN",
		"awayId": "275",
		"awayTeam": "Wisconsin",
		"awayAbbr": "WIS",
		"driveIndex": "4",
		"playIndex": "5",
		"offenseId": "275",
		"offenseTeam": "Wisconsin",
		"offenseAbbr": "WIS",
		"defenseId": "135",
		"defenseTeam": "Minnesota",
		"defenseAbbr": "MINN",
		"homeScore": 0,
		"awayScore": 0,
		"isScore": false,
		"quarter": 1,
		"clock": "4:05",
		"type": "Pass Reception",
		"down": 3,
		"distance": 8,
		"yardLine": 50,
		"yardsGained": 10,
		"endYardLine": 40,
		"description": "Alex Hornibrook pass complete to Troy Fumagalli for 10 yds to the Minn 40 for a 1ST down"
	},
	{
		"gameId": "400935421",
		"year": 2017,
		"week": 13,
		"homeId": "135",
		"homeTeam": "Minnesota",
		"homeAbbr": "MINN",
		"awayId": "275",
		"awayTeam": "Wisconsin",
		"awayAbbr": "WIS",
		"driveIndex": "4",
		"playIndex": "6",
		"offenseId": "275",
		"offenseTeam": "Wisconsin",
		"offenseAbbr": "WIS",
		"defenseId": "135",
		"defenseTeam": "Minnesota",
		"defenseAbbr": "MINN",
		"homeScore": 0,
		"awayScore": 0,
		"isScore": false,
		"quarter": 1,
		"clock": "3:27",
		"type": "Rush",
		"down": 1,
		"distance": 10,
		"yardLine": 40,
		"yardsGained": 2,
		"endYardLine": 38,
		"description": "Jonathan Taylor run for 2 yds to the Minn 38"
	},
	{
		"gameId": "400935421",
		"year": 2017,
		"week": 13,
		"homeId": "135",
		"homeTeam": "Minnesota",
		"homeAbbr": "MINN",
		"awayId": "275",
		"awayTeam": "Wisconsin",
		"awayAbbr": "WIS",
		"driveIndex": "4",
		"playIndex": "7",
		"offenseId": "275",
		"offenseTeam": "Wisconsin",
		"offenseAbbr": "WIS",
		"defenseId": "135",
		"defenseTeam": "Minnesota",
		"defenseAbbr": "MINN",
		"homeScore": 0,
		"awayScore": 0,
		"isScore": false,
		"quarter": 1,
		"clock": "2:55",
		"type": "Pass Reception",
		"down": 2,
		"distance": 8,
		"yardLine": 38,
		"yardsGained": 9,
		"endYardLine": 29,
		"description": "Alex Hornibrook pass complete to Danny Davis III for 9 yds to the Minn 29 for a 1ST down"
	},
	{
		"gameId": "400935421",
		"year": 2017,
		"week": 13,
		"homeId": "135",
		"homeTeam": "Minnesota",
		"homeAbbr": "MINN",
		"awayId": "275",
		"awayTeam": "Wisconsin",
		"awayAbbr": "WIS",
		"driveIndex": "4",
		"playIndex": "8",
		"offenseId": "275",
		"offenseTeam": "Wisconsin",
		"offenseAbbr": "WIS",
		"defenseId": "135",
		"defenseTeam": "Minnesota",
		"defenseAbbr": "MINN",
		"homeScore": 0,
		"awayScore": 0,
		"isScore": false,
		"quarter": 1,
		"clock": "2:20",
		"type": "Pass Reception",
		"down": 1,
		"distance": 10,
		"yardLine": 29,
		"yardsGained": 23,
		"endYardLine": 6,
		"description": "Alex Hornibrook pass complete to A.J. Taylor for 23 yds to the Minn 6 for a 1ST down"
	},
	{
		"gameId": "400935421",
		"year": 2017,
		"week": 13,
		"homeId": "135",
		"homeTeam": "Minnesota",
		"homeAbbr": "MINN",
		"awayId": "275",
		"awayTeam": "Wisconsin",
		"awayAbbr": "WIS",
		"driveIndex": "4",
		"playIndex": "9",
		"offenseId": "275",
		"offenseTeam": "Wisconsin",
		"offenseAbbr": "WIS",
		"defenseId": "135",
		"defenseTeam": "Minnesota",
		"defenseAbbr": "MINN",
		"homeScore": 0,
		"awayScore": 0,
		"isScore": false,
		"quarter": 1,
		"clock": "1:34",
		"type": "Rush",
		"down": 1,
		"distance": 6,
		"yardLine": 6,
		"yardsGained": 4,
		"endYardLine": 2,
		"description": "Jonathan Taylor run for 4 yds to the Minn 2"
	},
	{
		"gameId": "400935421",
		"year": 2017,
		"week": 13,
		"homeId": "135",
		"homeTeam": "Minnesota",
		"homeAbbr": "MINN",
		"awayId": "275",
		"awayTeam": "Wisconsin",
		"awayAbbr": "WIS",
		"driveIndex": "4",
		"playIndex": "10",
		"offenseId": "275",
		"offenseTeam": "Wisconsin",
		"offenseAbbr": "WIS",
		"defenseId": "135",
		"defenseTeam": "Minnesota",
		"defenseAbbr": "MINN",
		"homeScore": 0,
		"awayScore": 0,
		"isScore": false,
		"quarter": 1,
		"clock": "0:44",
		"type": "Rush",
		"down": 2,
		"distance": 2,
		"yardLine": 2,
		"yardsGained": 1,
		"endYardLine": 1,
		"description": "Chris James run for 1 yd to the Minn 1"
	},
	{
		"gameId": "400935421",
		"year": 2017,
		"week": 13,
		"homeId": "135",
		"homeTeam": "Minnesota",
		"homeAbbr": "MINN",
		"awayId": "275",
		"awayTeam": "Wisconsin",
		"awayAbbr": "WIS",
		"driveIndex": "4",
		"playIndex": "11",
		"offenseId": "275",
		"offenseTeam": "Wisconsin",
		"offenseAbbr": "WIS",
		"defenseId": "135",
		"defenseTeam": "Minnesota",
		"defenseAbbr": "MINN",
		"homeScore": 0,
		"awayScore": 7,
		"isScore": true,
		"quarter": 1,
		"clock": "0:24",
		"type": "Passing Touchdown",
		"down": 3,
		"distance": 1,
		"yardLine": 1,
		"yardsGained": 1,
		"endYardLine": 0,
		"description": "Alex Hornibrook pass complete to Troy Fumagalli for 1 yd for a TD (Rafael Gaglianone KICK)"
	},
	{
		"gameId": "400935421",
		"year": 2017,
		"week": 13,
		"homeId": "135",
		"homeTeam": "Minnesota",
		"homeAbbr": "MINN",
		"awayId": "275",
		"awayTeam": "Wisconsin",
		"awayAbbr": "WIS",
		"driveIndex": "5",
		"playIndex": "0",
		"offenseId": "275",
		"offenseTeam": "Wisconsin",
		"offenseAbbr": "WIS",
		"defenseId": "135",
		"defenseTeam": "Minnesota",
		"defenseAbbr": "MINN",
		"homeScore": 0,
		"awayScore": 7,
		"isScore": false,
		"quarter": 1,
		"clock": "0:24",
		"type": "Kickoff",
		"down": 3,
		"distance": 5,
		"yardLine": 65,
		"yardsGained": 42,
		"endYardLine": 33,
		"description": "Zach Hintze kickoff for 64 yds , Rodney Smith return for 42 yds to the MINNESOTA 23 MINNESOTA Penalty, Offensive Holding (Bailey Schoenfelder) to the Minn 33"
	},
	{
		"gameId": "400935421",
		"year": 2017,
		"week": 13,
		"homeId": "135",
		"homeTeam": "Minnesota",
		"homeAbbr": "MINN",
		"awayId": "275",
		"awayTeam": "Wisconsin",
		"awayAbbr": "WIS",
		"driveIndex": "5",
		"playIndex": "1",
		"offenseId": "135",
		"offenseTeam": "Minnesota",
		"offenseAbbr": "MINN",
		"defenseId": "275",
		"defenseTeam": "Wisconsin",
		"defenseAbbr": "WIS",
		"homeScore": 0,
		"awayScore": 7,
		"isScore": false,
		"quarter": 1,
		"clock": "0:00",
		"type": "Rush",
		"down": 1,
		"distance": 10,
		"yardLine": 33,
		"yardsGained": 5,
		"endYardLine": 38,
		"description": "Demry Croft run for 5 yds to the Minn 38"
	},
	{
		"gameId": "400935421",
		"year": 2017,
		"week": 13,
		"homeId": "135",
		"homeTeam": "Minnesota",
		"homeAbbr": "MINN",
		"awayId": "275",
		"awayTeam": "Wisconsin",
		"awayAbbr": "WIS",
		"driveIndex": "5",
		"playIndex": "2",
		"offenseId": "135",
		"offenseTeam": "Minnesota",
		"offenseAbbr": "MINN",
		"defenseId": "275",
		"defenseTeam": "Wisconsin",
		"defenseAbbr": "WIS",
		"homeScore": 0,
		"awayScore": 7,
		"isScore": false,
		"quarter": 1,
		"clock": "0:00",
		"type": "End Period",
		"down": 0,
		"distance": 10,
		"yardLine": 0,
		"yardsGained": 0,
		"endYardLine": 38,
		"description": "End of 1st Quarter"
	},
	{
		"gameId": "400935421",
		"year": 2017,
		"week": 13,
		"homeId": "135",
		"homeTeam": "Minnesota",
		"homeAbbr": "MINN",
		"awayId": "275",
		"awayTeam": "Wisconsin",
		"awayAbbr": "WIS",
		"driveIndex": "5",
		"playIndex": "3",
		"offenseId": "135",
		"offenseTeam": "Minnesota",
		"offenseAbbr": "MINN",
		"defenseId": "275",
		"defenseTeam": "Wisconsin",
		"defenseAbbr": "WIS",
		"homeScore": 0,
		"awayScore": 7,
		"isScore": false,
		"quarter": 2,
		"clock": "14:52",
		"type": "Rush",
		"down": 2,
		"distance": 5,
		"yardLine": 38,
		"yardsGained": 4,
		"endYardLine": 42,
		"description": "Kobe McCrary run for 4 yds to the Minn 42"
	},
	{
		"gameId": "400935421",
		"year": 2017,
		"week": 13,
		"homeId": "135",
		"homeTeam": "Minnesota",
		"homeAbbr": "MINN",
		"awayId": "275",
		"awayTeam": "Wisconsin",
		"awayAbbr": "WIS",
		"driveIndex": "5",
		"playIndex": "4",
		"offenseId": "135",
		"offenseTeam": "Minnesota",
		"offenseAbbr": "MINN",
		"defenseId": "275",
		"defenseTeam": "Wisconsin",
		"defenseAbbr": "WIS",
		"homeScore": 0,
		"awayScore": 7,
		"isScore": false,
		"quarter": 2,
		"clock": "14:22",
		"type": "Rush",
		"down": 3,
		"distance": 1,
		"yardLine": 42,
		"yardsGained": 0,
		"endYardLine": 42,
		"description": "Kobe McCrary run for no gain to the Minn 42"
	},
	{
		"gameId": "400935421",
		"year": 2017,
		"week": 13,
		"homeId": "135",
		"homeTeam": "Minnesota",
		"homeAbbr": "MINN",
		"awayId": "275",
		"awayTeam": "Wisconsin",
		"awayAbbr": "WIS",
		"driveIndex": "5",
		"playIndex": "5",
		"offenseId": "135",
		"offenseTeam": "Minnesota",
		"offenseAbbr": "MINN",
		"defenseId": "275",
		"defenseTeam": "Wisconsin",
		"defenseAbbr": "WIS",
		"homeScore": 0,
		"awayScore": 7,
		"isScore": false,
		"quarter": 2,
		"clock": "13:35",
		"type": "Punt",
		"down": 4,
		"distance": 1,
		"yardLine": 42,
		"yardsGained": 0,
		"endYardLine": 77,
		"description": "Ryan Santoso punt for 35 yds, downed at the Wisc 23"
	},
	{
		"gameId": "400935421",
		"year": 2017,
		"week": 13,
		"homeId": "135",
		"homeTeam": "Minnesota",
		"homeAbbr": "MINN",
		"awayId": "275",
		"awayTeam": "Wisconsin",
		"awayAbbr": "WIS",
		"driveIndex": "6",
		"playIndex": "0",
		"offenseId": "275",
		"offenseTeam": "Wisconsin",
		"offenseAbbr": "WIS",
		"defenseId": "135",
		"defenseTeam": "Minnesota",
		"defenseAbbr": "MINN",
		"homeScore": 0,
		"awayScore": 7,
		"isScore": false,
		"quarter": 2,
		"clock": "13:27",
		"type": "Rush",
		"down": 1,
		"distance": 10,
		"yardLine": 77,
		"yardsGained": 2,
		"endYardLine": 75,
		"description": "Jonathan Taylor run for 2 yds to the Wisc 25"
	},
	{
		"gameId": "400935421",
		"year": 2017,
		"week": 13,
		"homeId": "135",
		"homeTeam": "Minnesota",
		"homeAbbr": "MINN",
		"awayId": "275",
		"awayTeam": "Wisconsin",
		"awayAbbr": "WIS",
		"driveIndex": "6",
		"playIndex": "1",
		"offenseId": "275",
		"offenseTeam": "Wisconsin",
		"offenseAbbr": "WIS",
		"defenseId": "135",
		"defenseTeam": "Minnesota",
		"defenseAbbr": "MINN",
		"homeScore": 0,
		"awayScore": 7,
		"isScore": false,
		"quarter": 2,
		"clock": "12:50",
		"type": "Pass Reception",
		"down": 2,
		"distance": 8,
		"yardLine": 75,
		"yardsGained": 10,
		"endYardLine": 65,
		"description": "Alex Hornibrook pass complete to Danny Davis III for 10 yds to the Wisc 35 for a 1ST down"
	},
	{
		"gameId": "400935421",
		"year": 2017,
		"week": 13,
		"homeId": "135",
		"homeTeam": "Minnesota",
		"homeAbbr": "MINN",
		"awayId": "275",
		"awayTeam": "Wisconsin",
		"awayAbbr": "WIS",
		"driveIndex": "6",
		"playIndex": "2",
		"offenseId": "275",
		"offenseTeam": "Wisconsin",
		"offenseAbbr": "WIS",
		"defenseId": "135",
		"defenseTeam": "Minnesota",
		"defenseAbbr": "MINN",
		"homeScore": 0,
		"awayScore": 7,
		"isScore": false,
		"quarter": 2,
		"clock": "12:28",
		"type": "Pass Reception",
		"down": 1,
		"distance": 10,
		"yardLine": 65,
		"yardsGained": 7,
		"endYardLine": 58,
		"description": "Alex Hornibrook pass complete to Danny Davis III for 7 yds to the Wisc 42"
	},
	{
		"gameId": "400935421",
		"year": 2017,
		"week": 13,
		"homeId": "135",
		"homeTeam": "Minnesota",
		"homeAbbr": "MINN",
		"awayId": "275",
		"awayTeam": "Wisconsin",
		"awayAbbr": "WIS",
		"driveIndex": "6",
		"playIndex": "3",
		"offenseId": "275",
		"offenseTeam": "Wisconsin",
		"offenseAbbr": "WIS",
		"defenseId": "135",
		"defenseTeam": "Minnesota",
		"defenseAbbr": "MINN",
		"homeScore": 0,
		"awayScore": 7,
		"isScore": false,
		"quarter": 2,
		"clock": "11:38",
		"type": "Rush",
		"down": 2,
		"distance": 3,
		"yardLine": 58,
		"yardsGained": 2,
		"endYardLine": 56,
		"description": "Bradrick Shaw run for 2 yds to the Wisc 44"
	},
	{
		"gameId": "400935421",
		"year": 2017,
		"week": 13,
		"homeId": "135",
		"homeTeam": "Minnesota",
		"homeAbbr": "MINN",
		"awayId": "275",
		"awayTeam": "Wisconsin",
		"awayAbbr": "WIS",
		"driveIndex": "6",
		"playIndex": "4",
		"offenseId": "275",
		"offenseTeam": "Wisconsin",
		"offenseAbbr": "WIS",
		"defenseId": "135",
		"defenseTeam": "Minnesota",
		"defenseAbbr": "MINN",
		"homeScore": 0,
		"awayScore": 7,
		"isScore": false,
		"quarter": 2,
		"clock": "10:57",
		"type": "Rush",
		"down": 3,
		"distance": 1,
		"yardLine": 56,
		"yardsGained": 41,
		"endYardLine": 15,
		"description": "Austin Ramesh run for 41 yds to the Minn 15 for a 1ST down"
	},
	{
		"gameId": "400935421",
		"year": 2017,
		"week": 13,
		"homeId": "135",
		"homeTeam": "Minnesota",
		"homeAbbr": "MINN",
		"awayId": "275",
		"awayTeam": "Wisconsin",
		"awayAbbr": "WIS",
		"driveIndex": "6",
		"playIndex": "5",
		"offenseId": "275",
		"offenseTeam": "Wisconsin",
		"offenseAbbr": "WIS",
		"defenseId": "135",
		"defenseTeam": "Minnesota",
		"defenseAbbr": "MINN",
		"homeScore": 0,
		"awayScore": 7,
		"isScore": false,
		"quarter": 2,
		"clock": "10:15",
		"type": "Rush",
		"down": 1,
		"distance": 10,
		"yardLine": 15,
		"yardsGained": 2,
		"endYardLine": 13,
		"description": "Bradrick Shaw run for 2 yds to the Minn 13"
	},
	{
		"gameId": "400935421",
		"year": 2017,
		"week": 13,
		"homeId": "135",
		"homeTeam": "Minnesota",
		"homeAbbr": "MINN",
		"awayId": "275",
		"awayTeam": "Wisconsin",
		"awayAbbr": "WIS",
		"driveIndex": "6",
		"playIndex": "6",
		"offenseId": "275",
		"offenseTeam": "Wisconsin",
		"offenseAbbr": "WIS",
		"defenseId": "135",
		"defenseTeam": "Minnesota",
		"defenseAbbr": "MINN",
		"homeScore": 0,
		"awayScore": 7,
		"isScore": false,
		"quarter": 2,
		"clock": "9:48",
		"type": "Rush",
		"down": 2,
		"distance": 8,
		"yardLine": 13,
		"yardsGained": -1,
		"endYardLine": 14,
		"description": "Garrett Groshek run for a loss of 1 yard to the Minn 14"
	},
	{
		"gameId": "400935421",
		"year": 2017,
		"week": 13,
		"homeId": "135",
		"homeTeam": "Minnesota",
		"homeAbbr": "MINN",
		"awayId": "275",
		"awayTeam": "Wisconsin",
		"awayAbbr": "WIS",
		"driveIndex": "6",
		"playIndex": "7",
		"offenseId": "275",
		"offenseTeam": "Wisconsin",
		"offenseAbbr": "WIS",
		"defenseId": "135",
		"defenseTeam": "Minnesota",
		"defenseAbbr": "MINN",
		"homeScore": 0,
		"awayScore": 7,
		"isScore": false,
		"quarter": 2,
		"clock": "9:14",
		"type": "Pass Incompletion",
		"down": 3,
		"distance": 9,
		"yardLine": 14,
		"yardsGained": 0,
		"endYardLine": 14,
		"description": "Alex Hornibrook pass incomplete to Danny Davis III"
	},
	{
		"gameId": "400935421",
		"year": 2017,
		"week": 13,
		"homeId": "135",
		"homeTeam": "Minnesota",
		"homeAbbr": "MINN",
		"awayId": "275",
		"awayTeam": "Wisconsin",
		"awayAbbr": "WIS",
		"driveIndex": "6",
		"playIndex": "8",
		"offenseId": "275",
		"offenseTeam": "Wisconsin",
		"offenseAbbr": "WIS",
		"defenseId": "135",
		"defenseTeam": "Minnesota",
		"defenseAbbr": "MINN",
		"homeScore": 0,
		"awayScore": 10,
		"isScore": true,
		"quarter": 2,
		"clock": "9:08",
		"type": "Field Goal Good",
		"down": 4,
		"distance": 9,
		"yardLine": 14,
		"yardsGained": 32,
		"endYardLine": 14,
		"description": "Rafael Gaglianone 32 yd FG GOOD"
	},
	{
		"gameId": "400935421",
		"year": 2017,
		"week": 13,
		"homeId": "135",
		"homeTeam": "Minnesota",
		"homeAbbr": "MINN",
		"awayId": "275",
		"awayTeam": "Wisconsin",
		"awayAbbr": "WIS",
		"driveIndex": "7",
		"playIndex": "0",
		"offenseId": "275",
		"offenseTeam": "Wisconsin",
		"offenseAbbr": "WIS",
		"defenseId": "135",
		"defenseTeam": "Minnesota",
		"defenseAbbr": "MINN",
		"homeScore": 0,
		"awayScore": 10,
		"isScore": false,
		"quarter": 2,
		"clock": "9:08",
		"type": "Kickoff",
		"down": 4,
		"distance": 9,
		"yardLine": 65,
		"yardsGained": 0,
		"endYardLine": 25,
		"description": "Zach Hintze kickoff for 65 yds for a touchback"
	},
	{
		"gameId": "400935421",
		"year": 2017,
		"week": 13,
		"homeId": "135",
		"homeTeam": "Minnesota",
		"homeAbbr": "MINN",
		"awayId": "275",
		"awayTeam": "Wisconsin",
		"awayAbbr": "WIS",
		"driveIndex": "7",
		"playIndex": "1",
		"offenseId": "135",
		"offenseTeam": "Minnesota",
		"offenseAbbr": "MINN",
		"defenseId": "275",
		"defenseTeam": "Wisconsin",
		"defenseAbbr": "WIS",
		"homeScore": 0,
		"awayScore": 10,
		"isScore": false,
		"quarter": 2,
		"clock": "9:00",
		"type": "Rush",
		"down": 1,
		"distance": 10,
		"yardLine": 25,
		"yardsGained": -2,
		"endYardLine": 23,
		"description": "Rodney Smith run for a loss of 2 yards to the Minn 23"
	},
	{
		"gameId": "400935421",
		"year": 2017,
		"week": 13,
		"homeId": "135",
		"homeTeam": "Minnesota",
		"homeAbbr": "MINN",
		"awayId": "275",
		"awayTeam": "Wisconsin",
		"awayAbbr": "WIS",
		"driveIndex": "7",
		"playIndex": "2",
		"offenseId": "135",
		"offenseTeam": "Minnesota",
		"offenseAbbr": "MINN",
		"defenseId": "275",
		"defenseTeam": "Wisconsin",
		"defenseAbbr": "WIS",
		"homeScore": 0,
		"awayScore": 10,
		"isScore": false,
		"quarter": 2,
		"clock": "8:16",
		"type": "Pass Incompletion",
		"down": 2,
		"distance": 12,
		"yardLine": 23,
		"yardsGained": 0,
		"endYardLine": 23,
		"description": "Demry Croft pass incomplete to Phillip Howard"
	},
	{
		"gameId": "400935421",
		"year": 2017,
		"week": 13,
		"homeId": "135",
		"homeTeam": "Minnesota",
		"homeAbbr": "MINN",
		"awayId": "275",
		"awayTeam": "Wisconsin",
		"awayAbbr": "WIS",
		"driveIndex": "7",
		"playIndex": "3",
		"offenseId": "135",
		"offenseTeam": "Minnesota",
		"offenseAbbr": "MINN",
		"defenseId": "275",
		"defenseTeam": "Wisconsin",
		"defenseAbbr": "WIS",
		"homeScore": 0,
		"awayScore": 10,
		"isScore": false,
		"quarter": 2,
		"clock": "8:07",
		"type": "Rush",
		"down": 3,
		"distance": 12,
		"yardLine": 23,
		"yardsGained": 1,
		"endYardLine": 24,
		"description": "Demry Croft run for 1 yd to the Minn 24"
	},
	{
		"gameId": "400935421",
		"year": 2017,
		"week": 13,
		"homeId": "135",
		"homeTeam": "Minnesota",
		"homeAbbr": "MINN",
		"awayId": "275",
		"awayTeam": "Wisconsin",
		"awayAbbr": "WIS",
		"driveIndex": "7",
		"playIndex": "4",
		"offenseId": "135",
		"offenseTeam": "Minnesota",
		"offenseAbbr": "MINN",
		"defenseId": "275",
		"defenseTeam": "Wisconsin",
		"defenseAbbr": "WIS",
		"homeScore": 0,
		"awayScore": 10,
		"isScore": false,
		"quarter": 2,
		"clock": "7:32",
		"type": "Punt",
		"down": 4,
		"distance": 11,
		"yardLine": 24,
		"yardsGained": 13,
		"endYardLine": 58,
		"description": "Ryan Santoso punt for 47 yds , Nick Nelson returns for 13 yds to the Wisc 42"
	},
	{
		"gameId": "400935421",
		"year": 2017,
		"week": 13,
		"homeId": "135",
		"homeTeam": "Minnesota",
		"homeAbbr": "MINN",
		"awayId": "275",
		"awayTeam": "Wisconsin",
		"awayAbbr": "WIS",
		"driveIndex": "8",
		"playIndex": "0",
		"offenseId": "275",
		"offenseTeam": "Wisconsin",
		"offenseAbbr": "WIS",
		"defenseId": "135",
		"defenseTeam": "Minnesota",
		"defenseAbbr": "MINN",
		"homeScore": 0,
		"awayScore": 10,
		"isScore": false,
		"quarter": 2,
		"clock": "7:25",
		"type": "Rush",
		"down": 1,
		"distance": 10,
		"yardLine": 58,
		"yardsGained": 4,
		"endYardLine": 54,
		"description": "Jonathan Taylor run for 4 yds to the Wisc 46"
	},
	{
		"gameId": "400935421",
		"year": 2017,
		"week": 13,
		"homeId": "135",
		"homeTeam": "Minnesota",
		"homeAbbr": "MINN",
		"awayId": "275",
		"awayTeam": "Wisconsin",
		"awayAbbr": "WIS",
		"driveIndex": "8",
		"playIndex": "1",
		"offenseId": "275",
		"offenseTeam": "Wisconsin",
		"offenseAbbr": "WIS",
		"defenseId": "135",
		"defenseTeam": "Minnesota",
		"defenseAbbr": "MINN",
		"homeScore": 0,
		"awayScore": 10,
		"isScore": false,
		"quarter": 2,
		"clock": "6:53",
		"type": "Rush",
		"down": 2,
		"distance": 6,
		"yardLine": 54,
		"yardsGained": 3,
		"endYardLine": 51,
		"description": "Jonathan Taylor run for 3 yds to the Wisc 49"
	},
	{
		"gameId": "400935421",
		"year": 2017,
		"week": 13,
		"homeId": "135",
		"homeTeam": "Minnesota",
		"homeAbbr": "MINN",
		"awayId": "275",
		"awayTeam": "Wisconsin",
		"awayAbbr": "WIS",
		"driveIndex": "8",
		"playIndex": "2",
		"offenseId": "275",
		"offenseTeam": "Wisconsin",
		"offenseAbbr": "WIS",
		"defenseId": "135",
		"defenseTeam": "Minnesota",
		"defenseAbbr": "MINN",
		"homeScore": 0,
		"awayScore": 10,
		"isScore": false,
		"quarter": 2,
		"clock": "6:03",
		"type": "Fumble Recovery (Opponent)",
		"down": 3,
		"distance": 3,
		"yardLine": 51,
		"yardsGained": 2,
		"endYardLine": 49,
		"description": "Jonathan Taylor run for 2 yds to the Minn 49 Jonathan Taylor fumbled, forced by Thomas Barber, recovered by Minn Kamal Martin"
	},
	{
		"gameId": "400935421",
		"year": 2017,
		"week": 13,
		"homeId": "135",
		"homeTeam": "Minnesota",
		"homeAbbr": "MINN",
		"awayId": "275",
		"awayTeam": "Wisconsin",
		"awayAbbr": "WIS",
		"driveIndex": "9",
		"playIndex": "0",
		"offenseId": "135",
		"offenseTeam": "Minnesota",
		"offenseAbbr": "MINN",
		"defenseId": "275",
		"defenseTeam": "Wisconsin",
		"defenseAbbr": "WIS",
		"homeScore": 0,
		"awayScore": 10,
		"isScore": false,
		"quarter": 2,
		"clock": "5:55",
		"type": "Sack",
		"down": 1,
		"distance": 10,
		"yardLine": 49,
		"yardsGained": -12,
		"endYardLine": 37,
		"description": "Demry Croft sacked by Ryan Connelly for a loss of 12 yards to the Minn 37"
	},
	{
		"gameId": "400935421",
		"year": 2017,
		"week": 13,
		"homeId": "135",
		"homeTeam": "Minnesota",
		"homeAbbr": "MINN",
		"awayId": "275",
		"awayTeam": "Wisconsin",
		"awayAbbr": "WIS",
		"driveIndex": "9",
		"playIndex": "1",
		"offenseId": "135",
		"offenseTeam": "Minnesota",
		"offenseAbbr": "MINN",
		"defenseId": "275",
		"defenseTeam": "Wisconsin",
		"defenseAbbr": "WIS",
		"homeScore": 0,
		"awayScore": 10,
		"isScore": false,
		"quarter": 2,
		"clock": "5:12",
		"type": "Pass Reception",
		"down": 2,
		"distance": 22,
		"yardLine": 37,
		"yardsGained": 3,
		"endYardLine": 40,
		"description": "Demry Croft pass complete to Rodney Smith for 3 yds to the Minn 40"
	},
	{
		"gameId": "400935421",
		"year": 2017,
		"week": 13,
		"homeId": "135",
		"homeTeam": "Minnesota",
		"homeAbbr": "MINN",
		"awayId": "275",
		"awayTeam": "Wisconsin",
		"awayAbbr": "WIS",
		"driveIndex": "9",
		"playIndex": "2",
		"offenseId": "135",
		"offenseTeam": "Minnesota",
		"offenseAbbr": "MINN",
		"defenseId": "275",
		"defenseTeam": "Wisconsin",
		"defenseAbbr": "WIS",
		"homeScore": 0,
		"awayScore": 10,
		"isScore": false,
		"quarter": 2,
		"clock": "4:29",
		"type": "Rush",
		"down": 3,
		"distance": 19,
		"yardLine": 40,
		"yardsGained": 2,
		"endYardLine": 42,
		"description": "Demry Croft run for 2 yds to the Minn 42"
	},
	{
		"gameId": "400935421",
		"year": 2017,
		"week": 13,
		"homeId": "135",
		"homeTeam": "Minnesota",
		"homeAbbr": "MINN",
		"awayId": "275",
		"awayTeam": "Wisconsin",
		"awayAbbr": "WIS",
		"driveIndex": "9",
		"playIndex": "3",
		"offenseId": "135",
		"offenseTeam": "Minnesota",
		"offenseAbbr": "MINN",
		"defenseId": "275",
		"defenseTeam": "Wisconsin",
		"defenseAbbr": "WIS",
		"homeScore": 0,
		"awayScore": 10,
		"isScore": false,
		"quarter": 2,
		"clock": "4:00",
		"type": "Punt",
		"down": 4,
		"distance": 17,
		"yardLine": 42,
		"yardsGained": 0,
		"endYardLine": 79,
		"description": "Ryan Santoso punt for 37 yds, downed at the Wisc 21"
	},
	{
		"gameId": "400935421",
		"year": 2017,
		"week": 13,
		"homeId": "135",
		"homeTeam": "Minnesota",
		"homeAbbr": "MINN",
		"awayId": "275",
		"awayTeam": "Wisconsin",
		"awayAbbr": "WIS",
		"driveIndex": "10",
		"playIndex": "0",
		"offenseId": "275",
		"offenseTeam": "Wisconsin",
		"offenseAbbr": "WIS",
		"defenseId": "135",
		"defenseTeam": "Minnesota",
		"defenseAbbr": "MINN",
		"homeScore": 0,
		"awayScore": 10,
		"isScore": false,
		"quarter": 2,
		"clock": "3:51",
		"type": "Pass Reception",
		"down": 1,
		"distance": 10,
		"yardLine": 79,
		"yardsGained": 8,
		"endYardLine": 71,
		"description": "Alex Hornibrook pass complete to A.J. Taylor for 8 yds to the Wisc 29"
	},
	{
		"gameId": "400935421",
		"year": 2017,
		"week": 13,
		"homeId": "135",
		"homeTeam": "Minnesota",
		"homeAbbr": "MINN",
		"awayId": "275",
		"awayTeam": "Wisconsin",
		"awayAbbr": "WIS",
		"driveIndex": "10",
		"playIndex": "1",
		"offenseId": "275",
		"offenseTeam": "Wisconsin",
		"offenseAbbr": "WIS",
		"defenseId": "135",
		"defenseTeam": "Minnesota",
		"defenseAbbr": "MINN",
		"homeScore": 0,
		"awayScore": 10,
		"isScore": false,
		"quarter": 2,
		"clock": "3:16",
		"type": "Rush",
		"down": 2,
		"distance": 2,
		"yardLine": 71,
		"yardsGained": 29,
		"endYardLine": 42,
		"description": "Chris James run for 29 yds to the Minn 42 for a 1ST down"
	},
	{
		"gameId": "400935421",
		"year": 2017,
		"week": 13,
		"homeId": "135",
		"homeTeam": "Minnesota",
		"homeAbbr": "MINN",
		"awayId": "275",
		"awayTeam": "Wisconsin",
		"awayAbbr": "WIS",
		"driveIndex": "10",
		"playIndex": "2",
		"offenseId": "275",
		"offenseTeam": "Wisconsin",
		"offenseAbbr": "WIS",
		"defenseId": "135",
		"defenseTeam": "Minnesota",
		"defenseAbbr": "MINN",
		"homeScore": 0,
		"awayScore": 10,
		"isScore": false,
		"quarter": 2,
		"clock": "2:47",
		"type": "Rush",
		"down": 1,
		"distance": 10,
		"yardLine": 42,
		"yardsGained": -1,
		"endYardLine": 43,
		"description": "Chris James run for a loss of 1 yard to the Minn 43"
	},
	{
		"gameId": "400935421",
		"year": 2017,
		"week": 13,
		"homeId": "135",
		"homeTeam": "Minnesota",
		"homeAbbr": "MINN",
		"awayId": "275",
		"awayTeam": "Wisconsin",
		"awayAbbr": "WIS",
		"driveIndex": "10",
		"playIndex": "3",
		"offenseId": "275",
		"offenseTeam": "Wisconsin",
		"offenseAbbr": "WIS",
		"defenseId": "135",
		"defenseTeam": "Minnesota",
		"defenseAbbr": "MINN",
		"homeScore": 0,
		"awayScore": 10,
		"isScore": false,
		"quarter": 2,
		"clock": "2:11",
		"type": "Pass Reception",
		"down": 2,
		"distance": 11,
		"yardLine": 43,
		"yardsGained": 9,
		"endYardLine": 34,
		"description": "Alex Hornibrook pass complete to Kendric Pryor for 9 yds to the Minn 34"
	},
	{
		"gameId": "400935421",
		"year": 2017,
		"week": 13,
		"homeId": "135",
		"homeTeam": "Minnesota",
		"homeAbbr": "MINN",
		"awayId": "275",
		"awayTeam": "Wisconsin",
		"awayAbbr": "WIS",
		"driveIndex": "10",
		"playIndex": "4",
		"offenseId": "275",
		"offenseTeam": "Wisconsin",
		"offenseAbbr": "WIS",
		"defenseId": "135",
		"defenseTeam": "Minnesota",
		"defenseAbbr": "MINN",
		"homeScore": 0,
		"awayScore": 10,
		"isScore": false,
		"quarter": 2,
		"clock": "1:32",
		"type": "Rush",
		"down": 3,
		"distance": 2,
		"yardLine": 34,
		"yardsGained": 2,
		"endYardLine": 32,
		"description": "Austin Ramesh run for 2 yds to the Minn 32 for a 1ST down"
	},
	{
		"gameId": "400935421",
		"year": 2017,
		"week": 13,
		"homeId": "135",
		"homeTeam": "Minnesota",
		"homeAbbr": "MINN",
		"awayId": "275",
		"awayTeam": "Wisconsin",
		"awayAbbr": "WIS",
		"driveIndex": "10",
		"playIndex": "5",
		"offenseId": "275",
		"offenseTeam": "Wisconsin",
		"offenseAbbr": "WIS",
		"defenseId": "135",
		"defenseTeam": "Minnesota",
		"defenseAbbr": "MINN",
		"homeScore": 0,
		"awayScore": 10,
		"isScore": false,
		"quarter": 2,
		"clock": "1:00",
		"type": "Rush",
		"down": 1,
		"distance": 10,
		"yardLine": 32,
		"yardsGained": 27,
		"endYardLine": 5,
		"description": "Garrett Groshek run for 27 yds to the Minn 5 for a 1ST down"
	},
	{
		"gameId": "400935421",
		"year": 2017,
		"week": 13,
		"homeId": "135",
		"homeTeam": "Minnesota",
		"homeAbbr": "MINN",
		"awayId": "275",
		"awayTeam": "Wisconsin",
		"awayAbbr": "WIS",
		"driveIndex": "10",
		"playIndex": "6",
		"offenseId": "275",
		"offenseTeam": "Wisconsin",
		"offenseAbbr": "WIS",
		"defenseId": "135",
		"defenseTeam": "Minnesota",
		"defenseAbbr": "MINN",
		"homeScore": 0,
		"awayScore": 10,
		"isScore": false,
		"quarter": 2,
		"clock": "0:57",
		"type": "Timeout",
		"down": 1,
		"distance": 0,
		"yardLine": 5,
		"yardsGained": 0,
		"endYardLine": 5,
		"description": "Timeout WISCONSIN, clock 00:57"
	},
	{
		"gameId": "400935421",
		"year": 2017,
		"week": 13,
		"homeId": "135",
		"homeTeam": "Minnesota",
		"homeAbbr": "MINN",
		"awayId": "275",
		"awayTeam": "Wisconsin",
		"awayAbbr": "WIS",
		"driveIndex": "10",
		"playIndex": "7",
		"offenseId": "275",
		"offenseTeam": "Wisconsin",
		"offenseAbbr": "WIS",
		"defenseId": "135",
		"defenseTeam": "Minnesota",
		"defenseAbbr": "MINN",
		"homeScore": 0,
		"awayScore": 17,
		"isScore": true,
		"quarter": 2,
		"clock": "0:50",
		"type": "Passing Touchdown",
		"down": 1,
		"distance": 5,
		"yardLine": 5,
		"yardsGained": 5,
		"endYardLine": 0,
		"description": "Alex Hornibrook pass complete to Kyle Penniston for 5 yds for a TD (Rafael Gaglianone KICK)"
	},
	{
		"gameId": "400935421",
		"year": 2017,
		"week": 13,
		"homeId": "135",
		"homeTeam": "Minnesota",
		"homeAbbr": "MINN",
		"awayId": "275",
		"awayTeam": "Wisconsin",
		"awayAbbr": "WIS",
		"driveIndex": "11",
		"playIndex": "0",
		"offenseId": "275",
		"offenseTeam": "Wisconsin",
		"offenseAbbr": "WIS",
		"defenseId": "135",
		"defenseTeam": "Minnesota",
		"defenseAbbr": "MINN",
		"homeScore": 0,
		"awayScore": 17,
		"isScore": false,
		"quarter": 2,
		"clock": "0:50",
		"type": "Kickoff",
		"down": 1,
		"distance": 10,
		"yardLine": 65,
		"yardsGained": 0,
		"endYardLine": 25,
		"description": "Zach Hintze kickoff for 65 yds for a touchback"
	},
	{
		"gameId": "400935421",
		"year": 2017,
		"week": 13,
		"homeId": "135",
		"homeTeam": "Minnesota",
		"homeAbbr": "MINN",
		"awayId": "275",
		"awayTeam": "Wisconsin",
		"awayAbbr": "WIS",
		"driveIndex": "11",
		"playIndex": "1",
		"offenseId": "135",
		"offenseTeam": "Minnesota",
		"offenseAbbr": "MINN",
		"defenseId": "275",
		"defenseTeam": "Wisconsin",
		"defenseAbbr": "WIS",
		"homeScore": 0,
		"awayScore": 17,
		"isScore": false,
		"quarter": 2,
		"clock": "0:41",
		"type": "Rush",
		"down": 1,
		"distance": 10,
		"yardLine": 25,
		"yardsGained": 25,
		"endYardLine": 50,
		"description": "Rodney Smith run for 25 yds to the 50 yard line for a 1ST down"
	},
	{
		"gameId": "400935421",
		"year": 2017,
		"week": 13,
		"homeId": "135",
		"homeTeam": "Minnesota",
		"homeAbbr": "MINN",
		"awayId": "275",
		"awayTeam": "Wisconsin",
		"awayAbbr": "WIS",
		"driveIndex": "11",
		"playIndex": "2",
		"offenseId": "135",
		"offenseTeam": "Minnesota",
		"offenseAbbr": "MINN",
		"defenseId": "275",
		"defenseTeam": "Wisconsin",
		"defenseAbbr": "WIS",
		"homeScore": 0,
		"awayScore": 17,
		"isScore": false,
		"quarter": 2,
		"clock": "0:41",
		"type": "Timeout",
		"down": 1,
		"distance": 10,
		"yardLine": 50,
		"yardsGained": 0,
		"endYardLine": 50,
		"description": "Timeout MINNESOTA, clock 00:41"
	},
	{
		"gameId": "400935421",
		"year": 2017,
		"week": 13,
		"homeId": "135",
		"homeTeam": "Minnesota",
		"homeAbbr": "MINN",
		"awayId": "275",
		"awayTeam": "Wisconsin",
		"awayAbbr": "WIS",
		"driveIndex": "11",
		"playIndex": "3",
		"offenseId": "135",
		"offenseTeam": "Minnesota",
		"offenseAbbr": "MINN",
		"defenseId": "275",
		"defenseTeam": "Wisconsin",
		"defenseAbbr": "WIS",
		"homeScore": 0,
		"awayScore": 17,
		"isScore": false,
		"quarter": 2,
		"clock": "0:35",
		"type": "Rush",
		"down": 1,
		"distance": 10,
		"yardLine": 50,
		"yardsGained": 4,
		"endYardLine": 54,
		"description": "Demry Croft run for 4 yds to the Wisc 46"
	},
	{
		"gameId": "400935421",
		"year": 2017,
		"week": 13,
		"homeId": "135",
		"homeTeam": "Minnesota",
		"homeAbbr": "MINN",
		"awayId": "275",
		"awayTeam": "Wisconsin",
		"awayAbbr": "WIS",
		"driveIndex": "11",
		"playIndex": "4",
		"offenseId": "135",
		"offenseTeam": "Minnesota",
		"offenseAbbr": "MINN",
		"defenseId": "275",
		"defenseTeam": "Wisconsin",
		"defenseAbbr": "WIS",
		"homeScore": 0,
		"awayScore": 17,
		"isScore": false,
		"quarter": 2,
		"clock": "0:35",
		"type": "Timeout",
		"down": 2,
		"distance": 6,
		"yardLine": 54,
		"yardsGained": 0,
		"endYardLine": 54,
		"description": "Timeout MINNESOTA, clock 00:35"
	},
	{
		"gameId": "400935421",
		"year": 2017,
		"week": 13,
		"homeId": "135",
		"homeTeam": "Minnesota",
		"homeAbbr": "MINN",
		"awayId": "275",
		"awayTeam": "Wisconsin",
		"awayAbbr": "WIS",
		"driveIndex": "11",
		"playIndex": "5",
		"offenseId": "135",
		"offenseTeam": "Minnesota",
		"offenseAbbr": "MINN",
		"defenseId": "275",
		"defenseTeam": "Wisconsin",
		"defenseAbbr": "WIS",
		"homeScore": 0,
		"awayScore": 17,
		"isScore": false,
		"quarter": 2,
		"clock": "0:29",
		"type": "Penalty",
		"down": 2,
		"distance": 6,
		"yardLine": 54,
		"yardsGained": 14,
		"endYardLine": 68,
		"description": "Croft, Demry pass incomplete to Williams, Mark, PENALTY WISCONSIN pass interference (Nelson, Nick) 14 yards to the WISCONSIN32, NO PLAY, 1ST DOWN MINNESOTA."
	},
	{
		"gameId": "400935421",
		"year": 2017,
		"week": 13,
		"homeId": "135",
		"homeTeam": "Minnesota",
		"homeAbbr": "MINN",
		"awayId": "275",
		"awayTeam": "Wisconsin",
		"awayAbbr": "WIS",
		"driveIndex": "11",
		"playIndex": "6",
		"offenseId": "135",
		"offenseTeam": "Minnesota",
		"offenseAbbr": "MINN",
		"defenseId": "275",
		"defenseTeam": "Wisconsin",
		"defenseAbbr": "WIS",
		"homeScore": 0,
		"awayScore": 17,
		"isScore": false,
		"quarter": 2,
		"clock": "0:22",
		"type": "Pass Incompletion",
		"down": 1,
		"distance": 10,
		"yardLine": 68,
		"yardsGained": 0,
		"endYardLine": 68,
		"description": "Demry Croft pass incomplete to Phillip Howard"
	},
	{
		"gameId": "400935421",
		"year": 2017,
		"week": 13,
		"homeId": "135",
		"homeTeam": "Minnesota",
		"homeAbbr": "MINN",
		"awayId": "275",
		"awayTeam": "Wisconsin",
		"awayAbbr": "WIS",
		"driveIndex": "11",
		"playIndex": "7",
		"offenseId": "135",
		"offenseTeam": "Minnesota",
		"offenseAbbr": "MINN",
		"defenseId": "275",
		"defenseTeam": "Wisconsin",
		"defenseAbbr": "WIS",
		"homeScore": 0,
		"awayScore": 17,
		"isScore": false,
		"quarter": 2,
		"clock": "0:12",
		"type": "Rush",
		"down": 2,
		"distance": 10,
		"yardLine": 68,
		"yardsGained": 4,
		"endYardLine": 72,
		"description": "Rodney Smith run for 4 yds to the Wisc 28"
	},
	{
		"gameId": "400935421",
		"year": 2017,
		"week": 13,
		"homeId": "135",
		"homeTeam": "Minnesota",
		"homeAbbr": "MINN",
		"awayId": "275",
		"awayTeam": "Wisconsin",
		"awayAbbr": "WIS",
		"driveIndex": "11",
		"playIndex": "8",
		"offenseId": "135",
		"offenseTeam": "Minnesota",
		"offenseAbbr": "MINN",
		"defenseId": "275",
		"defenseTeam": "Wisconsin",
		"defenseAbbr": "WIS",
		"homeScore": 0,
		"awayScore": 17,
		"isScore": false,
		"quarter": 2,
		"clock": "0:03",
		"type": "Timeout",
		"down": 3,
		"distance": 6,
		"yardLine": 72,
		"yardsGained": 0,
		"endYardLine": 72,
		"description": "Timeout MINNESOTA, clock 00:03"
	},
	{
		"gameId": "400935421",
		"year": 2017,
		"week": 13,
		"homeId": "135",
		"homeTeam": "Minnesota",
		"homeAbbr": "MINN",
		"awayId": "275",
		"awayTeam": "Wisconsin",
		"awayAbbr": "WIS",
		"driveIndex": "11",
		"playIndex": "9",
		"offenseId": "135",
		"offenseTeam": "Minnesota",
		"offenseAbbr": "MINN",
		"defenseId": "275",
		"defenseTeam": "Wisconsin",
		"defenseAbbr": "WIS",
		"homeScore": 0,
		"awayScore": 17,
		"isScore": false,
		"quarter": 2,
		"clock": "0:03",
		"type": "Timeout",
		"down": 3,
		"distance": 6,
		"yardLine": 72,
		"yardsGained": 0,
		"endYardLine": 72,
		"description": "Timeout WISCONSIN, clock 00:03"
	},
	{
		"gameId": "400935421",
		"year": 2017,
		"week": 13,
		"homeId": "135",
		"homeTeam": "Minnesota",
		"homeAbbr": "MINN",
		"awayId": "275",
		"awayTeam": "Wisconsin",
		"awayAbbr": "WIS",
		"driveIndex": "11",
		"playIndex": "10",
		"offenseId": "135",
		"offenseTeam": "Minnesota",
		"offenseAbbr": "MINN",
		"defenseId": "275",
		"defenseTeam": "Wisconsin",
		"defenseAbbr": "WIS",
		"homeScore": 0,
		"awayScore": 17,
		"isScore": false,
		"quarter": 2,
		"clock": "0:00",
		"type": "Field Goal Missed",
		"down": 3,
		"distance": 6,
		"yardLine": 72,
		"yardsGained": 46,
		"endYardLine": 72,
		"description": "Emmit Carpenter 46 yd FG MISSED"
	},
	{
		"gameId": "400935421",
		"year": 2017,
		"week": 13,
		"homeId": "135",
		"homeTeam": "Minnesota",
		"homeAbbr": "MINN",
		"awayId": "275",
		"awayTeam": "Wisconsin",
		"awayAbbr": "WIS",
		"driveIndex": "11",
		"playIndex": "11",
		"offenseId": "135",
		"offenseTeam": "Minnesota",
		"offenseAbbr": "MINN",
		"defenseId": "275",
		"defenseTeam": "Wisconsin",
		"defenseAbbr": "WIS",
		"homeScore": 0,
		"awayScore": 17,
		"isScore": false,
		"quarter": 2,
		"clock": "0:00",
		"type": "End of Half",
		"down": 0,
		"distance": 6,
		"yardLine": 0,
		"yardsGained": 0,
		"endYardLine": 72,
		"description": "End of 2nd Quarter"
	},
	{
		"gameId": "400935421",
		"year": 2017,
		"week": 13,
		"homeId": "135",
		"homeTeam": "Minnesota",
		"homeAbbr": "MINN",
		"awayId": "275",
		"awayTeam": "Wisconsin",
		"awayAbbr": "WIS",
		"driveIndex": "12",
		"playIndex": "0",
		"offenseId": "275",
		"offenseTeam": "Wisconsin",
		"offenseAbbr": "WIS",
		"defenseId": "135",
		"defenseTeam": "Minnesota",
		"defenseAbbr": "MINN",
		"homeScore": 0,
		"awayScore": 17,
		"isScore": false,
		"quarter": 3,
		"clock": "15:00",
		"type": "Kickoff",
		"down": 1,
		"distance": 10,
		"yardLine": 65,
		"yardsGained": 0,
		"endYardLine": 25,
		"description": "Zach Hintze kickoff for 65 yds for a touchback"
	},
	{
		"gameId": "400935421",
		"year": 2017,
		"week": 13,
		"homeId": "135",
		"homeTeam": "Minnesota",
		"homeAbbr": "MINN",
		"awayId": "275",
		"awayTeam": "Wisconsin",
		"awayAbbr": "WIS",
		"driveIndex": "12",
		"playIndex": "1",
		"offenseId": "135",
		"offenseTeam": "Minnesota",
		"offenseAbbr": "MINN",
		"defenseId": "275",
		"defenseTeam": "Wisconsin",
		"defenseAbbr": "WIS",
		"homeScore": 0,
		"awayScore": 17,
		"isScore": false,
		"quarter": 3,
		"clock": "14:49",
		"type": "Rush",
		"down": 1,
		"distance": 10,
		"yardLine": 25,
		"yardsGained": 4,
		"endYardLine": 29,
		"description": "Demry Croft run for 4 yds to the Minn 29"
	},
	{
		"gameId": "400935421",
		"year": 2017,
		"week": 13,
		"homeId": "135",
		"homeTeam": "Minnesota",
		"homeAbbr": "MINN",
		"awayId": "275",
		"awayTeam": "Wisconsin",
		"awayAbbr": "WIS",
		"driveIndex": "12",
		"playIndex": "2",
		"offenseId": "135",
		"offenseTeam": "Minnesota",
		"offenseAbbr": "MINN",
		"defenseId": "275",
		"defenseTeam": "Wisconsin",
		"defenseAbbr": "WIS",
		"homeScore": 0,
		"awayScore": 17,
		"isScore": false,
		"quarter": 3,
		"clock": "14:09",
		"type": "Rush",
		"down": 2,
		"distance": 6,
		"yardLine": 29,
		"yardsGained": 5,
		"endYardLine": 34,
		"description": "Rodney Smith run for 5 yds to the Minn 34"
	},
	{
		"gameId": "400935421",
		"year": 2017,
		"week": 13,
		"homeId": "135",
		"homeTeam": "Minnesota",
		"homeAbbr": "MINN",
		"awayId": "275",
		"awayTeam": "Wisconsin",
		"awayAbbr": "WIS",
		"driveIndex": "12",
		"playIndex": "3",
		"offenseId": "135",
		"offenseTeam": "Minnesota",
		"offenseAbbr": "MINN",
		"defenseId": "275",
		"defenseTeam": "Wisconsin",
		"defenseAbbr": "WIS",
		"homeScore": 0,
		"awayScore": 17,
		"isScore": false,
		"quarter": 3,
		"clock": "13:34",
		"type": "Rush",
		"down": 3,
		"distance": 1,
		"yardLine": 34,
		"yardsGained": 7,
		"endYardLine": 41,
		"description": "Kobe McCrary run for 7 yds to the Minn 41 for a 1ST down"
	},
	{
		"gameId": "400935421",
		"year": 2017,
		"week": 13,
		"homeId": "135",
		"homeTeam": "Minnesota",
		"homeAbbr": "MINN",
		"awayId": "275",
		"awayTeam": "Wisconsin",
		"awayAbbr": "WIS",
		"driveIndex": "12",
		"playIndex": "4",
		"offenseId": "135",
		"offenseTeam": "Minnesota",
		"offenseAbbr": "MINN",
		"defenseId": "275",
		"defenseTeam": "Wisconsin",
		"defenseAbbr": "WIS",
		"homeScore": 0,
		"awayScore": 17,
		"isScore": false,
		"quarter": 3,
		"clock": "13:08",
		"type": "Pass Incompletion",
		"down": 1,
		"distance": 10,
		"yardLine": 41,
		"yardsGained": 0,
		"endYardLine": 41,
		"description": "Demry Croft pass incomplete to Nate Wozniak"
	},
	{
		"gameId": "400935421",
		"year": 2017,
		"week": 13,
		"homeId": "135",
		"homeTeam": "Minnesota",
		"homeAbbr": "MINN",
		"awayId": "275",
		"awayTeam": "Wisconsin",
		"awayAbbr": "WIS",
		"driveIndex": "12",
		"playIndex": "5",
		"offenseId": "135",
		"offenseTeam": "Minnesota",
		"offenseAbbr": "MINN",
		"defenseId": "275",
		"defenseTeam": "Wisconsin",
		"defenseAbbr": "WIS",
		"homeScore": 0,
		"awayScore": 17,
		"isScore": false,
		"quarter": 3,
		"clock": "12:57",
		"type": "Pass Reception",
		"down": 2,
		"distance": 10,
		"yardLine": 41,
		"yardsGained": 26,
		"endYardLine": 67,
		"description": "Demry Croft pass complete to Will Reger for 26 yds to the Wisc 33 for a 1ST down"
	},
	{
		"gameId": "400935421",
		"year": 2017,
		"week": 13,
		"homeId": "135",
		"homeTeam": "Minnesota",
		"homeAbbr": "MINN",
		"awayId": "275",
		"awayTeam": "Wisconsin",
		"awayAbbr": "WIS",
		"driveIndex": "12",
		"playIndex": "6",
		"offenseId": "135",
		"offenseTeam": "Minnesota",
		"offenseAbbr": "MINN",
		"defenseId": "275",
		"defenseTeam": "Wisconsin",
		"defenseAbbr": "WIS",
		"homeScore": 0,
		"awayScore": 17,
		"isScore": false,
		"quarter": 3,
		"clock": "12:13",
		"type": "Rush",
		"down": 1,
		"distance": 10,
		"yardLine": 67,
		"yardsGained": -2,
		"endYardLine": 65,
		"description": "Kobe McCrary run for a loss of 2 yards to the Wisc 35"
	},
	{
		"gameId": "400935421",
		"year": 2017,
		"week": 13,
		"homeId": "135",
		"homeTeam": "Minnesota",
		"homeAbbr": "MINN",
		"awayId": "275",
		"awayTeam": "Wisconsin",
		"awayAbbr": "WIS",
		"driveIndex": "12",
		"playIndex": "7",
		"offenseId": "135",
		"offenseTeam": "Minnesota",
		"offenseAbbr": "MINN",
		"defenseId": "275",
		"defenseTeam": "Wisconsin",
		"defenseAbbr": "WIS",
		"homeScore": 0,
		"awayScore": 17,
		"isScore": false,
		"quarter": 3,
		"clock": "11:31",
		"type": "Sack",
		"down": 2,
		"distance": 12,
		"yardLine": 65,
		"yardsGained": -12,
		"endYardLine": 53,
		"description": "Demry Croft sacked by Ryan Connelly for a loss of 12 yards to the Wisc 47"
	},
	{
		"gameId": "400935421",
		"year": 2017,
		"week": 13,
		"homeId": "135",
		"homeTeam": "Minnesota",
		"homeAbbr": "MINN",
		"awayId": "275",
		"awayTeam": "Wisconsin",
		"awayAbbr": "WIS",
		"driveIndex": "12",
		"playIndex": "8",
		"offenseId": "135",
		"offenseTeam": "Minnesota",
		"offenseAbbr": "MINN",
		"defenseId": "275",
		"defenseTeam": "Wisconsin",
		"defenseAbbr": "WIS",
		"homeScore": 0,
		"awayScore": 17,
		"isScore": false,
		"quarter": 3,
		"clock": "10:55",
		"type": "Pass Incompletion",
		"down": 3,
		"distance": 24,
		"yardLine": 53,
		"yardsGained": 0,
		"endYardLine": 53,
		"description": "Demry Croft pass incomplete to Mark Williams"
	},
	{
		"gameId": "400935421",
		"year": 2017,
		"week": 13,
		"homeId": "135",
		"homeTeam": "Minnesota",
		"homeAbbr": "MINN",
		"awayId": "275",
		"awayTeam": "Wisconsin",
		"awayAbbr": "WIS",
		"driveIndex": "12",
		"playIndex": "9",
		"offenseId": "135",
		"offenseTeam": "Minnesota",
		"offenseAbbr": "MINN",
		"defenseId": "275",
		"defenseTeam": "Wisconsin",
		"defenseAbbr": "WIS",
		"homeScore": 0,
		"awayScore": 17,
		"isScore": false,
		"quarter": 3,
		"clock": "10:45",
		"type": "Punt",
		"down": 4,
		"distance": 24,
		"yardLine": 53,
		"yardsGained": 0,
		"endYardLine": 80,
		"description": "Ryan Santoso punt for 47 yds for a touchback"
	},
	{
		"gameId": "400935421",
		"year": 2017,
		"week": 13,
		"homeId": "135",
		"homeTeam": "Minnesota",
		"homeAbbr": "MINN",
		"awayId": "275",
		"awayTeam": "Wisconsin",
		"awayAbbr": "WIS",
		"driveIndex": "13",
		"playIndex": "0",
		"offenseId": "275",
		"offenseTeam": "Wisconsin",
		"offenseAbbr": "WIS",
		"defenseId": "135",
		"defenseTeam": "Minnesota",
		"defenseAbbr": "MINN",
		"homeScore": 0,
		"awayScore": 17,
		"isScore": false,
		"quarter": 3,
		"clock": "10:35",
		"type": "Rush",
		"down": 1,
		"distance": 10,
		"yardLine": 80,
		"yardsGained": 4,
		"endYardLine": 76,
		"description": "Jonathan Taylor run for 4 yds to the Wisc 24"
	},
	{
		"gameId": "400935421",
		"year": 2017,
		"week": 13,
		"homeId": "135",
		"homeTeam": "Minnesota",
		"homeAbbr": "MINN",
		"awayId": "275",
		"awayTeam": "Wisconsin",
		"awayAbbr": "WIS",
		"driveIndex": "13",
		"playIndex": "1",
		"offenseId": "275",
		"offenseTeam": "Wisconsin",
		"offenseAbbr": "WIS",
		"defenseId": "135",
		"defenseTeam": "Minnesota",
		"defenseAbbr": "MINN",
		"homeScore": 0,
		"awayScore": 17,
		"isScore": false,
		"quarter": 3,
		"clock": "9:59",
		"type": "Rush",
		"down": 2,
		"distance": 6,
		"yardLine": 76,
		"yardsGained": 23,
		"endYardLine": 53,
		"description": "Jonathan Taylor run for 23 yds to the Wisc 47 for a 1ST down"
	},
	{
		"gameId": "400935421",
		"year": 2017,
		"week": 13,
		"homeId": "135",
		"homeTeam": "Minnesota",
		"homeAbbr": "MINN",
		"awayId": "275",
		"awayTeam": "Wisconsin",
		"awayAbbr": "WIS",
		"driveIndex": "13",
		"playIndex": "2",
		"offenseId": "275",
		"offenseTeam": "Wisconsin",
		"offenseAbbr": "WIS",
		"defenseId": "135",
		"defenseTeam": "Minnesota",
		"defenseAbbr": "MINN",
		"homeScore": 0,
		"awayScore": 17,
		"isScore": false,
		"quarter": 3,
		"clock": "9:18",
		"type": "Rush",
		"down": 1,
		"distance": 10,
		"yardLine": 53,
		"yardsGained": 5,
		"endYardLine": 48,
		"description": "Jonathan Taylor run for 5 yds to the Minn 48"
	},
	{
		"gameId": "400935421",
		"year": 2017,
		"week": 13,
		"homeId": "135",
		"homeTeam": "Minnesota",
		"homeAbbr": "MINN",
		"awayId": "275",
		"awayTeam": "Wisconsin",
		"awayAbbr": "WIS",
		"driveIndex": "13",
		"playIndex": "3",
		"offenseId": "275",
		"offenseTeam": "Wisconsin",
		"offenseAbbr": "WIS",
		"defenseId": "135",
		"defenseTeam": "Minnesota",
		"defenseAbbr": "MINN",
		"homeScore": 0,
		"awayScore": 17,
		"isScore": false,
		"quarter": 3,
		"clock": "8:36",
		"type": "Rush",
		"down": 2,
		"distance": 5,
		"yardLine": 48,
		"yardsGained": 6,
		"endYardLine": 42,
		"description": "Chris James run for 6 yds to the Minn 42 for a 1ST down"
	},
	{
		"gameId": "400935421",
		"year": 2017,
		"week": 13,
		"homeId": "135",
		"homeTeam": "Minnesota",
		"homeAbbr": "MINN",
		"awayId": "275",
		"awayTeam": "Wisconsin",
		"awayAbbr": "WIS",
		"driveIndex": "13",
		"playIndex": "4",
		"offenseId": "275",
		"offenseTeam": "Wisconsin",
		"offenseAbbr": "WIS",
		"defenseId": "135",
		"defenseTeam": "Minnesota",
		"defenseAbbr": "MINN",
		"homeScore": 0,
		"awayScore": 17,
		"isScore": false,
		"quarter": 3,
		"clock": "8:07",
		"type": "Pass Reception",
		"down": 1,
		"distance": 10,
		"yardLine": 42,
		"yardsGained": 31,
		"endYardLine": 11,
		"description": "Alex Hornibrook pass complete to Kendric Pryor for 31 yds to the Minn 11 for a 1ST down"
	},
	{
		"gameId": "400935421",
		"year": 2017,
		"week": 13,
		"homeId": "135",
		"homeTeam": "Minnesota",
		"homeAbbr": "MINN",
		"awayId": "275",
		"awayTeam": "Wisconsin",
		"awayAbbr": "WIS",
		"driveIndex": "13",
		"playIndex": "5",
		"offenseId": "275",
		"offenseTeam": "Wisconsin",
		"offenseAbbr": "WIS",
		"defenseId": "135",
		"defenseTeam": "Minnesota",
		"defenseAbbr": "MINN",
		"homeScore": 0,
		"awayScore": 17,
		"isScore": false,
		"quarter": 3,
		"clock": "7:23",
		"type": "Rush",
		"down": 1,
		"distance": 10,
		"yardLine": 11,
		"yardsGained": 5,
		"endYardLine": 6,
		"description": "Jonathan Taylor run for 5 yds to the Minn 6"
	},
	{
		"gameId": "400935421",
		"year": 2017,
		"week": 13,
		"homeId": "135",
		"homeTeam": "Minnesota",
		"homeAbbr": "MINN",
		"awayId": "275",
		"awayTeam": "Wisconsin",
		"awayAbbr": "WIS",
		"driveIndex": "13",
		"playIndex": "6",
		"offenseId": "275",
		"offenseTeam": "Wisconsin",
		"offenseAbbr": "WIS",
		"defenseId": "135",
		"defenseTeam": "Minnesota",
		"defenseAbbr": "MINN",
		"homeScore": 0,
		"awayScore": 17,
		"isScore": false,
		"quarter": 3,
		"clock": "6:38",
		"type": "Rush",
		"down": 2,
		"distance": 5,
		"yardLine": 6,
		"yardsGained": 1,
		"endYardLine": 5,
		"description": "Jonathan Taylor run for 1 yd to the Minn 5"
	},
	{
		"gameId": "400935421",
		"year": 2017,
		"week": 13,
		"homeId": "135",
		"homeTeam": "Minnesota",
		"homeAbbr": "MINN",
		"awayId": "275",
		"awayTeam": "Wisconsin",
		"awayAbbr": "WIS",
		"driveIndex": "13",
		"playIndex": "7",
		"offenseId": "275",
		"offenseTeam": "Wisconsin",
		"offenseAbbr": "WIS",
		"defenseId": "135",
		"defenseTeam": "Minnesota",
		"defenseAbbr": "MINN",
		"homeScore": 0,
		"awayScore": 24,
		"isScore": true,
		"quarter": 3,
		"clock": "6:06",
		"type": "Passing Touchdown",
		"down": 3,
		"distance": 4,
		"yardLine": 5,
		"yardsGained": 5,
		"endYardLine": 0,
		"description": "Alex Hornibrook pass complete to Danny Davis III for 5 yds for a TD (Rafael Gaglianone KICK)"
	},
	{
		"gameId": "400935421",
		"year": 2017,
		"week": 13,
		"homeId": "135",
		"homeTeam": "Minnesota",
		"homeAbbr": "MINN",
		"awayId": "275",
		"awayTeam": "Wisconsin",
		"awayAbbr": "WIS",
		"driveIndex": "14",
		"playIndex": "0",
		"offenseId": "275",
		"offenseTeam": "Wisconsin",
		"offenseAbbr": "WIS",
		"defenseId": "135",
		"defenseTeam": "Minnesota",
		"defenseAbbr": "MINN",
		"homeScore": 0,
		"awayScore": 24,
		"isScore": false,
		"quarter": 3,
		"clock": "6:06",
		"type": "Kickoff",
		"down": 3,
		"distance": 4,
		"yardLine": 65,
		"yardsGained": 0,
		"endYardLine": 25,
		"description": "Zach Hintze kickoff for 65 yds for a touchback"
	},
	{
		"gameId": "400935421",
		"year": 2017,
		"week": 13,
		"homeId": "135",
		"homeTeam": "Minnesota",
		"homeAbbr": "MINN",
		"awayId": "275",
		"awayTeam": "Wisconsin",
		"awayAbbr": "WIS",
		"driveIndex": "14",
		"playIndex": "1",
		"offenseId": "135",
		"offenseTeam": "Minnesota",
		"offenseAbbr": "MINN",
		"defenseId": "275",
		"defenseTeam": "Wisconsin",
		"defenseAbbr": "WIS",
		"homeScore": 0,
		"awayScore": 24,
		"isScore": false,
		"quarter": 3,
		"clock": "5:53",
		"type": "Rush",
		"down": 1,
		"distance": 10,
		"yardLine": 25,
		"yardsGained": 3,
		"endYardLine": 28,
		"description": "Rodney Smith run for 3 yds to the Minn 28"
	},
	{
		"gameId": "400935421",
		"year": 2017,
		"week": 13,
		"homeId": "135",
		"homeTeam": "Minnesota",
		"homeAbbr": "MINN",
		"awayId": "275",
		"awayTeam": "Wisconsin",
		"awayAbbr": "WIS",
		"driveIndex": "14",
		"playIndex": "2",
		"offenseId": "135",
		"offenseTeam": "Minnesota",
		"offenseAbbr": "MINN",
		"defenseId": "275",
		"defenseTeam": "Wisconsin",
		"defenseAbbr": "WIS",
		"homeScore": 0,
		"awayScore": 24,
		"isScore": false,
		"quarter": 3,
		"clock": "5:16",
		"type": "Rush",
		"down": 2,
		"distance": 7,
		"yardLine": 28,
		"yardsGained": 4,
		"endYardLine": 32,
		"description": "Rodney Smith run for 4 yds to the Minn 32"
	},
	{
		"gameId": "400935421",
		"year": 2017,
		"week": 13,
		"homeId": "135",
		"homeTeam": "Minnesota",
		"homeAbbr": "MINN",
		"awayId": "275",
		"awayTeam": "Wisconsin",
		"awayAbbr": "WIS",
		"driveIndex": "14",
		"playIndex": "3",
		"offenseId": "135",
		"offenseTeam": "Minnesota",
		"offenseAbbr": "MINN",
		"defenseId": "275",
		"defenseTeam": "Wisconsin",
		"defenseAbbr": "WIS",
		"homeScore": 0,
		"awayScore": 24,
		"isScore": false,
		"quarter": 3,
		"clock": "4:28",
		"type": "Rush",
		"down": 3,
		"distance": 3,
		"yardLine": 32,
		"yardsGained": 2,
		"endYardLine": 34,
		"description": "Kobe McCrary run for 2 yds to the Minn 34"
	},
	{
		"gameId": "400935421",
		"year": 2017,
		"week": 13,
		"homeId": "135",
		"homeTeam": "Minnesota",
		"homeAbbr": "MINN",
		"awayId": "275",
		"awayTeam": "Wisconsin",
		"awayAbbr": "WIS",
		"driveIndex": "14",
		"playIndex": "4",
		"offenseId": "135",
		"offenseTeam": "Minnesota",
		"offenseAbbr": "MINN",
		"defenseId": "275",
		"defenseTeam": "Wisconsin",
		"defenseAbbr": "WIS",
		"homeScore": 0,
		"awayScore": 24,
		"isScore": false,
		"quarter": 3,
		"clock": "3:50",
		"type": "Timeout",
		"down": 4,
		"distance": 1,
		"yardLine": 34,
		"yardsGained": 0,
		"endYardLine": 34,
		"description": "Timeout MINNESOTA, clock 03:50"
	},
	{
		"gameId": "400935421",
		"year": 2017,
		"week": 13,
		"homeId": "135",
		"homeTeam": "Minnesota",
		"homeAbbr": "MINN",
		"awayId": "275",
		"awayTeam": "Wisconsin",
		"awayAbbr": "WIS",
		"driveIndex": "14",
		"playIndex": "5",
		"offenseId": "135",
		"offenseTeam": "Minnesota",
		"offenseAbbr": "MINN",
		"defenseId": "275",
		"defenseTeam": "Wisconsin",
		"defenseAbbr": "WIS",
		"homeScore": 0,
		"awayScore": 24,
		"isScore": false,
		"quarter": 3,
		"clock": "3:46",
		"type": "Rush",
		"down": 4,
		"distance": 1,
		"yardLine": 34,
		"yardsGained": 1,
		"endYardLine": 35,
		"description": "Kobe McCrary run for 1 yd to the Minn 35 for a 1ST down"
	},
	{
		"gameId": "400935421",
		"year": 2017,
		"week": 13,
		"homeId": "135",
		"homeTeam": "Minnesota",
		"homeAbbr": "MINN",
		"awayId": "275",
		"awayTeam": "Wisconsin",
		"awayAbbr": "WIS",
		"driveIndex": "14",
		"playIndex": "6",
		"offenseId": "135",
		"offenseTeam": "Minnesota",
		"offenseAbbr": "MINN",
		"defenseId": "275",
		"defenseTeam": "Wisconsin",
		"defenseAbbr": "WIS",
		"homeScore": 0,
		"awayScore": 24,
		"isScore": false,
		"quarter": 3,
		"clock": "3:02",
		"type": "Rush",
		"down": 1,
		"distance": 10,
		"yardLine": 35,
		"yardsGained": -2,
		"endYardLine": 33,
		"description": "Demry Croft run for a loss of 2 yards to the Minn 33"
	},
	{
		"gameId": "400935421",
		"year": 2017,
		"week": 13,
		"homeId": "135",
		"homeTeam": "Minnesota",
		"homeAbbr": "MINN",
		"awayId": "275",
		"awayTeam": "Wisconsin",
		"awayAbbr": "WIS",
		"driveIndex": "14",
		"playIndex": "7",
		"offenseId": "135",
		"offenseTeam": "Minnesota",
		"offenseAbbr": "MINN",
		"defenseId": "275",
		"defenseTeam": "Wisconsin",
		"defenseAbbr": "WIS",
		"homeScore": 0,
		"awayScore": 24,
		"isScore": false,
		"quarter": 3,
		"clock": "2:20",
		"type": "Rush",
		"down": 2,
		"distance": 12,
		"yardLine": 33,
		"yardsGained": 2,
		"endYardLine": 35,
		"description": "Demry Croft run for 2 yds to the Minn 35"
	},
	{
		"gameId": "400935421",
		"year": 2017,
		"week": 13,
		"homeId": "135",
		"homeTeam": "Minnesota",
		"homeAbbr": "MINN",
		"awayId": "275",
		"awayTeam": "Wisconsin",
		"awayAbbr": "WIS",
		"driveIndex": "14",
		"playIndex": "8",
		"offenseId": "135",
		"offenseTeam": "Minnesota",
		"offenseAbbr": "MINN",
		"defenseId": "275",
		"defenseTeam": "Wisconsin",
		"defenseAbbr": "WIS",
		"homeScore": 0,
		"awayScore": 24,
		"isScore": false,
		"quarter": 3,
		"clock": "1:50",
		"type": "Rush",
		"down": 3,
		"distance": 10,
		"yardLine": 35,
		"yardsGained": -4,
		"endYardLine": 31,
		"description": "Kobe McCrary run for a loss of 4 yards to the Minn 31"
	},
	{
		"gameId": "400935421",
		"year": 2017,
		"week": 13,
		"homeId": "135",
		"homeTeam": "Minnesota",
		"homeAbbr": "MINN",
		"awayId": "275",
		"awayTeam": "Wisconsin",
		"awayAbbr": "WIS",
		"driveIndex": "14",
		"playIndex": "9",
		"offenseId": "135",
		"offenseTeam": "Minnesota",
		"offenseAbbr": "MINN",
		"defenseId": "275",
		"defenseTeam": "Wisconsin",
		"defenseAbbr": "WIS",
		"homeScore": 0,
		"awayScore": 24,
		"isScore": false,
		"quarter": 3,
		"clock": "1:20",
		"type": "Punt",
		"down": 4,
		"distance": 14,
		"yardLine": 31,
		"yardsGained": 0,
		"endYardLine": 70,
		"description": "Ryan Santoso punt for 39 yds, fair catch by Nick Nelson at the Wisc 30"
	},
	{
		"gameId": "400935421",
		"year": 2017,
		"week": 13,
		"homeId": "135",
		"homeTeam": "Minnesota",
		"homeAbbr": "MINN",
		"awayId": "275",
		"awayTeam": "Wisconsin",
		"awayAbbr": "WIS",
		"driveIndex": "15",
		"playIndex": "0",
		"offenseId": "275",
		"offenseTeam": "Wisconsin",
		"offenseAbbr": "WIS",
		"defenseId": "135",
		"defenseTeam": "Minnesota",
		"defenseAbbr": "MINN",
		"homeScore": 0,
		"awayScore": 24,
		"isScore": false,
		"quarter": 3,
		"clock": "1:11",
		"type": "Rush",
		"down": 1,
		"distance": 10,
		"yardLine": 70,
		"yardsGained": 15,
		"endYardLine": 55,
		"description": "Jonathan Taylor run for 15 yds to the Wisc 45 for a 1ST down"
	},
	{
		"gameId": "400935421",
		"year": 2017,
		"week": 13,
		"homeId": "135",
		"homeTeam": "Minnesota",
		"homeAbbr": "MINN",
		"awayId": "275",
		"awayTeam": "Wisconsin",
		"awayAbbr": "WIS",
		"driveIndex": "15",
		"playIndex": "1",
		"offenseId": "275",
		"offenseTeam": "Wisconsin",
		"offenseAbbr": "WIS",
		"defenseId": "135",
		"defenseTeam": "Minnesota",
		"defenseAbbr": "MINN",
		"homeScore": 0,
		"awayScore": 24,
		"isScore": false,
		"quarter": 3,
		"clock": "0:00",
		"type": "Rush",
		"down": 1,
		"distance": 10,
		"yardLine": 55,
		"yardsGained": 2,
		"endYardLine": 53,
		"description": "Jonathan Taylor run for 2 yds to the Wisc 47"
	},
	{
		"gameId": "400935421",
		"year": 2017,
		"week": 13,
		"homeId": "135",
		"homeTeam": "Minnesota",
		"homeAbbr": "MINN",
		"awayId": "275",
		"awayTeam": "Wisconsin",
		"awayAbbr": "WIS",
		"driveIndex": "15",
		"playIndex": "2",
		"offenseId": "275",
		"offenseTeam": "Wisconsin",
		"offenseAbbr": "WIS",
		"defenseId": "135",
		"defenseTeam": "Minnesota",
		"defenseAbbr": "MINN",
		"homeScore": 0,
		"awayScore": 24,
		"isScore": false,
		"quarter": 3,
		"clock": "0:00",
		"type": "End Period",
		"down": 0,
		"distance": 10,
		"yardLine": 0,
		"yardsGained": 0,
		"endYardLine": 53,
		"description": "End of 3rd Quarter"
	},
	{
		"gameId": "400935421",
		"year": 2017,
		"week": 13,
		"homeId": "135",
		"homeTeam": "Minnesota",
		"homeAbbr": "MINN",
		"awayId": "275",
		"awayTeam": "Wisconsin",
		"awayAbbr": "WIS",
		"driveIndex": "15",
		"playIndex": "3",
		"offenseId": "275",
		"offenseTeam": "Wisconsin",
		"offenseAbbr": "WIS",
		"defenseId": "135",
		"defenseTeam": "Minnesota",
		"defenseAbbr": "MINN",
		"homeScore": 0,
		"awayScore": 31,
		"isScore": true,
		"quarter": 4,
		"clock": "14:51",
		"type": "Rushing Touchdown",
		"down": 2,
		"distance": 8,
		"yardLine": 53,
		"yardsGained": 53,
		"endYardLine": 0,
		"description": "Jonathan Taylor run for 53 yds for a TD (Rafael Gaglianone KICK)"
	},
	{
		"gameId": "400935421",
		"year": 2017,
		"week": 13,
		"homeId": "135",
		"homeTeam": "Minnesota",
		"homeAbbr": "MINN",
		"awayId": "275",
		"awayTeam": "Wisconsin",
		"awayAbbr": "WIS",
		"driveIndex": "16",
		"playIndex": "0",
		"offenseId": "275",
		"offenseTeam": "Wisconsin",
		"offenseAbbr": "WIS",
		"defenseId": "135",
		"defenseTeam": "Minnesota",
		"defenseAbbr": "MINN",
		"homeScore": 0,
		"awayScore": 31,
		"isScore": false,
		"quarter": 4,
		"clock": "14:51",
		"type": "Kickoff",
		"down": 2,
		"distance": 8,
		"yardLine": 65,
		"yardsGained": 0,
		"endYardLine": 25,
		"description": "Zach Hintze kickoff for 65 yds for a touchback"
	},
	{
		"gameId": "400935421",
		"year": 2017,
		"week": 13,
		"homeId": "135",
		"homeTeam": "Minnesota",
		"homeAbbr": "MINN",
		"awayId": "275",
		"awayTeam": "Wisconsin",
		"awayAbbr": "WIS",
		"driveIndex": "16",
		"playIndex": "1",
		"offenseId": "135",
		"offenseTeam": "Minnesota",
		"offenseAbbr": "MINN",
		"defenseId": "275",
		"defenseTeam": "Wisconsin",
		"defenseAbbr": "WIS",
		"homeScore": 0,
		"awayScore": 31,
		"isScore": false,
		"quarter": 4,
		"clock": "14:44",
		"type": "Rush",
		"down": 1,
		"distance": 10,
		"yardLine": 25,
		"yardsGained": 4,
		"endYardLine": 29,
		"description": "Rodney Smith run for 4 yds to the Minn 29"
	},
	{
		"gameId": "400935421",
		"year": 2017,
		"week": 13,
		"homeId": "135",
		"homeTeam": "Minnesota",
		"homeAbbr": "MINN",
		"awayId": "275",
		"awayTeam": "Wisconsin",
		"awayAbbr": "WIS",
		"driveIndex": "16",
		"playIndex": "2",
		"offenseId": "135",
		"offenseTeam": "Minnesota",
		"offenseAbbr": "MINN",
		"defenseId": "275",
		"defenseTeam": "Wisconsin",
		"defenseAbbr": "WIS",
		"homeScore": 0,
		"awayScore": 31,
		"isScore": false,
		"quarter": 4,
		"clock": "14:04",
		"type": "Rush",
		"down": 2,
		"distance": 6,
		"yardLine": 29,
		"yardsGained": 5,
		"endYardLine": 34,
		"description": "Rodney Smith run for 5 yds to the Minn 34"
	},
	{
		"gameId": "400935421",
		"year": 2017,
		"week": 13,
		"homeId": "135",
		"homeTeam": "Minnesota",
		"homeAbbr": "MINN",
		"awayId": "275",
		"awayTeam": "Wisconsin",
		"awayAbbr": "WIS",
		"driveIndex": "16",
		"playIndex": "3",
		"offenseId": "135",
		"offenseTeam": "Minnesota",
		"offenseAbbr": "MINN",
		"defenseId": "275",
		"defenseTeam": "Wisconsin",
		"defenseAbbr": "WIS",
		"homeScore": 0,
		"awayScore": 31,
		"isScore": false,
		"quarter": 4,
		"clock": "13:29",
		"type": "Rush",
		"down": 3,
		"distance": 1,
		"yardLine": 34,
		"yardsGained": 4,
		"endYardLine": 38,
		"description": "Rodney Smith run for 4 yds to the Minn 38 for a 1ST down"
	},
	{
		"gameId": "400935421",
		"year": 2017,
		"week": 13,
		"homeId": "135",
		"homeTeam": "Minnesota",
		"homeAbbr": "MINN",
		"awayId": "275",
		"awayTeam": "Wisconsin",
		"awayAbbr": "WIS",
		"driveIndex": "16",
		"playIndex": "4",
		"offenseId": "135",
		"offenseTeam": "Minnesota",
		"offenseAbbr": "MINN",
		"defenseId": "275",
		"defenseTeam": "Wisconsin",
		"defenseAbbr": "WIS",
		"homeScore": 0,
		"awayScore": 31,
		"isScore": false,
		"quarter": 4,
		"clock": "12:49",
		"type": "Pass Incompletion",
		"down": 1,
		"distance": 10,
		"yardLine": 38,
		"yardsGained": 0,
		"endYardLine": 38,
		"description": "Demry Croft pass incomplete"
	},
	{
		"gameId": "400935421",
		"year": 2017,
		"week": 13,
		"homeId": "135",
		"homeTeam": "Minnesota",
		"homeAbbr": "MINN",
		"awayId": "275",
		"awayTeam": "Wisconsin",
		"awayAbbr": "WIS",
		"driveIndex": "16",
		"playIndex": "5",
		"offenseId": "135",
		"offenseTeam": "Minnesota",
		"offenseAbbr": "MINN",
		"defenseId": "275",
		"defenseTeam": "Wisconsin",
		"defenseAbbr": "WIS",
		"homeScore": 0,
		"awayScore": 31,
		"isScore": false,
		"quarter": 4,
		"clock": "12:40",
		"type": "Rush",
		"down": 2,
		"distance": 10,
		"yardLine": 38,
		"yardsGained": 3,
		"endYardLine": 41,
		"description": "Kobe McCrary run for 3 yds to the Minn 41"
	},
	{
		"gameId": "400935421",
		"year": 2017,
		"week": 13,
		"homeId": "135",
		"homeTeam": "Minnesota",
		"homeAbbr": "MINN",
		"awayId": "275",
		"awayTeam": "Wisconsin",
		"awayAbbr": "WIS",
		"driveIndex": "16",
		"playIndex": "6",
		"offenseId": "135",
		"offenseTeam": "Minnesota",
		"offenseAbbr": "MINN",
		"defenseId": "275",
		"defenseTeam": "Wisconsin",
		"defenseAbbr": "WIS",
		"homeScore": 0,
		"awayScore": 31,
		"isScore": false,
		"quarter": 4,
		"clock": "12:03",
		"type": "Pass Reception",
		"down": 3,
		"distance": 7,
		"yardLine": 41,
		"yardsGained": 11,
		"endYardLine": 52,
		"description": "Demry Croft pass complete to Rodney Smith for 11 yds to the Wisc 48 for a 1ST down"
	},
	{
		"gameId": "400935421",
		"year": 2017,
		"week": 13,
		"homeId": "135",
		"homeTeam": "Minnesota",
		"homeAbbr": "MINN",
		"awayId": "275",
		"awayTeam": "Wisconsin",
		"awayAbbr": "WIS",
		"driveIndex": "16",
		"playIndex": "7",
		"offenseId": "135",
		"offenseTeam": "Minnesota",
		"offenseAbbr": "MINN",
		"defenseId": "275",
		"defenseTeam": "Wisconsin",
		"defenseAbbr": "WIS",
		"homeScore": 0,
		"awayScore": 31,
		"isScore": false,
		"quarter": 4,
		"clock": "11:42",
		"type": "Rush",
		"down": 1,
		"distance": 10,
		"yardLine": 52,
		"yardsGained": 4,
		"endYardLine": 56,
		"description": "Rodney Smith run for 4 yds to the Wisc 44"
	},
	{
		"gameId": "400935421",
		"year": 2017,
		"week": 13,
		"homeId": "135",
		"homeTeam": "Minnesota",
		"homeAbbr": "MINN",
		"awayId": "275",
		"awayTeam": "Wisconsin",
		"awayAbbr": "WIS",
		"driveIndex": "16",
		"playIndex": "8",
		"offenseId": "135",
		"offenseTeam": "Minnesota",
		"offenseAbbr": "MINN",
		"defenseId": "275",
		"defenseTeam": "Wisconsin",
		"defenseAbbr": "WIS",
		"homeScore": 0,
		"awayScore": 31,
		"isScore": false,
		"quarter": 4,
		"clock": "11:06",
		"type": "Rush",
		"down": 2,
		"distance": 6,
		"yardLine": 56,
		"yardsGained": 10,
		"endYardLine": 66,
		"description": "Rodney Smith run for 10 yds to the Wisc 34 for a 1ST down"
	},
	{
		"gameId": "400935421",
		"year": 2017,
		"week": 13,
		"homeId": "135",
		"homeTeam": "Minnesota",
		"homeAbbr": "MINN",
		"awayId": "275",
		"awayTeam": "Wisconsin",
		"awayAbbr": "WIS",
		"driveIndex": "16",
		"playIndex": "9",
		"offenseId": "135",
		"offenseTeam": "Minnesota",
		"offenseAbbr": "MINN",
		"defenseId": "275",
		"defenseTeam": "Wisconsin",
		"defenseAbbr": "WIS",
		"homeScore": 0,
		"awayScore": 31,
		"isScore": false,
		"quarter": 4,
		"clock": "10:27",
		"type": "Rush",
		"down": 1,
		"distance": 10,
		"yardLine": 66,
		"yardsGained": 4,
		"endYardLine": 70,
		"description": "Rodney Smith run for 4 yds to the Wisc 30"
	},
	{
		"gameId": "400935421",
		"year": 2017,
		"week": 13,
		"homeId": "135",
		"homeTeam": "Minnesota",
		"homeAbbr": "MINN",
		"awayId": "275",
		"awayTeam": "Wisconsin",
		"awayAbbr": "WIS",
		"driveIndex": "16",
		"playIndex": "10",
		"offenseId": "135",
		"offenseTeam": "Minnesota",
		"offenseAbbr": "MINN",
		"defenseId": "275",
		"defenseTeam": "Wisconsin",
		"defenseAbbr": "WIS",
		"homeScore": 0,
		"awayScore": 31,
		"isScore": false,
		"quarter": 4,
		"clock": "9:42",
		"type": "Rush",
		"down": 2,
		"distance": 6,
		"yardLine": 70,
		"yardsGained": 1,
		"endYardLine": 71,
		"description": "Kobe McCrary run for 1 yd to the Wisc 29"
	},
	{
		"gameId": "400935421",
		"year": 2017,
		"week": 13,
		"homeId": "135",
		"homeTeam": "Minnesota",
		"homeAbbr": "MINN",
		"awayId": "275",
		"awayTeam": "Wisconsin",
		"awayAbbr": "WIS",
		"driveIndex": "16",
		"playIndex": "11",
		"offenseId": "135",
		"offenseTeam": "Minnesota",
		"offenseAbbr": "MINN",
		"defenseId": "275",
		"defenseTeam": "Wisconsin",
		"defenseAbbr": "WIS",
		"homeScore": 0,
		"awayScore": 31,
		"isScore": false,
		"quarter": 4,
		"clock": "9:02",
		"type": "Rush",
		"down": 3,
		"distance": 5,
		"yardLine": 71,
		"yardsGained": -1,
		"endYardLine": 70,
		"description": "Demry Croft run for a loss of 1 yard to the Wisc 30"
	},
	{
		"gameId": "400935421",
		"year": 2017,
		"week": 13,
		"homeId": "135",
		"homeTeam": "Minnesota",
		"homeAbbr": "MINN",
		"awayId": "275",
		"awayTeam": "Wisconsin",
		"awayAbbr": "WIS",
		"driveIndex": "16",
		"playIndex": "12",
		"offenseId": "135",
		"offenseTeam": "Minnesota",
		"offenseAbbr": "MINN",
		"defenseId": "275",
		"defenseTeam": "Wisconsin",
		"defenseAbbr": "WIS",
		"homeScore": 0,
		"awayScore": 31,
		"isScore": false,
		"quarter": 4,
		"clock": "8:28",
		"type": "Field Goal Missed",
		"down": 4,
		"distance": 6,
		"yardLine": 70,
		"yardsGained": 48,
		"endYardLine": 70,
		"description": "Emmit Carpenter 48 yd FG MISSED"
	},
	{
		"gameId": "400935421",
		"year": 2017,
		"week": 13,
		"homeId": "135",
		"homeTeam": "Minnesota",
		"homeAbbr": "MINN",
		"awayId": "275",
		"awayTeam": "Wisconsin",
		"awayAbbr": "WIS",
		"driveIndex": "17",
		"playIndex": "0",
		"offenseId": "275",
		"offenseTeam": "Wisconsin",
		"offenseAbbr": "WIS",
		"defenseId": "135",
		"defenseTeam": "Minnesota",
		"defenseAbbr": "MINN",
		"homeScore": 0,
		"awayScore": 31,
		"isScore": false,
		"quarter": 4,
		"clock": "8:17",
		"type": "Rush",
		"down": 1,
		"distance": 10,
		"yardLine": 70,
		"yardsGained": 6,
		"endYardLine": 64,
		"description": "Chris James run for 6 yds to the Wisc 36"
	},
	{
		"gameId": "400935421",
		"year": 2017,
		"week": 13,
		"homeId": "135",
		"homeTeam": "Minnesota",
		"homeAbbr": "MINN",
		"awayId": "275",
		"awayTeam": "Wisconsin",
		"awayAbbr": "WIS",
		"driveIndex": "17",
		"playIndex": "1",
		"offenseId": "275",
		"offenseTeam": "Wisconsin",
		"offenseAbbr": "WIS",
		"defenseId": "135",
		"defenseTeam": "Minnesota",
		"defenseAbbr": "MINN",
		"homeScore": 0,
		"awayScore": 31,
		"isScore": false,
		"quarter": 4,
		"clock": "7:44",
		"type": "Rush",
		"down": 2,
		"distance": 4,
		"yardLine": 64,
		"yardsGained": 6,
		"endYardLine": 58,
		"description": "Chris James run for 6 yds to the Wisc 42 for a 1ST down"
	},
	{
		"gameId": "400935421",
		"year": 2017,
		"week": 13,
		"homeId": "135",
		"homeTeam": "Minnesota",
		"homeAbbr": "MINN",
		"awayId": "275",
		"awayTeam": "Wisconsin",
		"awayAbbr": "WIS",
		"driveIndex": "17",
		"playIndex": "2",
		"offenseId": "275",
		"offenseTeam": "Wisconsin",
		"offenseAbbr": "WIS",
		"defenseId": "135",
		"defenseTeam": "Minnesota",
		"defenseAbbr": "MINN",
		"homeScore": 0,
		"awayScore": 31,
		"isScore": false,
		"quarter": 4,
		"clock": "6:58",
		"type": "Rush",
		"down": 1,
		"distance": 10,
		"yardLine": 58,
		"yardsGained": 6,
		"endYardLine": 52,
		"description": "Garrett Groshek run for 6 yds to the Wisc 48"
	},
	{
		"gameId": "400935421",
		"year": 2017,
		"week": 13,
		"homeId": "135",
		"homeTeam": "Minnesota",
		"homeAbbr": "MINN",
		"awayId": "275",
		"awayTeam": "Wisconsin",
		"awayAbbr": "WIS",
		"driveIndex": "17",
		"playIndex": "3",
		"offenseId": "275",
		"offenseTeam": "Wisconsin",
		"offenseAbbr": "WIS",
		"defenseId": "135",
		"defenseTeam": "Minnesota",
		"defenseAbbr": "MINN",
		"homeScore": 0,
		"awayScore": 31,
		"isScore": false,
		"quarter": 4,
		"clock": "6:24",
		"type": "Penalty",
		"down": 2,
		"distance": 4,
		"yardLine": 52,
		"yardsGained": -5,
		"endYardLine": 57,
		"description": "WISCONSIN Penalty, False Start (Alec Ingold) to the Wisc 43"
	},
	{
		"gameId": "400935421",
		"year": 2017,
		"week": 13,
		"homeId": "135",
		"homeTeam": "Minnesota",
		"homeAbbr": "MINN",
		"awayId": "275",
		"awayTeam": "Wisconsin",
		"awayAbbr": "WIS",
		"driveIndex": "17",
		"playIndex": "4",
		"offenseId": "275",
		"offenseTeam": "Wisconsin",
		"offenseAbbr": "WIS",
		"defenseId": "135",
		"defenseTeam": "Minnesota",
		"defenseAbbr": "MINN",
		"homeScore": 0,
		"awayScore": 31,
		"isScore": false,
		"quarter": 4,
		"clock": "5:53",
		"type": "Rush",
		"down": 2,
		"distance": 9,
		"yardLine": 57,
		"yardsGained": 0,
		"endYardLine": 57,
		"description": "Garrett Groshek run for no gain to the Wisc 43"
	},
	{
		"gameId": "400935421",
		"year": 2017,
		"week": 13,
		"homeId": "135",
		"homeTeam": "Minnesota",
		"homeAbbr": "MINN",
		"awayId": "275",
		"awayTeam": "Wisconsin",
		"awayAbbr": "WIS",
		"driveIndex": "17",
		"playIndex": "5",
		"offenseId": "275",
		"offenseTeam": "Wisconsin",
		"offenseAbbr": "WIS",
		"defenseId": "135",
		"defenseTeam": "Minnesota",
		"defenseAbbr": "MINN",
		"homeScore": 0,
		"awayScore": 31,
		"isScore": false,
		"quarter": 4,
		"clock": "5:15",
		"type": "Pass Reception",
		"down": 3,
		"distance": 9,
		"yardLine": 57,
		"yardsGained": 7,
		"endYardLine": 50,
		"description": "Jack Coan pass complete to Rachid Ibrahim for 7 yds to the 50 yard line"
	},
	{
		"gameId": "400935421",
		"year": 2017,
		"week": 13,
		"homeId": "135",
		"homeTeam": "Minnesota",
		"homeAbbr": "MINN",
		"awayId": "275",
		"awayTeam": "Wisconsin",
		"awayAbbr": "WIS",
		"driveIndex": "17",
		"playIndex": "6",
		"offenseId": "275",
		"offenseTeam": "Wisconsin",
		"offenseAbbr": "WIS",
		"defenseId": "135",
		"defenseTeam": "Minnesota",
		"defenseAbbr": "MINN",
		"homeScore": 0,
		"awayScore": 31,
		"isScore": false,
		"quarter": 4,
		"clock": "4:29",
		"type": "Punt",
		"down": 4,
		"distance": 2,
		"yardLine": 50,
		"yardsGained": 0,
		"endYardLine": 12,
		"description": "Connor Allen punt for 38 yds, fair catch by Antonio Shenault at the Minn 12"
	},
	{
		"gameId": "400935421",
		"year": 2017,
		"week": 13,
		"homeId": "135",
		"homeTeam": "Minnesota",
		"homeAbbr": "MINN",
		"awayId": "275",
		"awayTeam": "Wisconsin",
		"awayAbbr": "WIS",
		"driveIndex": "18",
		"playIndex": "0",
		"offenseId": "135",
		"offenseTeam": "Minnesota",
		"offenseAbbr": "MINN",
		"defenseId": "275",
		"defenseTeam": "Wisconsin",
		"defenseAbbr": "WIS",
		"homeScore": 0,
		"awayScore": 31,
		"isScore": false,
		"quarter": 4,
		"clock": "4:19",
		"type": "Rush",
		"down": 1,
		"distance": 10,
		"yardLine": 12,
		"yardsGained": 6,
		"endYardLine": 18,
		"description": "Kobe McCrary run for 6 yds to the Minn 18"
	},
	{
		"gameId": "400935421",
		"year": 2017,
		"week": 13,
		"homeId": "135",
		"homeTeam": "Minnesota",
		"homeAbbr": "MINN",
		"awayId": "275",
		"awayTeam": "Wisconsin",
		"awayAbbr": "WIS",
		"driveIndex": "18",
		"playIndex": "1",
		"offenseId": "135",
		"offenseTeam": "Minnesota",
		"offenseAbbr": "MINN",
		"defenseId": "275",
		"defenseTeam": "Wisconsin",
		"defenseAbbr": "WIS",
		"homeScore": 0,
		"awayScore": 31,
		"isScore": false,
		"quarter": 4,
		"clock": "3:49",
		"type": "Rush",
		"down": 2,
		"distance": 4,
		"yardLine": 18,
		"yardsGained": 2,
		"endYardLine": 20,
		"description": "Kobe McCrary run for 2 yds to the Minn 20"
	},
	{
		"gameId": "400935421",
		"year": 2017,
		"week": 13,
		"homeId": "135",
		"homeTeam": "Minnesota",
		"homeAbbr": "MINN",
		"awayId": "275",
		"awayTeam": "Wisconsin",
		"awayAbbr": "WIS",
		"driveIndex": "18",
		"playIndex": "2",
		"offenseId": "135",
		"offenseTeam": "Minnesota",
		"offenseAbbr": "MINN",
		"defenseId": "275",
		"defenseTeam": "Wisconsin",
		"defenseAbbr": "WIS",
		"homeScore": 0,
		"awayScore": 31,
		"isScore": false,
		"quarter": 4,
		"clock": "3:01",
		"type": "Rush",
		"down": 3,
		"distance": 2,
		"yardLine": 20,
		"yardsGained": 0,
		"endYardLine": 20,
		"description": "Kobe McCrary run for no gain to the Minn 20"
	},
	{
		"gameId": "400935421",
		"year": 2017,
		"week": 13,
		"homeId": "135",
		"homeTeam": "Minnesota",
		"homeAbbr": "MINN",
		"awayId": "275",
		"awayTeam": "Wisconsin",
		"awayAbbr": "WIS",
		"driveIndex": "18",
		"playIndex": "3",
		"offenseId": "135",
		"offenseTeam": "Minnesota",
		"offenseAbbr": "MINN",
		"defenseId": "275",
		"defenseTeam": "Wisconsin",
		"defenseAbbr": "WIS",
		"homeScore": 0,
		"awayScore": 31,
		"isScore": false,
		"quarter": 4,
		"clock": "2:25",
		"type": "Punt",
		"down": 4,
		"distance": 2,
		"yardLine": 20,
		"yardsGained": 0,
		"endYardLine": 66,
		"description": "Ryan Santoso punt for 46 yds, fair catch by Nick Nelson at the Wisc 34"
	},
	{
		"gameId": "400935421",
		"year": 2017,
		"week": 13,
		"homeId": "135",
		"homeTeam": "Minnesota",
		"homeAbbr": "MINN",
		"awayId": "275",
		"awayTeam": "Wisconsin",
		"awayAbbr": "WIS",
		"driveIndex": "19",
		"playIndex": "0",
		"offenseId": "275",
		"offenseTeam": "Wisconsin",
		"offenseAbbr": "WIS",
		"defenseId": "135",
		"defenseTeam": "Minnesota",
		"defenseAbbr": "MINN",
		"homeScore": 0,
		"awayScore": 31,
		"isScore": false,
		"quarter": 4,
		"clock": "2:03",
		"type": "Fumble Recovery (Own)",
		"down": 1,
		"distance": 10,
		"yardLine": 66,
		"yardsGained": -4,
		"endYardLine": 70,
		"description": "TEAM run for a loss of 4 yards to the Wisc 30 TEAM fumbled, recovered by Wisc Jack Coan"
	},
	{
		"gameId": "400935421",
		"year": 2017,
		"week": 13,
		"homeId": "135",
		"homeTeam": "Minnesota",
		"homeAbbr": "MINN",
		"awayId": "275",
		"awayTeam": "Wisconsin",
		"awayAbbr": "WIS",
		"driveIndex": "19",
		"playIndex": "1",
		"offenseId": "275",
		"offenseTeam": "Wisconsin",
		"offenseAbbr": "WIS",
		"defenseId": "135",
		"defenseTeam": "Minnesota",
		"defenseAbbr": "MINN",
		"homeScore": 0,
		"awayScore": 31,
		"isScore": false,
		"quarter": 4,
		"clock": "1:27",
		"type": "Rush",
		"down": 2,
		"distance": 14,
		"yardLine": 70,
		"yardsGained": 4,
		"endYardLine": 66,
		"description": "Chris James run for 4 yds to the Wisc 34"
	},
	{
		"gameId": "400935421",
		"year": 2017,
		"week": 13,
		"homeId": "135",
		"homeTeam": "Minnesota",
		"homeAbbr": "MINN",
		"awayId": "275",
		"awayTeam": "Wisconsin",
		"awayAbbr": "WIS",
		"driveIndex": "19",
		"playIndex": "2",
		"offenseId": "275",
		"offenseTeam": "Wisconsin",
		"offenseAbbr": "WIS",
		"defenseId": "135",
		"defenseTeam": "Minnesota",
		"defenseAbbr": "MINN",
		"homeScore": 0,
		"awayScore": 31,
		"isScore": false,
		"quarter": 4,
		"clock": "1:00",
		"type": "Pass Reception",
		"down": 3,
		"distance": 10,
		"yardLine": 66,
		"yardsGained": 11,
		"endYardLine": 55,
		"description": "Jack Coan pass complete to Kyle Penniston for 11 yds to the Wisc 45 for a 1ST down"
	},
	{
		"gameId": "400935421",
		"year": 2017,
		"week": 13,
		"homeId": "135",
		"homeTeam": "Minnesota",
		"homeAbbr": "MINN",
		"awayId": "275",
		"awayTeam": "Wisconsin",
		"awayAbbr": "WIS",
		"driveIndex": "19",
		"playIndex": "3",
		"offenseId": "275",
		"offenseTeam": "Wisconsin",
		"offenseAbbr": "WIS",
		"defenseId": "135",
		"defenseTeam": "Minnesota",
		"defenseAbbr": "MINN",
		"homeScore": 0,
		"awayScore": 31,
		"isScore": false,
		"quarter": 4,
		"clock": "0:00",
		"type": "Rush",
		"down": 1,
		"distance": 10,
		"yardLine": 55,
		"yardsGained": 8,
		"endYardLine": 47,
		"description": "Garrett Groshek run for 8 yds to the Minn 47"
	},
	{
		"gameId": "400935421",
		"year": 2017,
		"week": 13,
		"homeId": "135",
		"homeTeam": "Minnesota",
		"homeAbbr": "MINN",
		"awayId": "275",
		"awayTeam": "Wisconsin",
		"awayAbbr": "WIS",
		"driveIndex": "19",
		"playIndex": "4",
		"offenseId": "275",
		"offenseTeam": "Wisconsin",
		"offenseAbbr": "WIS",
		"defenseId": "135",
		"defenseTeam": "Minnesota",
		"defenseAbbr": "MINN",
		"homeScore": 0,
		"awayScore": 31,
		"isScore": false,
		"quarter": 4,
		"clock": "0:00",
		"type": "End of Game",
		"down": 0,
		"distance": 10,
		"yardLine": 0,
		"yardsGained": 0,
		"endYardLine": 47,
		"description": "End of 4th Quarter"
	}
]